#
# A fatal error has been detected by the Java Runtime Environment:
#
#  EXCEPTION_ACCESS_VIOLATION (0xc0000005) at pc=0x00007ff96a994fc8, pid=16976, tid=8136
#
# JRE version: OpenJDK Runtime Environment Temurin-21.0.5+11 (21.0.5+11) (build 21.0.5+11-LTS)
# Java VM: OpenJDK 64-Bit Server VM Temurin-21.0.5+11 (21.0.5+11-LTS, mixed mode, sharing, tiered, compressed oops, compressed class ptrs, g1 gc, windows-amd64)
# Problematic frame:
# C  0x00007ff96a994fc8
#
# No core dump will be written. Minidumps are not enabled by default on client versions of Windows
#
# If you would like to submit a bug report, please visit:
#   https://github.com/adoptium/adoptium-support/issues
# The crash happened outside the Java Virtual Machine in native code.
# See problematic frame for where to report the bug.
#

---------------  S U M M A R Y ------------

Command Line: -Dsun.java2d.pmoffscreen=false -Dhttps.protocols=TLSv1,TLSv1.1,TLSv1.2 -Dsun.java2d.xrender=false -Dsun.java2d.d3d=false -Dsun.awt.nopixfmt=true -Dsun.java2d.dpiaware=true -Dsun.java2d.uiScale.enabled=false -Dswing.aatext=true -XX:-UsePerfData -Djdk.map.althashing.threshold=512 -XX:StringTableSize=4072 -XX:+UseStringDeduplication -XX:MaxGCPauseMillis=200 -XX:ParallelGCThreads=4 -XX:+ParallelRefProcEnabled --add-opens=java.desktop/javax.swing.plaf.synth=ALL-UNNAMED --add-opens=java.base/java.nio=ALL-UNNAMED --add-opens=java.desktop/sun.swing=ALL-UNNAMED --add-opens=java.desktop/javax.swing=ALL-UNNAMED --add-opens=java.desktop/javax.swing.tree=ALL-UNNAMED --add-opens=java.desktop/javax.swing.plaf.basic=ALL-UNNAMED --add-opens=java.desktop/javax.swing.plaf.synth=ALL-UNNAMED --add-opens=java.desktop/javax.swing.plaf.basic=ALL-UNNAMED --add-opens=java.desktop/javax.swing=ALL-UNNAMED --add-opens=java.desktop/javax.swing.tree=ALL-UNNAMED --add-opens=java.desktop/java.awt.event=ALL-UNNAMED --add-exports=java.desktop/javax.swing.plaf.synth=ALL-UNNAMED --add-exports=java.base/java.nio=ALL-UNNAMED --add-exports=java.desktop/sun.swing=ALL-UNNAMED --add-exports=java.desktop/javax.swing=ALL-UNNAMED --add-exports=java.desktop/javax.swing.tree=ALL-UNNAMED --add-exports=java.desktop/javax.swing.plaf.basic=ALL-UNNAMED --add-exports=java.desktop/sun.swing=ALL-UNNAMED --add-exports=java.desktop/sun.swing.table=ALL-UNNAMED --add-exports=java.desktop/sun.swing.plaf.synth=ALL-UNNAMED --add-exports=java.desktop/sun.awt.shell=ALL-UNNAMED --add-exports=java.base/sun.security.action=ALL-UNNAMED --add-exports=java.desktop/sun.font=ALL-UNNAMED -XX:NewSize=80m -XX:MaxNewSize=80m -Xms812m -Xmx6144m -Xss10m 

Host: AMD Ryzen 5 3600X 6-Core Processor             , 12 cores, 31G,  Windows 11 , 64 bit Build 26100 (10.0.26100.7623)
Time: Thu Jan 29 15:42:54 2026 Romance Standard Time elapsed time: 4508.825006 seconds (0d 1h 15m 8s)

---------------  T H R E A D  ---------------

Current thread (0x0000017afe1ffb40):  JavaThread "AWT-EventQueue-0"        [_thread_in_native, id=8136, stack(0x000000512c800000,0x000000512d200000) (10240K)]

Stack: [0x000000512c800000,0x000000512d200000],  sp=0x000000512d1fe6c0,  free space=10233k
Native frames: (J=compiled Java code, j=interpreted, Vv=VM code, C=native code)
C  0x00007ff96a994fc8
C  0x00007ff96a9940e2
C  0x00007ff96aba95e9
C  0x0000017ae6ed6f48

The last pc belongs to native nmethod (printed below).
Java frames: (J=compiled Java code, j=interpreted, Vv=VM code)
J 37515  ui.data.srcscan.srcscani.EditorAssist_createParseInfoIter(JLjava/lang/String;)J (0 bytes) @ 0x0000017ae6ed6ead [0x0000017ae6ed6e40+0x000000000000006d]
j  ui.h.a.c.ado(Ljava/lang/String;)J+14
j  ui.h.a.d.jtB()V+68
j  ui.h.a.c.jtB()V+4
j  ui.views.X.a.a.mvC()V+25
j  ui.views.X.a.a.mvy()V+38
j  ui.views.X.a.i.finished()V+20
J 18204 c1 ui.frmwork.C.run()V (15 bytes) @ 0x0000017ade3ba284 [0x0000017ade3b9e00+0x0000000000000484]
J 13140 c2 java.awt.EventQueue.dispatchEvent(Ljava/awt/AWTEvent;)V java.desktop@21.0.5 (80 bytes) @ 0x0000017ae5cf9474 [0x0000017ae5cf8ea0+0x00000000000005d4]
J 27885 c2 ui.frmwork.a.d.dispatchEvent(Ljava/awt/AWTEvent;)V (41 bytes) @ 0x0000017ae6976a6c [0x0000017ae69763c0+0x00000000000006ac]
J 15609 c2 java.awt.EventDispatchThread.pumpOneEventForFilters(I)V java.desktop@21.0.5 (106 bytes) @ 0x0000017ae651f230 [0x0000017ae651ee80+0x00000000000003b0]
J 24634% c2 java.awt.EventDispatchThread.pumpEventsForFilter(ILjava/awt/Conditional;Ljava/awt/EventFilter;)V java.desktop@21.0.5 (47 bytes) @ 0x0000017ae631fcdc [0x0000017ae631fc40+0x000000000000009c]
j  java.awt.EventDispatchThread.pumpEventsForHierarchy(ILjava/awt/Conditional;Ljava/awt/Component;)V+11 java.desktop@21.0.5
j  java.awt.EventDispatchThread.pumpEvents(ILjava/awt/Conditional;)V+4 java.desktop@21.0.5
j  java.awt.EventDispatchThread.pumpEvents(Ljava/awt/Conditional;)V+3 java.desktop@21.0.5
j  java.awt.EventDispatchThread.run()V+9 java.desktop@21.0.5
v  ~StubRoutines::call_stub 0x0000017ae568100d

siginfo: EXCEPTION_ACCESS_VIOLATION (0xc0000005), reading address 0xffffffffffffffff


Registers:
RAX=0x0000000000000001, RBX=0x0000017b15748818, RCX=0x0000017ac89d3320, RDX=0x88046800f0ab6034
RSP=0x000000512d1fe6c0, RBP=0x000000512d1fe940, RSI=0x0000000000000000, RDI=0x0000017ac4dc1bb0
R8 =0x0000000000000000, R9 =0x0000005121afa000, R10=0x0000017acb140000, R11=0x4014014014001000
R12=0x0000017afe8d3310, R13=0x0000000000000064, R14=0x0000000000000000, R15=0x0000017b0a4a0170
RIP=0x00007ff96a994fc8, EFLAGS=0x0000000000010256


Register to memory mapping:

RAX=0x0000000000000001 is an unknown value
RBX=0x0000017b15748818 points into unknown readable memory: 0x88046800f0ab6034 | 34 60 ab f0 00 68 04 88
RCX=0x0000017ac89d3320 points into unknown readable memory: 0x0000000000000000 | 00 00 00 00 00 00 00 00
RDX=0x88046800f0ab6034 is an unknown value
RSP=0x000000512d1fe6c0 is pointing into the stack for thread: 0x0000017afe1ffb40
RBP=0x000000512d1fe940 is pointing into the stack for thread: 0x0000017afe1ffb40
RSI=0x0 is null
RDI=0x0000017ac4dc1bb0 points into unknown readable memory: 0x00007ff96addabf0 | f0 ab dd 6a f9 7f 00 00
R8 =0x0 is null
R9 =0x0000005121afa000 points into unknown readable memory: 0x0000000000000000 | 00 00 00 00 00 00 00 00
R10=0x0000017acb140000 points into unknown readable memory: 0x0000000000000000 | 00 00 00 00 00 00 00 00
R11=0x4014014014001000 is an unknown value
R12=0x0000017afe8d3310 points into unknown readable memory: 0x0000017ac30b46c0 | c0 46 0b c3 7a 01 00 00
R13=0x0000000000000064 is an unknown value
R14=0x0 is null
R15=0x0000017b0a4a0170 points into unknown readable memory: 0x0055005c003a0043 | 43 00 3a 00 5c 00 55 00

Top of Stack: (sp=0x000000512d1fe6c0)
0x000000512d1fe6c0:   000000512d1fe700 0000005100000000
0x000000512d1fe6d0:   000000512d1fe940 0000017b0a4a009a
0x000000512d1fe6e0:   0000000000000000 000000512d1fe830
0x000000512d1fe6f0:   0000000000000000 000000000000000f
0x000000512d1fe700:   0000017ac5b81200 0000017a803810b8
0x000000512d1fe710:   0000000000000000 000000000000000f
0x000000512d1fe720:   000019c43fd3bb8e 0000017ac4dc1bb0
0x000000512d1fe730:   0000017afe8d3310 0000017ac4dc1bb0
0x000000512d1fe740:   000000512d1fe940 00007ff96a9940e2
0x000000512d1fe750:   726f7774656e5f6e 00007ff96addc798
0x000000512d1fe760:   0000000000000055 000000512d1fe850
0x000000512d1fe770:   74616c756d69735c 6579614c5f6e6f69
0x000000512d1fe780:   0000006468762e72 0000000000000010
0x000000512d1fe790:   00007ffa4eda88b0 00007ffa4ec80139
0x000000512d1fe7a0:   0000017afa28c2f0 0000017afe8d3310
0x000000512d1fe7b0:   0000000000000009 0000017a000b0101
0x000000512d1fe7c0:   0000000000000001 00007ff9994ef801
0x000000512d1fe7d0:   0000000000000001 0000017ad59ff268
0x000000512d1fe7e0:   0000017ad59ff268 00007ff99f587261
0x000000512d1fe7f0:   0000017b0a49fff0 00007ff998eefa00
0x000000512d1fe800:   000000512d1fea90 00007ff9a0b16204
0x000000512d1fe810:   0000017b0a49fff0 0000000000000018
0x000000512d1fe820:   0000000000000010 00007ff99f587ea6
0x000000512d1fe830:   000000512d1fe960 315f6e6769736564
0x000000512d1fe840:   000031527158d981 3b3b3b3b3b3b3b3b
0x000000512d1fe850:   3b3b3b3b3b3b3b3b 00007ff99f7c2403
0x000000512d1fe860:   0000017b0a49fff0 0000017b0a4a009a
0x000000512d1fe870:   000000512d1fe940 0000017ad2906810
0x000000512d1fe880:   000019c43fd3ba1e 0000017b0a4a009a
0x000000512d1fe890:   0000017b0a4a0170 0000000000000054
0x000000512d1fe8a0:   0000000000000064 0000017afe8d3310
0x000000512d1fe8b0:   0000017afe1ffef8 0000000000000000 

Instructions: (pc=0x00007ff96a994fc8)
0x00007ff96a994ec8:   c0 f8 48 83 f8 1f 76 07 ff 15 d2 59 42 00 cc e8
0x00007ff96a994ed8:   fc 40 2f 00 48 c7 44 24 38 00 00 00 00 48 c7 44
0x00007ff96a994ee8:   24 40 0f 00 00 00 c6 44 24 28 00 48 8b cb e8 0d
0x00007ff96a994ef8:   37 2f 00 48 8b c6 48 8b 4c 24 48 48 33 cc e8 b5
0x00007ff96a994f08:   49 2f 00 48 8b 9c 24 88 00 00 00 48 83 c4 50 5f
0x00007ff96a994f18:   5e 5d c3 8b c8 e8 ec 36 2f 00 cc cc cc cc cc cc
0x00007ff96a994f28:   cc cc cc cc cc cc cc cc b8 02 00 00 00 c3 cc cc
0x00007ff96a994f38:   cc cc cc cc cc cc cc cc 8b 01 90 c3 cc cc cc cc
0x00007ff96a994f48:   cc cc cc cc cc cc cc cc 48 89 5c 24 18 48 89 6c
0x00007ff96a994f58:   24 20 56 57 41 56 48 83 ec 70 48 8b 05 df a9 62
0x00007ff96a994f68:   00 48 33 c4 48 89 44 24 60 48 8b ea 48 8b f9 48
0x00007ff96a994f78:   8b 01 48 8b 40 08 ff 15 14 7a 42 00 8b f0 85 c0
0x00007ff96a994f88:   0f 85 27 01 00 00 48 8b 5f 08 48 83 c3 08 48 3b
0x00007ff96a994f98:   5f 10 0f 84 15 01 00 00 45 33 f6 48 8b 13 4c 89
0x00007ff96a994fa8:   74 24 20 4c 89 74 24 30 48 c7 44 24 38 0f 00 00
0x00007ff96a994fb8:   00 c6 44 24 20 00 49 c7 c0 ff ff ff ff 49 ff c0
0x00007ff96a994fc8:   42 80 3c 02 00 75 f6 48 8d 4c 24 20 e8 57 a3 de
0x00007ff96a994fd8:   ff 90 48 8d 54 24 20 48 8d 4c 24 40 ff 15 0e 5d
0x00007ff96a994fe8:   42 00 90 48 8b d5 48 8d 4c 24 40 ff 15 c7 61 42
0x00007ff96a994ff8:   00 84 c0 75 55 48 8d 4c 24 40 ff 15 f8 5c 42 00
0x00007ff96a995008:   90 48 8b 54 24 38 48 83 fa 10 72 2e 48 ff c2 48
0x00007ff96a995018:   8b 4c 24 20 48 8b c1 48 81 fa 00 10 00 00 72 15
0x00007ff96a995028:   48 83 c2 27 48 8b 49 f8 48 2b c1 48 83 c0 f8 48
0x00007ff96a995038:   83 f8 1f 77 6c e8 96 3f 2f 00 48 83 c3 08 48 3b
0x00007ff96a995048:   5f 10 0f 85 53 ff ff ff eb 63 48 8b 07 48 8d 54
0x00007ff96a995058:   24 20 48 8b cf 48 8b 40 08 ff 15 31 79 42 00 8b
0x00007ff96a995068:   f0 48 8d 4c 24 40 ff 15 8c 5c 42 00 90 48 8b 54
0x00007ff96a995078:   24 38 48 83 fa 10 72 35 48 ff c2 48 8b 4c 24 20
0x00007ff96a995088:   48 8b c1 48 81 fa 00 10 00 00 72 1c 48 83 c2 27
0x00007ff96a995098:   48 8b 49 f8 48 2b c1 48 83 c0 f8 48 83 f8 1f 76
0x00007ff96a9950a8:   07 ff 15 f9 57 42 00 cc e8 23 3f 2f 00 8b c6 48
0x00007ff96a9950b8:   8b 4c 24 60 48 33 cc e8 fc 47 2f 00 4c 8d 5c 24 


Stack slot to memory mapping:

stack at sp + 0 slots: 0x000000512d1fe700 is pointing into the stack for thread: 0x0000017afe1ffb40
stack at sp + 1 slots: 0x0000005100000000 is an unknown value
stack at sp + 2 slots: 0x000000512d1fe940 is pointing into the stack for thread: 0x0000017afe1ffb40
stack at sp + 3 slots: 0x0000017b0a4a009a points into unknown readable memory: 00 00 00 00 64 00
stack at sp + 4 slots: 0x0 is null
stack at sp + 5 slots: 0x000000512d1fe830 is pointing into the stack for thread: 0x0000017afe1ffb40
stack at sp + 6 slots: 0x0 is null
stack at sp + 7 slots: 0x000000000000000f is an unknown value


Compiled method (n/a) 4508939 37515     n 0       ui.data.srcscan.srcscani::EditorAssist_createParseInfoIter (native)
 total in heap  [0x0000017ae6ed6c90,0x0000017ae6ed7090] = 1024
 relocation     [0x0000017ae6ed6df0,0x0000017ae6ed6e28] = 56
 main code      [0x0000017ae6ed6e40,0x0000017ae6ed7084] = 580
 stub code      [0x0000017ae6ed7084,0x0000017ae6ed7088] = 4
 oops           [0x0000017ae6ed7088,0x0000017ae6ed7090] = 8

[Constant Pool (empty)]

[MachCode]
[Entry Point]
  # {method} {0x0000017afa28b1d8} 'EditorAssist_createParseInfoIter' '(JLjava/lang/String;)J' in 'ui/data/srcscan/srcscani'
  # parm0:    rdx:rdx   = long
  # parm1:    r8:r8     = 'java/lang/String'
  #           [sp+0x70]  (sp of caller)
  0x0000017ae6ed6e40: 448b 5208 | 49bb 0000 | 0080 7a01 | 0000 4d03 | d349 3bc2 | 0f84 0600 

  0x0000017ae6ed6e58: ;   {runtime_call ic_miss_stub}
  0x0000017ae6ed6e58: 0000 e921 | 797f fe90 
[Verified Entry Point]
  0x0000017ae6ed6e60: 8984 2400 | 80ff ff55 | 488b ec48 | 83ec 6090 | 4181 7f20 | 9000 0000 

  0x0000017ae6ed6e78: ;   {runtime_call StubRoutines (final stubs)}
  0x0000017ae6ed6e78: 7405 e8e1 | de7d fe4c | 8944 2428 | 4983 f800 | 4c8d 4c24 | 284c 0f44 | 4c24 284c 

  0x0000017ae6ed6e94: ;   {oop(a 'java/lang/Class'{0x000000068232de60} = 'ui/data/srcscan/srcscani')}
  0x0000017ae6ed6e94: 8bc2 49be | 60de 3282 | 0600 0000 | 4c89 7424 | 504c 8d74 | 2450 498b | d6c5 f877 

  0x0000017ae6ed6eb0: ;   {internal_word}
  0x0000017ae6ed6eb0: 49ba ad6e | ede6 7a01 | 0000 4d89 | 97a0 0300 | 0049 89a7 | 9803 0000 

  0x0000017ae6ed6ec8: ;   {external_word}
  0x0000017ae6ed6ec8: 49ba 354b | ac99 f97f | 0000 4180 | 3a00 0f84 | 4e00 0000 | 5241 5041 

  0x0000017ae6ed6ee0: ;   {metadata({method} {0x0000017afa28b1d8} 'EditorAssist_createParseInfoIter' '(JLjava/lang/String;)J' in 'ui/data/srcscan/srcscani')}
  0x0000017ae6ed6ee0: 5148 bad0 | b128 fa7a | 0100 0049 | 8bcf 4883 | ec20 40f6 | c40f 0f84 | 1900 0000 | 4883 ec08 
  0x0000017ae6ed6f00: ;   {runtime_call}
  0x0000017ae6ed6f00: 48b8 5041 | 5699 f97f | 0000 ffd0 | 4883 c408 | e90c 0000 

  0x0000017ae6ed6f14: ;   {runtime_call}
  0x0000017ae6ed6f14: 0048 b850 | 4156 99f9 | 7f00 00ff | d048 83c4 | 2041 5941 | 585a 498d | 8fb8 0300 | 0041 c787 
  0x0000017ae6ed6f34: 4404 0000 | 0400 0000 

  0x0000017ae6ed6f3c: ;   {runtime_call}
  0x0000017ae6ed6f3c: 48b8 f092 | ba6a f97f | 0000 ffd0 | c5f8 7741 | c787 4404 | 0000 0500 | 0000 f083 | 4424 c000 
  0x0000017ae6ed6f5c: 493b af48 | 0400 000f | 870e 0000 | 0041 83bf | 4004 0000 | 000f 842b | 0000 00c5 | f877 4889 
  0x0000017ae6ed6f7c: 45f8 498b | cf4c 8be4 | 4883 ec20 | 4883 e4f0 

  0x0000017ae6ed6f8c: ;   {runtime_call}
  0x0000017ae6ed6f8c: 48b8 e0cd | 2199 f97f | 0000 ffd0 | 498b e44d | 33e4 488b | 45f8 41c7 | 8744 0400 | 0008 0000 
  0x0000017ae6ed6fac: 0041 83bf | c004 0000 | 020f 849c 

  0x0000017ae6ed6fb8: ;   {external_word}
  0x0000017ae6ed6fb8: 0000 0049 | ba35 4bac | 99f9 7f00 | 0041 803a | 000f 844c | 0000 0048 

  0x0000017ae6ed6fd0: ;   {metadata({method} {0x0000017afa28b1d8} 'EditorAssist_createParseInfoIter' '(JLjava/lang/String;)J' in 'ui/data/srcscan/srcscani')}
  0x0000017ae6ed6fd0: 8945 f848 | bad0 b128 | fa7a 0100 | 0049 8bcf | 4883 ec20 | 40f6 c40f | 0f84 1900 | 0000 4883 
  0x0000017ae6ed6ff0: ;   {runtime_call}
  0x0000017ae6ed6ff0: ec08 48b8 | 5041 5699 | f97f 0000 | ffd0 4883 | c408 e90c 

  0x0000017ae6ed7004: ;   {runtime_call}
  0x0000017ae6ed7004: 0000 0048 | b850 4156 | 99f9 7f00 | 00ff d048 | 83c4 2048 | 8b45 f849 | c787 9803 | 0000 0000 
  0x0000017ae6ed7024: 0000 49c7 | 87a0 0300 | 0000 0000 | 00c5 f877 | 498b 8f28 | 0400 00c7 | 8100 0100 | 0000 0000 
  0x0000017ae6ed7044: 00c9 4983 | 7f08 000f | 8501 0000 

  0x0000017ae6ed7050: ;   {runtime_call StubRoutines (initial stubs)}
  0x0000017ae6ed7050: 00c3 e9a9 | 9e7a fec5 | f877 4889 | 45f8 4c8b | e448 83ec | 2048 83e4 

  0x0000017ae6ed7068: ;   {runtime_call}
  0x0000017ae6ed7068: f048 b830 | 7956 99f9 | 7f00 00ff | d049 8be4 | 4d33 e448 | 8b45 f8e9 | 37ff ffff 
[Stub Code]
  0x0000017ae6ed7084: f4f4 f4f4 
[/MachCode]


Compiled method (c1) 4508945 18204       3       ui.frmwork.C::run (15 bytes)
 total in heap  [0x0000017ade3b9c10,0x0000017ade3ba698] = 2696
 relocation     [0x0000017ade3b9d70,0x0000017ade3b9e00] = 144
 main code      [0x0000017ade3b9e00,0x0000017ade3ba3e8] = 1512
 stub code      [0x0000017ade3ba3e8,0x0000017ade3ba450] = 104
 oops           [0x0000017ade3ba450,0x0000017ade3ba468] = 24
 metadata       [0x0000017ade3ba468,0x0000017ade3ba480] = 24
 scopes data    [0x0000017ade3ba480,0x0000017ade3ba520] = 160
 scopes pcs     [0x0000017ade3ba520,0x0000017ade3ba600] = 224
 dependencies   [0x0000017ade3ba600,0x0000017ade3ba608] = 8
 handler table  [0x0000017ade3ba608,0x0000017ade3ba668] = 96
 nul chk table  [0x0000017ade3ba668,0x0000017ade3ba698] = 48

[Constant Pool (empty)]

[MachCode]
[Entry Point]
  # {method} {0x0000017af8061ae8} 'run' '()V' in 'ui/frmwork/C'
  #           [sp+0x80]  (sp of caller)
  0x0000017ade3b9e00: 448b 5208 | 49bb 0000 | 0080 7a01 | 0000 4d03 | d34c 3bd0 

  0x0000017ade3b9e14: ;   {runtime_call ic_miss_stub}
  0x0000017ade3b9e14: 0f85 6649 | 3107 660f | 1f44 0000 
[Verified Entry Point]
  0x0000017ade3b9e20: 8984 2400 | 80ff ff55 | 4883 ec70 | 4181 7f20 | 9000 0000 

  0x0000017ade3b9e34: ;   {runtime_call StubRoutines (final stubs)}
  0x0000017ade3b9e34: 7405 e825 

  0x0000017ade3b9e38: ;   {metadata(method data for {method} {0x0000017af8061ae8} 'run' '()V' in 'ui/frmwork/C')}
  0x0000017ade3b9e38: af2f 0748 | b8e0 5496 | 0f7b 0100 | 0044 8b80 | cc00 0000 | 4183 c002 | 4489 80cc | 0000 0041 
  0x0000017ade3b9e58: 81e0 fe07 | 0000 4585 | c00f 848f | 0400 008b | 720c 48c1 | e603 483b | 0648 8bc6 

  0x0000017ade3b9e74: ;   {metadata(method data for {method} {0x0000017af8061ae8} 'run' '()V' in 'ui/frmwork/C')}
  0x0000017ade3b9e74: 49b8 e054 | 960f 7b01 | 0000 4983 | 8010 0100 

  0x0000017ade3b9e84: ;   {metadata(method data for {method} {0x0000017af74b4938} 'hPi' '()V' in 'ui/frmwork/B')}
  0x0000017ade3b9e84: 0001 48b8 | a056 960f | 7b01 0000 | 448b 80cc | 0000 0041 | 83c0 0244 | 8980 cc00 | 0000 4181 
  0x0000017ade3b9ea4: e0fe ff1f | 0045 85c0 | 0f84 6a04 

  0x0000017ade3b9eb0: ;   {oop(a 'java/util/ArrayList'{0x000000068197bfc0})}
  0x0000017ade3b9eb0: 0000 49b8 | c0bf 9781 | 0600 0000 | 488d 7c24 | 504c 8947 | 0849 8b00 | 4883 c801 | 4889 07f0 
  0x0000017ade3b9ed0: 490f b138 | 0f84 1200 | 0000 482b | c448 2507 | f0ff ff48 | 8907 0f85 | 5604 0000 | 49ff 8748 
  0x0000017ade3b9ef0: 0500 0048 | 8954 2448 

  0x0000017ade3b9ef8: ;   {oop(a 'java/util/HashSet'{0x000000068197bf50})}
  0x0000017ade3b9ef8: 49b8 50bf | 9781 0600 | 0000 498b 

  0x0000017ade3b9f04: ;   {metadata(method data for {method} {0x0000017af74b4938} 'hPi' '()V' in 'ui/frmwork/B')}
  0x0000017ade3b9f04: f848 bba0 | 5696 0f7b | 0100 008b | 7f08 49ba | 0000 0080 | 7a01 0000 | 4903 fa48 | 3bbb 2001 
  0x0000017ade3b9f24: 0000 750d | 4883 8328 | 0100 0001 | e960 0000 | 0048 3bbb | 3001 0000 | 750d 4883 | 8338 0100 
  0x0000017ade3b9f44: 0001 e94a | 0000 0048 | 83bb 2001 | 0000 0075 | 1748 89bb | 2001 0000 | 48c7 8328 | 0100 0001 
  0x0000017ade3b9f64: 0000 00e9 | 2900 0000 | 4883 bb30 | 0100 0000 | 7517 4889 | bb30 0100 | 0048 c783 | 3801 0000 
  0x0000017ade3b9f84: 0100 0000 | e908 0000 | 0048 8383 | 1001 0000 

  0x0000017ade3b9f94: ;   {metadata(method data for {method} {0x0000017a800de788} 'remove' '(Ljava/lang/Object;)Z' in 'java/util/HashSet')}
  0x0000017ade3b9f94: 0148 bfd8 | 211d fa7a | 0100 008b | 9fcc 0000 | 0083 c302 | 899f cc00 | 0000 81e3 | feff 1f00 
  0x0000017ade3b9fb4: 85db 0f84 | 9903 0000 

  0x0000017ade3b9fbc: ; implicit exception: dispatches to 0x0000017ade3ba376
  0x0000017ade3b9fbc: 418b 780c | 48c1 e703 

  0x0000017ade3b9fc4: ; implicit exception: dispatches to 0x0000017ade3ba37b
  0x0000017ade3b9fc4: 483b 074c 

  0x0000017ade3b9fc8: ;   {metadata(method data for {method} {0x0000017a800de788} 'remove' '(Ljava/lang/Object;)Z' in 'java/util/HashSet')}
  0x0000017ade3b9fc8: 8bc7 48bb | d821 1dfa | 7a01 0000 | 458b 4008 | 49ba 0000 | 0080 7a01 | 0000 4d03 | c24c 3b83 
  0x0000017ade3b9fe8: 2001 0000 | 750d 4883 | 8328 0100 | 0001 e960 | 0000 004c | 3b83 3001 | 0000 750d | 4883 8338 
  0x0000017ade3ba008: 0100 0001 | e94a 0000 | 0048 83bb | 2001 0000 | 0075 174c | 8983 2001 | 0000 48c7 | 8328 0100 
  0x0000017ade3ba028: 0001 0000 | 00e9 2900 | 0000 4883 | bb30 0100 | 0000 7517 | 4c89 8330 | 0100 0048 | c783 3801 
  0x0000017ade3ba048: 0000 0100 | 0000 e908 | 0000 0048 | 8383 1001 | 0000 014c | 8bc6 488b | d748 8974 | 2440 0f1f 
  0x0000017ade3ba068: 8000 0000 | 0048 b8d0 | c508 807a 

  0x0000017ade3ba074: ;   {virtual_call}
  0x0000017ade3ba074: 0100 00e8 

  0x0000017ade3ba078: ; ImmutableOopMap {[64]=Oop [72]=Oop [88]=Oop }
                      ;*invokevirtual remove {reexecute=0 rethrow=0 return_oop=0}
                      ; - java.util.HashSet::remove@5 (line 245)
                      ; - ui.frmwork.B::hPi@10 (line 309)
                      ; - ui.frmwork.C::run@4 (line 202)
  0x0000017ade3ba078: a4d6 b308 

  0x0000017ade3ba07c: ;   {other}
  0x0000017ade3ba07c: 0f1f 8400 | 6c04 0000 

  0x0000017ade3ba084: ;   {oop(a 'java/lang/Object'{0x000000068075e388})}
  0x0000017ade3ba084: 49ba 88e3 | 7580 0600 | 0000 493b 

  0x0000017ade3ba090: ;   {metadata(method data for {method} {0x0000017a800de788} 'remove' '(Ljava/lang/Object;)Z' in 'java/util/HashSet')}
  0x0000017ade3ba090: c249 b8d8 | 211d fa7a | 0100 0048 | c7c2 4801 | 0000 7507 | 48c7 c258 | 0100 0049 | 8b34 1048 
  0x0000017ade3ba0b0: 8d76 0149 | 8934 100f | 851c 0000 

  0x0000017ade3ba0bc: ;   {metadata(method data for {method} {0x0000017a800de788} 'remove' '(Ljava/lang/Object;)Z' in 'java/util/HashSet')}
  0x0000017ade3ba0bc: 0049 b8d8 | 211d fa7a | 0100 0041 | ff80 6801 | 0000 41b8 | 0100 0000 | e906 0000 | 0041 b800 
  0x0000017ade3ba0dc: 0000 0041 | 83e0 0148 | 8b74 2440 

  0x0000017ade3ba0e8: ;   {oop(a 'java/util/ArrayList'{0x000000068197bfc0})}
  0x0000017ade3ba0e8: 48ba c0bf | 9781 0600 | 0000 4c8b 

  0x0000017ade3ba0f4: ;   {metadata(method data for {method} {0x0000017af74b4938} 'hPi' '()V' in 'ui/frmwork/B')}
  0x0000017ade3ba0f4: c248 bfa0 | 5696 0f7b | 0100 0045 | 8b40 0849 | ba00 0000 | 807a 0100 | 004d 03c2 | 4c3b 8758 
  0x0000017ade3ba114: 0100 0075 | 0d48 8387 | 6001 0000 | 01e9 6000 | 0000 4c3b | 8768 0100 | 0075 0d48 | 8387 7001 
  0x0000017ade3ba134: 0000 01e9 | 4a00 0000 | 4883 bf58 | 0100 0000 | 7517 4c89 | 8758 0100 | 0048 c787 | 6001 0000 
  0x0000017ade3ba154: 0100 0000 | e929 0000 | 0048 83bf | 6801 0000 | 0075 174c | 8987 6801 | 0000 48c7 | 8770 0100 
  0x0000017ade3ba174: 0001 0000 | 00e9 0800 | 0000 4883 | 8748 0100 | 0001 4c8b | c666 0f1f 

  0x0000017ade3ba18c: ;   {optimized virtual_call}
  0x0000017ade3ba18c: 4400 00e8 

  0x0000017ade3ba190: ; ImmutableOopMap {[72]=Oop [88]=Oop }
                      ;*invokevirtual remove {reexecute=0 rethrow=0 return_oop=0}
                      ; - ui.frmwork.B::hPi@18 (line 310)
                      ; - ui.frmwork.C::run@4 (line 202)
  0x0000017ade3ba190: cc80 1208 

  0x0000017ade3ba194: ;   {other}
  0x0000017ade3ba194: 0f1f 8400 | 8405 0001 | 488d 4424 | 5048 8b10 | 4885 d20f | 840f 0000 | 0048 8b70 | 08f0 480f 
  0x0000017ade3ba1b4: b116 0f85 | c401 0000 | 49ff 8f48 

  0x0000017ade3ba1c0: ;   {metadata(method data for {method} {0x0000017af74b4938} 'hPi' '()V' in 'ui/frmwork/B')}
  0x0000017ade3ba1c0: 0500 0048 | baa0 5696 | 0f7b 0100 | 00ff 8280 | 0100 0048 | 8b54 2448 | 8b52 0c48 | c1e2 0348 
  0x0000017ade3ba1e0: 3b02 488b 

  0x0000017ade3ba1e4: ;   {metadata(method data for {method} {0x0000017af8061ae8} 'run' '()V' in 'ui/frmwork/C')}
  0x0000017ade3ba1e4: f248 bfe0 | 5496 0f7b | 0100 008b | 7608 49ba | 0000 0080 | 7a01 0000 | 4903 f248 | 3bb7 5801 
  0x0000017ade3ba204: 0000 750d | 4883 8760 | 0100 0001 | e960 0000 | 0048 3bb7 | 6801 0000 | 750d 4883 | 8770 0100 
  0x0000017ade3ba224: 0001 e94a | 0000 0048 | 83bf 5801 | 0000 0075 | 1748 89b7 | 5801 0000 | 48c7 8760 | 0100 0001 
  0x0000017ade3ba244: 0000 00e9 | 2900 0000 | 4883 bf68 | 0100 0000 | 7517 4889 | b768 0100 | 0048 c787 | 7001 0000 
  0x0000017ade3ba264: 0100 0000 | e908 0000 | 0048 8387 | 4801 0000 | 0148 b8ff | ffff ffff 

  0x0000017ade3ba27c: ;   {virtual_call}
  0x0000017ade3ba27c: ffff ffe8 

  0x0000017ade3ba280: ; ImmutableOopMap {}
                      ;*invokevirtual finished {reexecute=0 rethrow=0 return_oop=0}
                      ; - ui.frmwork.C::run@11 (line 203)
  0x0000017ade3ba280: bcea 4407 

  0x0000017ade3ba284: ;   {other}
  0x0000017ade3ba284: 0f1f 8400 | 7406 0002 | 4883 c470 

  0x0000017ade3ba290: ;   {poll_return}
  0x0000017ade3ba290: 5d49 3ba7 | 4804 0000 | 0f87 fa00 | 0000 c349 | 8b87 f804 | 0000 4d33 | d24d 8997 | f804 0000 
  0x0000017ade3ba2b0: 4d33 d24d | 8997 0005 | 0000 488b 

  0x0000017ade3ba2bc: ;   {oop(a 'java/util/ArrayList'{0x000000068197bfc0})}
  0x0000017ade3ba2bc: f048 b8c0 | bf97 8106 | 0000 0048 | 8d44 2450 | 488b 3848 | 85ff 0f84 | 0f00 0000 | 488b 5808 
  0x0000017ade3ba2dc: f048 0fb1 | 3b0f 85c7 | 0000 0049 | ff8f 4805 | 0000 488b | c6e9 e800 

  0x0000017ade3ba2f4: ;   {metadata({method} {0x0000017af8061ae8} 'run' '()V' in 'ui/frmwork/C')}
  0x0000017ade3ba2f4: 0000 49ba | e01a 06f8 | 7a01 0000 | 4c89 5424 | 0848 c704 | 24ff ffff 

  0x0000017ade3ba30c: ;   {runtime_call counter_overflow Runtime1 stub}
  0x0000017ade3ba30c: ffe8 ee22 

  0x0000017ade3ba310: ; ImmutableOopMap {rdx=Oop }
                      ;*synchronization entry
                      ; - ui.frmwork.C::run@-1 (line 202)
  0x0000017ade3ba310: 3d07 e950 

  0x0000017ade3ba314: ;   {runtime_call throw_null_pointer_exception Runtime1 stub}
  0x0000017ade3ba314: fbff ffe8 

  0x0000017ade3ba318: ; ImmutableOopMap {rdx=Oop rsi=Oop }
                      ;*invokevirtual hPi {reexecute=0 rethrow=0 return_oop=0}
                      ; - ui.frmwork.C::run@4 (line 202)
  0x0000017ade3ba318: e4c2 3c07 

  0x0000017ade3ba31c: ;   {metadata({method} {0x0000017af74b4938} 'hPi' '()V' in 'ui/frmwork/B')}
  0x0000017ade3ba31c: 49ba 3049 | 4bf7 7a01 | 0000 4c89 | 5424 0848 | c704 24ff 

  0x0000017ade3ba330: ;   {runtime_call counter_overflow Runtime1 stub}
  0x0000017ade3ba330: ffff ffe8 

  0x0000017ade3ba334: ; ImmutableOopMap {rdx=Oop rsi=Oop }
                      ;*synchronization entry
                      ; - ui.frmwork.B::hPi@-1 (line 308)
                      ; - ui.frmwork.C::run@4 (line 202)
  0x0000017ade3ba334: c822 3d07 | e975 fbff 

  0x0000017ade3ba33c: ;   {runtime_call throw_null_pointer_exception Runtime1 stub}
  0x0000017ade3ba33c: ffe8 bec2 

  0x0000017ade3ba340: ; ImmutableOopMap {rdx=Oop rsi=Oop r8=Oop }
                      ;*monitorenter {reexecute=0 rethrow=0 return_oop=0}
                      ; - ui.frmwork.B::hPi@5 (line 308)
                      ; - ui.frmwork.C::run@4 (line 202)
  0x0000017ade3ba340: 3c07 4c89 | 4424 0848 

  0x0000017ade3ba348: ;   {runtime_call monitorenter_nofpu Runtime1 stub}
  0x0000017ade3ba348: 893c 24e8 

  0x0000017ade3ba34c: ; ImmutableOopMap {rdx=Oop rsi=Oop r8=Oop [88]=Oop }
                      ;*monitorenter {reexecute=0 rethrow=0 return_oop=0}
                      ; - ui.frmwork.B::hPi@5 (line 308)
                      ; - ui.frmwork.C::run@4 (line 202)
  0x0000017ade3ba34c: 30f7 3c07 | e99e fbff 

  0x0000017ade3ba354: ;   {metadata({method} {0x0000017a800de788} 'remove' '(Ljava/lang/Object;)Z' in 'java/util/HashSet')}
  0x0000017ade3ba354: ff49 ba80 | e70d 807a | 0100 004c | 8954 2408 | 48c7 0424 | ffff ffff 

  0x0000017ade3ba36c: ;   {runtime_call counter_overflow Runtime1 stub}
  0x0000017ade3ba36c: e88f 223d 

  0x0000017ade3ba370: ; ImmutableOopMap {rsi=Oop r8=Oop [72]=Oop [88]=Oop }
                      ;*synchronization entry
                      ; - java.util.HashSet::remove@-1 (line 245)
                      ; - ui.frmwork.B::hPi@10 (line 309)
                      ; - ui.frmwork.C::run@4 (line 202)
  0x0000017ade3ba370: 07e9 46fc 

  0x0000017ade3ba374: ;   {runtime_call throw_null_pointer_exception Runtime1 stub}
  0x0000017ade3ba374: ffff e885 

  0x0000017ade3ba378: ; ImmutableOopMap {rsi=Oop [72]=Oop [88]=Oop }
                      ;*getfield map {reexecute=1 rethrow=0 return_oop=0}
                      ; - (reexecute) java.util.HashSet::remove@1 (line 245)
                      ; - ui.frmwork.B::hPi@10 (line 309)
                      ; - ui.frmwork.C::run@4 (line 202)
                      ;   {runtime_call throw_null_pointer_exception Runtime1 stub}
  0x0000017ade3ba378: c23c 07e8 

  0x0000017ade3ba37c: ; ImmutableOopMap {rsi=Oop rdi=Oop [72]=Oop [88]=Oop }
                      ;*invokevirtual remove {reexecute=0 rethrow=0 return_oop=0}
                      ; - java.util.HashSet::remove@5 (line 245)
                      ; - ui.frmwork.B::hPi@10 (line 309)
                      ; - ui.frmwork.C::run@4 (line 202)
  0x0000017ade3ba37c: 80c2 3c07 | 488d 4424 | 5048 8904 

  0x0000017ade3ba388: ;   {runtime_call monitorexit_nofpu Runtime1 stub}
  0x0000017ade3ba388: 24e8 f2fc | 3c07 e930 

  0x0000017ade3ba390: ;   {runtime_call throw_null_pointer_exception Runtime1 stub}
  0x0000017ade3ba390: feff ffe8 

  0x0000017ade3ba394: ; ImmutableOopMap {rdx=Oop }
                      ;*invokevirtual finished {reexecute=0 rethrow=0 return_oop=0}
                      ; - ui.frmwork.C::run@11 (line 203)
  0x0000017ade3ba394: 68c2 3c07 

  0x0000017ade3ba398: ;   {internal_word}
  0x0000017ade3ba398: 49ba 91a2 | 3bde 7a01 | 0000 4d89 | 9760 0400 

  0x0000017ade3ba3a8: ;   {runtime_call SafepointBlob}
  0x0000017ade3ba3a8: 00e9 52b3 | 3107 488d | 4424 5048 

  0x0000017ade3ba3b4: ;   {runtime_call monitorexit_nofpu Runtime1 stub}
  0x0000017ade3ba3b4: 8904 24e8 | c4fc 3c07 | e92d ffff | ff49 8b87 | f804 0000 | 49c7 87f8 | 0400 0000 | 0000 0049 
  0x0000017ade3ba3d4: c787 0005 | 0000 0000 | 0000 4883 

  0x0000017ade3ba3e0: ;   {runtime_call unwind_exception Runtime1 stub}
  0x0000017ade3ba3e0: c470 5de9 | 18b3 3c07 
[Stub Code]
  0x0000017ade3ba3e8: ;   {no_reloc}
  0x0000017ade3ba3e8: 0f1f 4400 

  0x0000017ade3ba3ec: ;   {static_stub}
  0x0000017ade3ba3ec: 0048 bb00 | 0000 0000 

  0x0000017ade3ba3f4: ;   {runtime_call nmethod}
  0x0000017ade3ba3f4: 0000 00e9 | fbff ffff 

  0x0000017ade3ba3fc: ;   {static_stub}
  0x0000017ade3ba3fc: 9048 bb00 | 0000 0000 

  0x0000017ade3ba404: ;   {runtime_call nmethod}
  0x0000017ade3ba404: 0000 00e9 | fbff ffff 

  0x0000017ade3ba40c: ;   {static_stub}
  0x0000017ade3ba40c: 9048 bb00 | 0000 0000 

  0x0000017ade3ba414: ;   {runtime_call nmethod}
  0x0000017ade3ba414: 0000 00e9 | fbff ffff 
[Exception Handler]
  0x0000017ade3ba41c: ;   {runtime_call handle_exception_from_callee Runtime1 stub}
  0x0000017ade3ba41c: e8df df3c 

  0x0000017ade3ba420: ;   {external_word}
  0x0000017ade3ba420: 0748 b950 | 6f82 99f9 | 7f00 0048 

  0x0000017ade3ba42c: ;   {runtime_call}
  0x0000017ade3ba42c: 83e4 f048 | b8d0 4045 | 99f9 7f00 | 00ff d0f4 
[Deopt Handler Code]
  0x0000017ade3ba43c: ;   {section_word}
  0x0000017ade3ba43c: 49ba 3ca4 | 3bde 7a01 | 0000 4152 

  0x0000017ade3ba448: ;   {runtime_call DeoptimizationBlob}
  0x0000017ade3ba448: e953 a531 | 07f4 f4f4 
[/MachCode]


Compiled method (c2) 4508955 13140       4       java.awt.EventQueue::dispatchEvent (80 bytes)
 total in heap  [0x0000017ae5cf8b10,0x0000017ae5cfb4f0] = 10720
 relocation     [0x0000017ae5cf8c70,0x0000017ae5cf8e88] = 536
 main code      [0x0000017ae5cf8ea0,0x0000017ae5cfa4f8] = 5720
 stub code      [0x0000017ae5cfa4f8,0x0000017ae5cfa5b8] = 192
 oops           [0x0000017ae5cfa5b8,0x0000017ae5cfa5d8] = 32
 metadata       [0x0000017ae5cfa5d8,0x0000017ae5cfa770] = 408
 scopes data    [0x0000017ae5cfa770,0x0000017ae5cfae18] = 1704
 scopes pcs     [0x0000017ae5cfae18,0x0000017ae5cfb1d8] = 960
 dependencies   [0x0000017ae5cfb1d8,0x0000017ae5cfb210] = 56
 handler table  [0x0000017ae5cfb210,0x0000017ae5cfb498] = 648
 nul chk table  [0x0000017ae5cfb498,0x0000017ae5cfb4f0] = 88

[Constant Pool (empty)]

[MachCode]
[Entry Point]
  # {method} {0x0000017af724e6f0} 'dispatchEvent' '(Ljava/awt/AWTEvent;)V' in 'java/awt/EventQueue'
  # this:     rdx:rdx   = 'java/awt/EventQueue'
  # parm0:    r8:r8     = 'java/awt/AWTEvent'
  #           [sp+0x90]  (sp of caller)
  0x0000017ae5cf8ea0: 448b 5208 | 49bb 0000 | 0080 7a01 | 0000 4d03 | d349 3bc2 

  0x0000017ae5cf8eb4: ;   {runtime_call ic_miss_stub}
  0x0000017ae5cf8eb4: 0f85 c658 | 9dff 6690 | 0f1f 4000 
[Verified Entry Point]
  0x0000017ae5cf8ec0: 8984 2400 | 80ff ff55 | 4881 ec80 | 0000 0090 | 4181 7f20 | 9000 0000 | 0f85 0a16 | 0000 4889 
  0x0000017ae5cf8ee0: 5424 204c | 8944 2438 

  0x0000017ae5cf8ee8: ; implicit exception: dispatches to 0x0000017ae5cf9fe4
  0x0000017ae5cf8ee8: 418b 680c | 498b 87b8 | 0100 004d | 8b97 8003 | 0000 4c8b | d849 83c3 | 184d 8b12 | 4c89 5424 
  0x0000017ae5cf8f08: 284d 3b9f | c801 0000 | 0f83 9f0c | 0000 4d89 | 9fb8 0100 | 0041 0f18 | 8300 0100 | 0048 c700 
  0x0000017ae5cf8f28: 0100 0000 

  0x0000017ae5cf8f2c: ;   {metadata('java/awt/EventQueue$4')}
  0x0000017ae5cf8f2c: c740 0878 | ce0a 014c | 8b54 2438 | 4d8b da49 | c1eb 0344 | 8958 0c89 | 6810 4c8b | 5424 204d 
  0x0000017ae5cf8f4c: 8bda 49c1 | eb03 4489 | 5814 4889 

  0x0000017ae5cf8f58: ;   {static_call}
  0x0000017ae5cf8f58: 4424 30e8 

  0x0000017ae5cf8f5c: ; ImmutableOopMap {rbp=NarrowOop [32]=Oop [40]=Oop [48]=Oop [56]=Oop }
                      ;*invokestatic getStackAccessControlContext {reexecute=0 rethrow=0 return_oop=1}
                      ; - java.security.AccessController::getContext@0 (line 1006)
                      ; - java.awt.EventQueue::dispatchEvent@16 (line 736)
  0x0000017ae5cf8f5c: 80b9 0a00 

  0x0000017ae5cf8f60: ;   {other}
  0x0000017ae5cf8f60: 0f1f 8400 | 5004 0000 | 4885 c00f | 84a2 0900 | 0048 8bd0 

  0x0000017ae5cf8f74: ;   {optimized virtual_call}
  0x0000017ae5cf8f74: 6666 90e8 

  0x0000017ae5cf8f78: ; ImmutableOopMap {rbp=NarrowOop [32]=Oop [40]=Oop [48]=Oop [56]=Oop }
                      ;*invokevirtual optimize {reexecute=0 rethrow=0 return_oop=1}
                      ; - java.security.AccessController::getContext@19 (line 1012)
                      ; - java.awt.EventQueue::dispatchEvent@16 (line 736)
  0x0000017ae5cf8f78: e43e 0f00 

  0x0000017ae5cf8f7c: ;   {other}
  0x0000017ae5cf8f7c: 0f1f 8400 | 6c04 0001 

  0x0000017ae5cf8f84: ; implicit exception: dispatches to 0x0000017ae5cf9ff8
  0x0000017ae5cf8f84: 458b 5cec | 0849 ba00 | 0000 807a | 0100 004d | 03d3 4d8b 

  0x0000017ae5cf8f98: ;   {metadata('java/awt/Component')}
  0x0000017ae5cf8f98: 5238 49b8 | d039 0481 | 7a01 0000 | 4d3b d00f | 8510 0500 | 004d 8d14 | ec41 8b6a | 7c85 ed0f 
  0x0000017ae5cf8fb8: 84f7 0c00 | 0045 8b5a | 7c4d 8bd3 | 49c1 e203 | 4c8b 5c24 | 3841 8b6b | 1c85 ed0f | 84b3 0c00 
  0x0000017ae5cf8fd8: 0045 8b5b | 1c49 8bd3 | 48c1 e203 | 4d85 d20f | 84b8 0000 | 0048 8954 | 2428 4489 | 5c24 2049 
  0x0000017ae5cf8ff8: 8bd2 4c8b 

  0x0000017ae5cf8ffc: ;   {static_call}
  0x0000017ae5cf8ffc: c066 90e8 

  0x0000017ae5cf9000: ; ImmutableOopMap {[32]=NarrowOop [40]=Oop [48]=Oop }
                      ;*invokestatic getCombinedACC {reexecute=0 rethrow=0 return_oop=1}
                      ; - java.security.ProtectionDomain$JavaSecurityAccessImpl::doIntersectionPrivilege@15 (line 89)
                      ; - java.awt.EventQueue::dispatchEvent@73 (line 744)
  0x0000017ae5cf9000: 3c57 f3ff 

  0x0000017ae5cf9004: ;   {other}
  0x0000017ae5cf9004: 0f1f 8400 | f404 0002 | 4885 c074 | 1548 8be8 

  0x0000017ae5cf9014: ;   {static_call}
  0x0000017ae5cf9014: 488b d0e8 

  0x0000017ae5cf9018: ; ImmutableOopMap {rbp=Oop [32]=NarrowOop [40]=Oop [48]=Oop }
                      ;*invokestatic ensureMaterializedForStackWalk {reexecute=0 rethrow=0 return_oop=0}
                      ; - java.security.AccessController::executePrivileged@5 (line 774)
                      ; - java.security.AccessController::doPrivileged@13 (line 400)
                      ; - java.security.ProtectionDomain$JavaSecurityAccessImpl::doIntersectionPrivilege@18 (line 87)
                      ; - java.awt.EventQueue::dispatchEvent@73 (line 744)
  0x0000017ae5cf9018: 449e 0b00 

  0x0000017ae5cf901c: ;   {other}
  0x0000017ae5cf901c: 0f1f 8400 | 0c05 0003 | eb02 33ed | 4889 6c24 

  0x0000017ae5cf902c: ;   {static_call}
  0x0000017ae5cf902c: 3866 90e8 

  0x0000017ae5cf9030: ; ImmutableOopMap {rbp=Oop [32]=NarrowOop [40]=Oop [48]=Oop [56]=Oop }
                      ;*invokestatic getStackAccessControlContext {reexecute=0 rethrow=0 return_oop=1}
                      ; - java.security.AccessController::getContext@0 (line 1006)
                      ; - java.security.ProtectionDomain$JavaSecurityAccessImpl::doIntersectionPrivilege@2 (line 99)
                      ; - java.awt.EventQueue$5::run@11 (line 747)
                      ; - java.awt.EventQueue$5::run@1 (line 745)
                      ; - java.security.AccessController::executePrivileged@29 (line 778)
                      ; - java.security.AccessController::doPrivileged@13 (line 400)
                      ; - java.security.ProtectionDomain$JavaSecurityAccessImpl::doIntersectionPrivilege@18 (line 87)
                      ; - java.awt.EventQueue::dispatchEvent@73 (line 744)
  0x0000017ae5cf9030: acb8 0a00 

  0x0000017ae5cf9034: ;   {other}
  0x0000017ae5cf9034: 0f1f 8400 | 2405 0004 | 4885 c00f | 841d 0b00 | 0048 8bd0 

  0x0000017ae5cf9048: ;   {optimized virtual_call}
  0x0000017ae5cf9048: 6666 90e8 

  0x0000017ae5cf904c: ; ImmutableOopMap {rbp=Oop [32]=NarrowOop [40]=Oop [48]=Oop [56]=Oop }
                      ;*invokevirtual optimize {reexecute=0 rethrow=0 return_oop=1}
                      ; - java.security.AccessController::getContext@19 (line 1012)
                      ; - java.security.ProtectionDomain$JavaSecurityAccessImpl::doIntersectionPrivilege@2 (line 99)
                      ; - java.awt.EventQueue$5::run@11 (line 747)
                      ; - java.awt.EventQueue$5::run@1 (line 745)
                      ; - java.security.AccessController::executePrivileged@29 (line 778)
                      ; - java.security.AccessController::doPrivileged@13 (line 400)
                      ; - java.security.ProtectionDomain$JavaSecurityAccessImpl::doIntersectionPrivilege@18 (line 87)
                      ; - java.awt.EventQueue::dispatchEvent@73 (line 744)
  0x0000017ae5cf904c: 103e 0f00 

  0x0000017ae5cf9050: ;   {other}
  0x0000017ae5cf9050: 0f1f 8400 | 4005 0005 | 4c8b c048 | 8b54 2428 

  0x0000017ae5cf9060: ;   {static_call}
  0x0000017ae5cf9060: 6666 90e8 

  0x0000017ae5cf9064: ; ImmutableOopMap {rbp=Oop [48]=Oop [56]=Oop }
                      ;*invokestatic getCombinedACC {reexecute=0 rethrow=0 return_oop=1}
                      ; - java.security.ProtectionDomain$JavaSecurityAccessImpl::doIntersectionPrivilege@15 (line 89)
                      ; - java.security.ProtectionDomain$JavaSecurityAccessImpl::doIntersectionPrivilege@6 (line 98)
                      ; - java.awt.EventQueue$5::run@11 (line 747)
                      ; - java.awt.EventQueue$5::run@1 (line 745)
                      ; - java.security.AccessController::executePrivileged@29 (line 778)
                      ; - java.security.AccessController::doPrivileged@13 (line 400)
                      ; - java.security.ProtectionDomain$JavaSecurityAccessImpl::doIntersectionPrivilege@18 (line 87)
                      ; - java.awt.EventQueue::dispatchEvent@73 (line 744)
  0x0000017ae5cf9064: d856 f3ff 

  0x0000017ae5cf9068: ;   {other}
  0x0000017ae5cf9068: 0f1f 8400 | 5805 0006 | 488b e848 | 85c0 7412 

  0x0000017ae5cf9078: ;   {static_call}
  0x0000017ae5cf9078: 488b d0e8 

  0x0000017ae5cf907c: ; ImmutableOopMap {rbp=Oop [48]=Oop [56]=Oop }
                      ;*invokestatic ensureMaterializedForStackWalk {reexecute=0 rethrow=0 return_oop=0}
                      ; - java.security.AccessController::executePrivileged@5 (line 774)
                      ; - java.security.AccessController::doPrivileged@13 (line 400)
                      ; - java.security.ProtectionDomain$JavaSecurityAccessImpl::doIntersectionPrivilege@18 (line 87)
                      ; - java.security.ProtectionDomain$JavaSecurityAccessImpl::doIntersectionPrivilege@6 (line 98)
                      ; - java.awt.EventQueue$5::run@11 (line 747)
                      ; - java.awt.EventQueue$5::run@1 (line 745)
                      ; - java.security.AccessController::executePrivileged@29 (line 778)
                      ; - java.security.AccessController::doPrivileged@13 (line 400)
                      ; - java.security.ProtectionDomain$JavaSecurityAccessImpl::doIntersectionPrivilege@18 (line 87)
                      ; - java.awt.EventQueue::dispatchEvent@73 (line 744)
  0x0000017ae5cf907c: e09d 0b00 

  0x0000017ae5cf9080: ;   {other}
  0x0000017ae5cf9080: 0f1f 8400 | 7005 0007 | eb02 33ed | 488b 5424 

  0x0000017ae5cf9090: ;   {optimized virtual_call}
  0x0000017ae5cf9090: 3066 90e8 

  0x0000017ae5cf9094: ; ImmutableOopMap {rbp=Oop [56]=Oop }
                      ;*invokeinterface run {reexecute=0 rethrow=0 return_oop=1}
                      ; - java.security.AccessController::executePrivileged@29 (line 778)
                      ; - java.security.AccessController::doPrivileged@13 (line 400)
                      ; - java.security.ProtectionDomain$JavaSecurityAccessImpl::doIntersectionPrivilege@18 (line 87)
                      ; - java.security.ProtectionDomain$JavaSecurityAccessImpl::doIntersectionPrivilege@6 (line 98)
                      ; - java.awt.EventQueue$5::run@11 (line 747)
                      ; - java.awt.EventQueue$5::run@1 (line 745)
                      ; - java.security.AccessController::executePrivileged@29 (line 778)
                      ; - java.security.AccessController::doPrivileged@13 (line 400)
                      ; - java.security.ProtectionDomain$JavaSecurityAccessImpl::doIntersectionPrivilege@18 (line 87)
                      ; - java.awt.EventQueue::dispatchEvent@73 (line 744)
  0x0000017ae5cf9094: 486a 0b00 

  0x0000017ae5cf9098: ;   {other}
  0x0000017ae5cf9098: 0f1f 8400 | 8805 0008 | e902 0400 | 004c 8bc0 

  0x0000017ae5cf90a8: ;   {static_call}
  0x0000017ae5cf90a8: 6666 90e8 

  0x0000017ae5cf90ac: ; ImmutableOopMap {[40]=Oop [48]=Oop }
                      ;*invokestatic getCombinedACC {reexecute=0 rethrow=0 return_oop=1}
                      ; - java.security.ProtectionDomain$JavaSecurityAccessImpl::doIntersectionPrivilege@15 (line 89)
                      ; - java.awt.EventQueue::dispatchEvent@46 (line 742)
  0x0000017ae5cf90ac: 9056 f3ff 

  0x0000017ae5cf90b0: ;   {other}
  0x0000017ae5cf90b0: 0f1f 8400 | a005 0009 | 4885 c074 | 1848 8be8 

  0x0000017ae5cf90c0: ;   {static_call}
  0x0000017ae5cf90c0: 488b d0e8 

  0x0000017ae5cf90c4: ; ImmutableOopMap {rbp=Oop [40]=Oop [48]=Oop }
                      ;*invokestatic ensureMaterializedForStackWalk {reexecute=0 rethrow=0 return_oop=0}
                      ; - java.security.AccessController::executePrivileged@5 (line 774)
                      ; - java.security.AccessController::doPrivileged@13 (line 400)
                      ; - java.security.ProtectionDomain$JavaSecurityAccessImpl::doIntersectionPrivilege@18 (line 87)
                      ; - java.awt.EventQueue::dispatchEvent@46 (line 742)
  0x0000017ae5cf90c4: 989d 0b00 

  0x0000017ae5cf90c8: ;   {other}
  0x0000017ae5cf90c8: 0f1f 8400 | b805 000a | 488b ddeb | 0233 db4c | 8b5c 2430 | 458b 6b14 

  0x0000017ae5cf90e0: ; implicit exception: dispatches to 0x0000017ae5cfa020
  0x0000017ae5cf90e0: 438b 6cec | 4c85 ed0f | 8523 0b00 | 0045 8b53 | 0c47 8b74 | d408 43c6 | 44d4 1601 | 4f8d 04d4 
  0x0000017ae5cf9100: 4c89 4424 

  0x0000017ae5cf9104: ;   {metadata('java/awt/ActiveEvent')}
  0x0000017ae5cf9104: 5848 b880 | a80a 817a | 0100 0048 | be00 0000 | 807a 0100 | 0049 03f6 | 4c8b 4e50 | 4c8b 4620 
  0x0000017ae5cf9124: 4c3b c00f | 85b8 0300 | 0043 8b6c | ec2c 458b 

  0x0000017ae5cf9134: ;   {metadata('java/util/concurrent/locks/ReentrantLock')}
  0x0000017ae5cf9134: 5cec 0841 | 81fb 10d6 | 1700 0f85 | e40a 0000 | 4d8d 1cec | 458b 5b0c 

  0x0000017ae5cf914c: ; implicit exception: dispatches to 0x0000017ae5cfa068
  0x0000017ae5cf914c: 438b 4cdc 

  0x0000017ae5cf9150: ;   {metadata('java/util/concurrent/locks/ReentrantLock$NonfairSync')}
  0x0000017ae5cf9150: 0881 f9f8 | c71a 000f | 85ef 0a00 | 004b 8d3c | ec49 c1e3 | 0333 c041 | b801 0000 | 00f0 450f 
  0x0000017ae5cf9170: b143 1041 | 0f94 c045 | 0fb6 c045 | 85c0 0f84 | a704 0000 | 4180 7f40 | 000f 851c | 0900 0041 
  0x0000017ae5cf9190: 8bea 4c89 | 4c24 204d | 8bc3 4c8b | 5424 2849 | c1ea 0345 | 8953 0c4c | 8b54 2428 | 4d33 d049 
  0x0000017ae5cf91b0: c1ea 164d | 85d2 741a | 49c1 e809 | 48b9 0000 | 95ea 7a01 | 0000 4903 | c880 3902 | 0f85 4209 
  0x0000017ae5cf91d0: 0000 488b | 4c24 2844 | 8bd5 4c8b 

  0x0000017ae5cf91dc: ;   {oop(a 'java/lang/Class'{0x00000006806bd890} = 'java/awt/EventQueue')}
  0x0000017ae5cf91dc: 4c24 2049 | bb90 d86b | 8006 0000 | 0041 0fb6 | abac 0000 | 0085 ed0f | 85df 0a00 | 0048 897c 
  0x0000017ae5cf91fc: 2450 4c89 | 4c24 4848 | 8974 2440 | 4489 7424 | 3844 8954 | 2434 4889 | 5c24 2848 | 894c 2420 
  0x0000017ae5cf921c: 438b 6cec | 3444 896c | 2430 4c8b | d549 c1e2 | 0349 3bca | 0f85 3a0b | 0000 498b | b7b8 0100 
  0x0000017ae5cf923c: 004c 8bd6 | 4983 c220 | 4d3b 97c8 | 0100 000f | 839a 0900 | 004d 8997 | b801 0000 | 410f 1882 
  0x0000017ae5cf925c: 0001 0000 | 48c7 0601 

  0x0000017ae5cf9264: ;   {metadata('java/lang/ref/WeakReference')}
  0x0000017ae5cf9264: 0000 00c7 | 4608 18da | 0300 4489 | 660c 4c89 | 6610 4c89 | 6618 8b5c | 2434 895e | 0c41 807f 
  0x0000017ae5cf9284: 4000 0f85 | d706 0000 

  0x0000017ae5cf928c: ;   {oop(a 'java/lang/ref/ReferenceQueue$Null'{0x000000068077c898})}
  0x0000017ae5cf928c: c746 1013 | f90e d048 | 8bfe 48c1 | ef03 4c8b 

  0x0000017ae5cf929c: ;   {oop(a 'java/lang/ref/ReferenceQueue$Null'{0x000000068077c898})}
  0x0000017ae5cf929c: d649 bb98 | c877 8006 | 0000 004d | 33da 49c1 | eb16 4d85 | db74 1a49 | c1ea 0948 | b900 0095 
  0x0000017ae5cf92bc: ea7a 0100 | 0049 03ca | 8039 020f | 8558 0700 | 00f0 8344 | 24c0 0041 | 807f 4000 | 0f85 bc06 
  0x0000017ae5cf92dc: 0000 448b | 5c24 3043 | 897c dc40 | 4c8b d64c | 8b5c 2450 | 4d33 d349 | c1ea 164d | 85d2 741a 
  0x0000017ae5cf92fc: 49c1 eb09 | 48b9 0000 | 95ea 7a01 | 0000 4903 | cb80 3902 | 0f85 c106 | 0000 4c8b 

  0x0000017ae5cf9318: ;   {metadata('java/awt/event/InputEvent')}
  0x0000017ae5cf9318: 5424 4849 | bb50 2d06 | 817a 0100 | 004d 3bd3 | 0f85 a102 | 0000 448b 

  0x0000017ae5cf9330: ;   {metadata('java/awt/event/MouseEvent')}
  0x0000017ae5cf9330: 5424 3841 | 81fa 00b6 | 2c01 0f85 | 840c 0000 | 4c8b 5424 | 584d 8b52 | 2044 8b44 | 2430 4f8b 
  0x0000017ae5cf9350: 5cc4 104d | 3bda 0f8c | b802 0000 | 4f89 5cc4 | 1043 8b6c | c42c 458b 

  0x0000017ae5cf9368: ;   {metadata('java/util/concurrent/locks/ReentrantLock')}
  0x0000017ae5cf9368: 54ec 0841 | 81fa 10d6 | 1700 0f85 | f808 0000 | 4d8d 14ec | 418b 7a0c 

  0x0000017ae5cf9380: ; implicit exception: dispatches to 0x0000017ae5cfa0a0
  0x0000017ae5cf9380: 418b 74fc | 1041 8b6c | fc0c 4c8b | d549 c1e2 | 034c 8b5c | 2420 4d3b | d30f 85e5 | 0900 0083 
  0x0000017ae5cf93a0: fe01 0f85 | b703 0000 | 4180 7f40 | 000f 85c0 | 0600 0045 | 8964 fc0c | 41bb 0100 | 0000 ffce 
  0x0000017ae5cf93c0: 4189 74fc | 10f0 8344 | 24c0 0045 | 85db 745c | 458b 5cfc | 1445 85db | 7452 438b | 6cdc 1485 
  0x0000017ae5cf93e0: ed74 4945 | 8b54 ec0c | 4585 d274 | 3f4d 8d14 | ec49 8bd2 | 41b8 0100 | 0000 4c89 

  0x0000017ae5cf93fc: ;   {optimized virtual_call}
  0x0000017ae5cf93fc: 5424 38e8 

  0x0000017ae5cf9400: ; ImmutableOopMap {rbp=NarrowOop [40]=Oop [56]=Oop [88]=Oop }
                      ;*invokevirtual getAndUnsetStatus {reexecute=0 rethrow=0 return_oop=0}
                      ; - java.util.concurrent.locks.AbstractQueuedSynchronizer::signalNext@22 (line 644)
                      ; - java.util.concurrent.locks.AbstractQueuedSynchronizer::release@12 (line 1060)
                      ; - java.util.concurrent.locks.ReentrantLock::unlock@5 (line 494)
                      ; - java.awt.EventQueue::setCurrentEventAndMostRecentTimeImpl@168 (line 1295)
                      ; - java.awt.EventQueue::dispatchEventImpl@14 (line 772)
                      ; - java.awt.EventQueue$4::run@32 (line 720)
                      ; - java.awt.EventQueue$4::run@1 (line 714)
                      ; - java.security.AccessController::executePrivileged@29 (line 778)
                      ; - java.security.AccessController::doPrivileged@13 (line 400)
                      ; - java.security.ProtectionDomain$JavaSecurityAccessImpl::doIntersectionPrivilege@18 (line 87)
                      ; - java.awt.EventQueue::dispatchEvent@46 (line 742)
  0x0000017ae5cf9400: 3c06 3900 

  0x0000017ae5cf9404: ;   {other}
  0x0000017ae5cf9404: 0f1f 8400 | f408 000b | 458b 5cec | 1849 8bd3 | 48c1 e203 | 488b 6c24 

  0x0000017ae5cf941c: ;   {static_call}
  0x0000017ae5cf941c: 2866 90e8 

  0x0000017ae5cf9420: ; ImmutableOopMap {rbp=Oop [40]=Oop [88]=Oop }
                      ;*invokestatic unpark {reexecute=0 rethrow=0 return_oop=0}
                      ; - java.util.concurrent.locks.AbstractQueuedSynchronizer::signalNext@30 (line 645)
                      ; - java.util.concurrent.locks.AbstractQueuedSynchronizer::release@12 (line 1060)
                      ; - java.util.concurrent.locks.ReentrantLock::unlock@5 (line 494)
                      ; - java.awt.EventQueue::setCurrentEventAndMostRecentTimeImpl@168 (line 1295)
                      ; - java.awt.EventQueue::dispatchEventImpl@14 (line 772)
                      ; - java.awt.EventQueue$4::run@32 (line 720)
                      ; - java.awt.EventQueue$4::run@1 (line 714)
                      ; - java.security.AccessController::executePrivileged@29 (line 778)
                      ; - java.security.AccessController::doPrivileged@13 (line 400)
                      ; - java.security.ProtectionDomain$JavaSecurityAccessImpl::doIntersectionPrivilege@18 (line 87)
                      ; - java.awt.EventQueue::dispatchEvent@46 (line 742)
  0x0000017ae5cf9420: 7cd8 1e00 

  0x0000017ae5cf9424: ;   {other}
  0x0000017ae5cf9424: 0f1f 8400 | 1409 000c | 488b 5424 | 5844 8b5a 

  0x0000017ae5cf9434: ;   {metadata('java/awt/event/InvocationEvent')}
  0x0000017ae5cf9434: 0841 81fb | 70aa 0a01 | 0f85 2503 | 0000 4c8b | c245 0fb6 | 5829 458b | 502c 498b | d248 c1e2 
  0x0000017ae5cf9454: 0345 85db | 0f85 2b03 | 0000 4c89 | 4424 2066 | 9048 b8a0 | 291c c87a 

  0x0000017ae5cf946c: ;   {virtual_call}
  0x0000017ae5cf946c: 0100 00e8 

  0x0000017ae5cf9470: ; ImmutableOopMap {[32]=Oop [40]=Oop }
                      ;*invokeinterface run {reexecute=0 rethrow=0 return_oop=0}
                      ; - java.awt.event.InvocationEvent::dispatch@47 (line 318)
                      ; - java.awt.EventQueue::dispatchEventImpl@21 (line 773)
                      ; - java.awt.EventQueue$4::run@32 (line 720)
                      ; - java.awt.EventQueue$4::run@1 (line 714)
                      ; - java.security.AccessController::executePrivileged@29 (line 778)
                      ; - java.security.AccessController::doPrivileged@13 (line 400)
                      ; - java.security.ProtectionDomain$JavaSecurityAccessImpl::doIntersectionPrivilege@18 (line 87)
                      ; - java.awt.EventQueue::dispatchEvent@46 (line 742)
  0x0000017ae5cf9470: 1c47 aaff 

  0x0000017ae5cf9474: ;   {other}
  0x0000017ae5cf9474: 0f1f 8400 | 6409 000d | 4c8b 5424 | 2041 c642 | 2801 f083 | 4424 c000 | 453b 6230 | 0f85 1803 
  0x0000017ae5cf9494: 0000 4c8b | 5424 2041 | 8b6a 3485 | ed0f 8509 | 0900 0048 | 81c4 8000 

  0x0000017ae5cf94ac: ;   {poll_return}
  0x0000017ae5cf94ac: 0000 5d49 | 3ba7 4804 | 0000 0f87 | 1610 0000 

  0x0000017ae5cf94bc: ;   {metadata('java/awt/MenuComponent')}
  0x0000017ae5cf94bc: c349 b8a0 | d00a 817a | 0100 004d | 3bd0 0f84 | f408 0000 

  0x0000017ae5cf94d0: ;   {metadata('java/awt/TrayIcon')}
  0x0000017ae5cf94d0: 4181 fb20 | d30a 010f | 840b 0900 | 0045 33d2 | e9e3 faff | ff48 8b7e | 288b 0f48 | 83c7 0848 
  0x0000017ae5cf94f0: 85c0 f248 | af0f 8504 | 0000 0048 | 8946 200f | 8428 fcff | ff41 8b6b | 1045 8b5c | ec08 49b8 
  0x0000017ae5cf9510: 0000 0080 | 7a01 0000 | 4d03 c34d 

  0x0000017ae5cf951c: ;   {metadata('java/awt/Component')}
  0x0000017ae5cf951c: 8b58 3849 | b8d0 3904 | 817a 0100 | 004d 3bd8 | 0f85 ac09 | 0000 4c89 | 4c24 3848 | ff74 2458 
  0x0000017ae5cf953c: 488f 4424 | 3044 8974 | 242c 4489 | 5424 2848 | 895c 2420 | 498d 14ec | 4c8b 4424 | 3048 8beb 
  0x0000017ae5cf955c: 9048 b8ff | ffff ffff 

  0x0000017ae5cf9564: ;   {virtual_call}
  0x0000017ae5cf9564: ffff ffe8 

  0x0000017ae5cf9568: ; ImmutableOopMap {rbp=Oop [32]=Oop [40]=NarrowOop [48]=Oop }
                      ;*invokevirtual dispatchEventImpl {reexecute=0 rethrow=0 return_oop=0}
                      ; - java.awt.Component::dispatchEvent@2 (line 4828)
                      ; - java.awt.EventQueue::dispatchEventImpl@41 (line 775)
                      ; - java.awt.EventQueue$4::run@32 (line 720)
                      ; - java.awt.EventQueue$4::run@1 (line 714)
                      ; - java.security.AccessController::executePrivileged@29 (line 778)
                      ; - java.security.AccessController::doPrivileged@13 (line 400)
                      ; - java.security.ProtectionDomain$JavaSecurityAccessImpl::doIntersectionPrivilege@18 (line 87)
                      ; - java.awt.EventQueue::dispatchEvent@46 (line 742)
  0x0000017ae5cf9568: 1458 9dff 

  0x0000017ae5cf956c: ;   {other}
  0x0000017ae5cf956c: 0f1f 8400 | 5c0a 000e | 4c8b 5424 

  0x0000017ae5cf9578: ;   {metadata('java/awt/event/InputEvent')}
  0x0000017ae5cf9578: 3849 bb50 | 2d06 817a | 0100 004d | 3bd3 0f85 | 1bff ffff 

  0x0000017ae5cf958c: ;   {oop(a 'java/lang/Class'{0x0000000680560410} = 'sun/awt/AWTAccessor')}
  0x0000017ae5cf958c: 49ba 1004 | 5680 0600 | 0000 458b | 8a84 0000 | 0047 8b5c | cc08 448b 

  0x0000017ae5cf95a4: ;   {metadata('java/awt/event/MouseEvent')}
  0x0000017ae5cf95a4: 5424 2c41 | 81fa 00b6 | 2c01 0f85 | f709 0000 | 488b 6c24 

  0x0000017ae5cf95b8: ;   {metadata('java/awt/event/InputEvent$1')}
  0x0000017ae5cf95b8: 3041 81fb | 483a 0601 | 0f85 3a09 | 0000 4488 | 652c e9d8 | feff ff44 | 8b5c 2438 

  0x0000017ae5cf95d4: ;   {metadata('java/awt/event/InputMethodEvent')}
  0x0000017ae5cf95d4: 4181 fb10 | d60a 010f | 846d 0800 

  0x0000017ae5cf95e0: ;   {metadata('java/awt/event/ActionEvent')}
  0x0000017ae5cf95e0: 0041 81fb | 90d8 0a01 | 0f84 7e08 | 0000 4c8b | 5424 404d 

  0x0000017ae5cf95f4: ;   {metadata('java/awt/event/InvocationEvent')}
  0x0000017ae5cf95f4: 8b52 4849 | bb70 aa0a | 817a 0100 | 004d 3bd3 | 7516 4c8b | 5424 584d | 8b52 20e9 | 35fd ffff 
  0x0000017ae5cf9614: 4d8b dae9 | 40fd ffff | 49ba 0000 | 0000 0000 | 0080 e91e | fdff ff45 | 8b43 0c49 | c1e0 0348 
  0x0000017ae5cf9634: 8b4c 2428 | 4c3b c10f | 85ab 0000 | 0045 8b43 | 1041 ffc0 | 4585 c07c | 0f45 8943 | 10f0 8344 
  0x0000017ae5cf9654: 24c0 00e9 | 83fb ffff | 498b 87b8 | 0100 004c | 8bd0 4983 | c228 4d3b | 97c8 0100 | 000f 8395 
  0x0000017ae5cf9674: 0700 004d | 8997 b801 | 0000 410f | 1882 0001 | 0000 48c7 | 0001 0000 

  0x0000017ae5cf968c: ;   {metadata('java/lang/Error')}
  0x0000017ae5cf968c: 00c7 4008 | c807 0100 | 4489 600c | 4c89 6010 | 4c89 6018 | 4c89 6020 

  0x0000017ae5cf96a4: ;   {oop("Maximum lock count exceeded"{0x00000006813e88b0})}
  0x0000017ae5cf96a4: 488b e849 | b8b0 883e | 8106 0000 | 0048 8bd5 | 4889 5c24 | 2048 ff74 | 2458 488f | 4424 2848 
  0x0000017ae5cf96c4: 897c 2430 | 4c89 5c24 

  0x0000017ae5cf96cc: ;   {optimized virtual_call}
  0x0000017ae5cf96cc: 4066 90e8 

  0x0000017ae5cf96d0: ; ImmutableOopMap {rbp=Oop [32]=Oop [40]=Oop [48]=Oop [64]=Oop }
                      ;*invokespecial <init> {reexecute=0 rethrow=0 return_oop=0}
                      ; - java.util.concurrent.locks.ReentrantLock$NonfairSync::initialTryLock@45 (line 231)
                      ; - java.util.concurrent.locks.ReentrantLock$Sync::lock@1 (line 152)
                      ; - java.util.concurrent.locks.ReentrantLock::lock@4 (line 322)
                      ; - java.awt.EventQueue::setCurrentEventAndMostRecentTimeImpl@4 (line 1260)
                      ; - java.awt.EventQueue::dispatchEventImpl@14 (line 772)
                      ; - java.awt.EventQueue$4::run@32 (line 720)
                      ; - java.awt.EventQueue$4::run@1 (line 714)
                      ; - java.security.AccessController::executePrivileged@29 (line 778)
                      ; - java.security.AccessController::doPrivileged@13 (line 400)
                      ; - java.security.ProtectionDomain$JavaSecurityAccessImpl::doIntersectionPrivilege@18 (line 87)
                      ; - java.awt.EventQueue::dispatchEvent@46 (line 742)
  0x0000017ae5cf96d0: ac53 9dff 

  0x0000017ae5cf96d4: ;   {other}
  0x0000017ae5cf96d4: 0f1f 8400 | c40b 000f | 488b d548 | 81c4 8000 

  0x0000017ae5cf96e4: ;   {runtime_call _rethrow_Java}
  0x0000017ae5cf96e4: 0000 5de9 | 14a0 aaff | 4889 7c24 | 504c 894c | 2448 4889 | 7424 4048 | ff74 2458 | 488f 4424 
  0x0000017ae5cf9704: 3844 8974 | 2430 4489 | 5424 2c44 | 896c 2428 | 4889 5c24 | 2048 8be9 | 498b d341 | b801 0000 
  0x0000017ae5cf9724: ;   {optimized virtual_call}
  0x0000017ae5cf9724: 0066 90e8 

  0x0000017ae5cf9728: ; ImmutableOopMap {rbp=Oop [32]=Oop [40]=NarrowOop [44]=NarrowOop [56]=Oop [80]=Oop [88]=Oop }
                      ;*invokevirtual acquire {reexecute=0 rethrow=0 return_oop=0}
                      ; - java.util.concurrent.locks.ReentrantLock$Sync::lock@9 (line 153)
                      ; - java.util.concurrent.locks.ReentrantLock::lock@4 (line 322)
                      ; - java.awt.EventQueue::setCurrentEventAndMostRecentTimeImpl@4 (line 1260)
                      ; - java.awt.EventQueue::dispatchEventImpl@14 (line 772)
                      ; - java.awt.EventQueue$4::run@32 (line 720)
                      ; - java.awt.EventQueue$4::run@1 (line 714)
                      ; - java.security.AccessController::executePrivileged@29 (line 778)
                      ; - java.security.AccessController::doPrivileged@13 (line 400)
                      ; - java.security.ProtectionDomain$JavaSecurityAccessImpl::doIntersectionPrivilege@18 (line 87)
                      ; - java.awt.EventQueue::dispatchEvent@46 (line 742)
  0x0000017ae5cf9728: d494 edf8 

  0x0000017ae5cf972c: ;   {other}
  0x0000017ae5cf972c: 0f1f 8400 | 1c0c 0010 | 488b cd48 | 8b5c 2420 | 448b 6c24 | 2844 8b54 | 242c 448b | 7424 3048 
  0x0000017ae5cf974c: 8b74 2440 | 4c8b 4c24 | 4848 8b7c | 2450 e980 | faff ff45 | 33db e957 | fcff ff48 | 8b6c 2428 
  0x0000017ae5cf976c: 9048 b8e0 | 6977 197b 

  0x0000017ae5cf9774: ;   {virtual_call}
  0x0000017ae5cf9774: 0100 00e8 

  0x0000017ae5cf9778: ; ImmutableOopMap {rbp=Oop }
                      ;*invokeinterface dispatch {reexecute=0 rethrow=0 return_oop=0}
                      ; - java.awt.EventQueue::dispatchEventImpl@21 (line 773)
                      ; - java.awt.EventQueue$4::run@32 (line 720)
                      ; - java.awt.EventQueue$4::run@1 (line 714)
                      ; - java.security.AccessController::executePrivileged@29 (line 778)
                      ; - java.security.AccessController::doPrivileged@13 (line 400)
                      ; - java.security.ProtectionDomain$JavaSecurityAccessImpl::doIntersectionPrivilege@18 (line 87)
                      ; - java.awt.EventQueue::dispatchEvent@46 (line 742)
  0x0000017ae5cf9778: 1444 aaff 

  0x0000017ae5cf977c: ;   {other}
  0x0000017ae5cf977c: 0f1f 8400 | 6c0c 0011 | e91e fdff | ff49 8be8 | 9048 b8b0 | ae77 197b 

  0x0000017ae5cf9794: ;   {virtual_call}
  0x0000017ae5cf9794: 0100 00e8 

  0x0000017ae5cf9798: ; ImmutableOopMap {rbp=Oop [40]=Oop }
                      ;*invokeinterface run {reexecute=0 rethrow=0 return_oop=0}
                      ; - java.awt.event.InvocationEvent::dispatch@11 (line 308)
                      ; - java.awt.EventQueue::dispatchEventImpl@21 (line 773)
                      ; - java.awt.EventQueue$4::run@32 (line 720)
                      ; - java.awt.EventQueue$4::run@1 (line 714)
                      ; - java.security.AccessController::executePrivileged@29 (line 778)
                      ; - java.security.AccessController::doPrivileged@13 (line 400)
                      ; - java.security.ProtectionDomain$JavaSecurityAccessImpl::doIntersectionPrivilege@18 (line 87)
                      ; - java.awt.EventQueue::dispatchEvent@46 (line 742)
  0x0000017ae5cf9798: f443 aaff 

  0x0000017ae5cf979c: ;   {other}
  0x0000017ae5cf979c: 0f1f 8400 | 8c0c 0012 | 4889 6c24 | 20e9 cefc | ffff 458b | 5a30 4489 | 5c24 4045 | 85db 0f84 
  0x0000017ae5cf97bc: 7507 0000 | 4b8d 2cdc | 488d 5c24 | 7048 8b45 | 00a8 020f | 8524 0000 | 0048 83c8 | 0148 8903 
  0x0000017ae5cf97dc: f048 0fb1 | 5d00 0f84 | 3700 0000 | 482b c448 | 2507 f0ff | ff48 8903 | e924 0000 | 004c 8bd0 
  0x0000017ae5cf97fc: 4833 c0f0 | 4d0f b17a | 3e48 c703 | 0300 0000 | 7411 4c3b | f875 1549 | ff82 8600 | 0000 4833 
  0x0000017ae5cf981c: c075 0949 | ff87 4805 | 0000 33c0 | 0f85 4a07 | 0000 4c8b | 5424 2045 | 8b5a 3045 | 85db 0f84 
  0x0000017ae5cf983c: 0c07 0000 | 4b8d 14dc 

  0x0000017ae5cf9844: ;   {optimized virtual_call}
  0x0000017ae5cf9844: 6666 90e8 

  0x0000017ae5cf9848: ; ImmutableOopMap {rbp=Oop [32]=Oop [40]=Oop }
                      ;*invokevirtual notifyAll {reexecute=0 rethrow=0 return_oop=0}
                      ; - java.awt.event.InvocationEvent::finishedDispatching@23 (line 404)
                      ; - java.awt.event.InvocationEvent::dispatch@54 (line 321)
                      ; - java.awt.EventQueue::dispatchEventImpl@21 (line 773)
                      ; - java.awt.EventQueue$4::run@32 (line 720)
                      ; - java.awt.EventQueue$4::run@1 (line 714)
                      ; - java.security.AccessController::executePrivileged@29 (line 778)
                      ; - java.security.AccessController::doPrivileged@13 (line 400)
                      ; - java.security.ProtectionDomain$JavaSecurityAccessImpl::doIntersectionPrivilege@18 (line 87)
                      ; - java.awt.EventQueue::dispatchEvent@46 (line 742)
  0x0000017ae5cf9848: f4c7 feff 

  0x0000017ae5cf984c: ;   {other}
  0x0000017ae5cf984c: 0f1f 8400 | 3c0d 0013 | 488d 4424 | 7048 8338 | 000f 847b | 0000 004c | 8b55 0041 | f6c2 020f 
  0x0000017ae5cf986c: 8462 0000 | 0049 83ba | 8600 0000 | 0074 0949 | ff8a 8600 | 0000 eb4b | 498b 8296 | 0000 0049 
  0x0000017ae5cf988c: 0b82 8e00 | 0000 750a | 49c7 423e | 0000 0000 | eb3e 4983 | ba9e 0000 | 0000 7422 | 4833 c049 
  0x0000017ae5cf98ac: c742 3e00 | 0000 00f0 | 8304 2400 | 4983 ba9e | 0000 0000 | 750d f04d | 0fb1 7a3e | 7505 83c8 
  0x0000017ae5cf98cc: 01eb 0da8 | 00eb 094c | 8b10 f04c | 0fb1 5500 | 750a 49ff | 8f48 0500 | 0045 33d2 | 0f84 a8fb 
  0x0000017ae5cf98ec: ffff 488b | cd48 8d54 | 2470 4d8b | c749 ba70 | 2f56 99f9 | 7f00 0041 

  0x0000017ae5cf9904: ;   {other}
  0x0000017ae5cf9904: ffd2 0f1f | 8400 0000 | 0000 e983 | fbff ff49 | 8b87 b801 | 0000 4c8b | d049 83c2 | 284d 3b97 
  0x0000017ae5cf9924: c801 0000 | 0f83 5a05 | 0000 4d89 | 97b8 0100 | 0041 0f18 | 8200 0100 | 0048 c700 | 0100 0000 
  0x0000017ae5cf9944: ;   {metadata('java/security/AccessControlContext')}
  0x0000017ae5cf9944: c740 0880 | 9402 004c | 8960 104c | 8960 184c | 8960 20c7 | 400c 0101 | 0000 e921 | f6ff ff44 
  0x0000017ae5cf9964: 8b5e 1045 | 85db 0f84 | 1cf9 ffff | 4d8b 5728 | 498b cb48 | c1e1 034d | 85d2 0f84 | 9503 0000 
  0x0000017ae5cf9984: 4d8b 5f38 | 4b89 4c13 | f849 83c2 | f84d 8957 | 28e9 f2f8 | ffff 448b | 5424 3047 | 8b5c d440 
  0x0000017ae5cf99a4: 4585 db0f | 8431 f9ff | ff4d 8b57 | 2849 8bcb | 48c1 e103 | 4d85 d20f | 843b 0300 | 004d 8b5f 
  0x0000017ae5cf99c4: 384b 894c | 13f8 4983 | c2f8 4d89 | 5728 e907 | f9ff ff4d | 8b57 484d | 8b5f 58f0 | 8344 24c0 
  0x0000017ae5cf99e4: 0080 3900 | 0f84 28f9 | ffff 4488 | 214d 85d2 | 751d 498b | d749 ba40 | 1215 99f9 | 7f00 0041 
  0x0000017ae5cf9a04: ;   {other}
  0x0000017ae5cf9a04: ffd2 0f1f | 8400 0000 | 0000 e903 | f9ff ff4b | 894c 13f8 | 4983 c2f8 | 4d89 5748 | e9f1 f8ff 
  0x0000017ae5cf9a24: ff4d 8b57 | 584d 8b5f | 48f0 8344 | 24c0 0080 | 3900 0f84 | 91f8 ffff | 4488 214d | 85db 751d 
  0x0000017ae5cf9a44: 498b d749 | ba40 1215 | 99f9 7f00 | 0041 ffd2 

  0x0000017ae5cf9a54: ;   {other}
  0x0000017ae5cf9a54: 0f1f 8400 | 0000 0000 | e96c f8ff | ff4b 894c | 1af8 4983 | c3f8 4d89 | 5f48 e95a | f8ff ff45 
  0x0000017ae5cf9a74: 8b5c fc0c | 4585 db0f | 8432 f9ff | ff4d 8b57 | 2849 8bcb | 48c1 e103 | 4d85 d20f | 84a1 0200 
  0x0000017ae5cf9a94: 004d 8b5f | 384b 894c | 13f8 4983 | c2f8 4d89 | 5728 e908 | f9ff ff45 | 8b43 0c45 | 85c0 7453 
  0x0000017ae5cf9ab4: 4c89 5c24 | 4048 897c | 2438 4c89 | 4c24 3048 | 8974 2420 | 418b fa4d | 8b57 2849 | 8bc8 48c1 
  0x0000017ae5cf9ad4: e103 4d85 | d20f 8474 | 0200 004d | 8b5f 384b | 894c 13f8 | 4983 c2f8 | 4d89 5728 | 448b d748 
  0x0000017ae5cf9af4: 8b74 2420 | 4c8b 4c24 | 3048 8b7c | 2438 4c8b | 5c24 4041 | 8bea 4c89 | 4c24 20e9 | 83f6 ffff 
  0x0000017ae5cf9b14: 4d8b 5748 | 4d8b 5f58 | f083 4424 | c000 8039 | 000f 84a7 | f6ff ff44 | 8821 4d85 | d275 1d49 
  0x0000017ae5cf9b34: 8bd7 49ba | 4012 1599 | f97f 0000 

  0x0000017ae5cf9b40: ;   {other}
  0x0000017ae5cf9b40: 41ff d20f | 1f84 0000 | 0000 00e9 | 82f6 ffff | 4b89 4c13 | f849 83c2 | f84d 8957 | 48e9 70f6 
  0x0000017ae5cf9b60: ffff 498b | 87b8 0100 | 004c 8bd0 | 4983 c228 | 4d3b 97c8 | 0100 000f | 839b 0300 | 004d 8997 
  0x0000017ae5cf9b80: b801 0000 | 410f 1882 | 0001 0000 | 48c7 0001 

  0x0000017ae5cf9b90: ;   {metadata('java/security/AccessControlContext')}
  0x0000017ae5cf9b90: 0000 00c7 | 4008 8094 | 0200 4c89 | 6010 4c89 | 6018 4c89 | 6020 c740 | 0c01 0100 | 004c 8bc0 
  0x0000017ae5cf9bb0: e9a6 f4ff | ff4c 8954 | 2430 896c | 2428 498b 

  0x0000017ae5cf9bc0: ;   {metadata('java/awt/EventQueue$4')}
  0x0000017ae5cf9bc0: e848 ba78 | ce0a 817a 

  0x0000017ae5cf9bc8: ;   {runtime_call _new_instance_Java}
  0x0000017ae5cf9bc8: 0100 00e8 

  0x0000017ae5cf9bcc: ; ImmutableOopMap {rbp=Oop [32]=Oop [40]=NarrowOop [48]=Oop [56]=Oop }
                      ;*new {reexecute=0 rethrow=0 return_oop=1}
                      ; - java.awt.EventQueue::dispatchEvent@5 (line 714)
  0x0000017ae5cf9bcc: 3022 aaff 

  0x0000017ae5cf9bd0: ;   {other}
  0x0000017ae5cf9bd0: 0f1f 8400 | c010 0014 | 8b6c 2428 | 4c8b 5424 | 304c 8954 | 2428 e948 

  0x0000017ae5cf9be8: ;   {metadata('java/lang/ref/WeakReference')}
  0x0000017ae5cf9be8: f3ff ff48 | ba18 da03 | 807a 0100 | 0048 8beb 

  0x0000017ae5cf9bf8: ;   {runtime_call _new_instance_Java}
  0x0000017ae5cf9bf8: 6666 90e8 

  0x0000017ae5cf9bfc: ; ImmutableOopMap {rbp=Oop [32]=Oop [40]=Oop [48]=NarrowOop [52]=NarrowOop [80]=Oop [88]=Oop }
                      ;*new {reexecute=0 rethrow=0 return_oop=1}
                      ; - java.awt.EventQueue::setCurrentEventAndMostRecentTimeImpl@36 (line 1266)
                      ; - java.awt.EventQueue::dispatchEventImpl@14 (line 772)
                      ; - java.awt.EventQueue$4::run@32 (line 720)
                      ; - java.awt.EventQueue$4::run@1 (line 714)
                      ; - java.security.AccessController::executePrivileged@29 (line 778)
                      ; - java.security.AccessController::doPrivileged@13 (line 400)
                      ; - java.security.ProtectionDomain$JavaSecurityAccessImpl::doIntersectionPrivilege@18 (line 87)
                      ; - java.awt.EventQueue::dispatchEvent@46 (line 742)
  0x0000017ae5cf9bfc: 0022 aaff 

  0x0000017ae5cf9c00: ;   {other}
  0x0000017ae5cf9c00: 0f1f 8400 | f010 0015 | 488b f0e9 | 6af6 ffff | baec ffff | ff48 895c 

  0x0000017ae5cf9c18: ;   {runtime_call UncommonTrapBlob}
  0x0000017ae5cf9c18: 2420 90e8 

  0x0000017ae5cf9c1c: ; ImmutableOopMap {rbp=NarrowOop [32]=Oop [48]=Oop }
                      ;*ifnull {reexecute=1 rethrow=0 return_oop=0}
                      ; - (reexecute) java.awt.EventQueue$4::run@7 (line 719)
                      ; - java.awt.EventQueue$4::run@1 (line 714)
                      ; - java.security.AccessController::executePrivileged@29 (line 778)
                      ; - java.security.AccessController::doPrivileged@13 (line 400)
                      ; - java.security.ProtectionDomain$JavaSecurityAccessImpl::doIntersectionPrivilege@18 (line 87)
                      ; - java.awt.EventQueue::dispatchEvent@46 (line 742)
  0x0000017ae5cf9c1c: e0a9 9dff 

  0x0000017ae5cf9c20: ;   {other}
  0x0000017ae5cf9c20: 0f1f 8400 | 1011 0016 | bade ffff | ff48 895c | 2420 4489 | 6c24 2c44 | 8954 2430 

  0x0000017ae5cf9c3c: ;   {runtime_call UncommonTrapBlob}
  0x0000017ae5cf9c3c: 6666 90e8 

  0x0000017ae5cf9c40: ; ImmutableOopMap {rbp=NarrowOop [32]=Oop [44]=NarrowOop [48]=NarrowOop }
                      ;*invokeinterface lock {reexecute=0 rethrow=0 return_oop=0}
                      ; - java.awt.EventQueue::setCurrentEventAndMostRecentTimeImpl@4 (line 1260)
                      ; - java.awt.EventQueue::dispatchEventImpl@14 (line 772)
                      ; - java.awt.EventQueue$4::run@32 (line 720)
                      ; - java.awt.EventQueue$4::run@1 (line 714)
                      ; - java.security.AccessController::executePrivileged@29 (line 778)
                      ; - java.security.AccessController::doPrivileged@13 (line 400)
                      ; - java.security.ProtectionDomain$JavaSecurityAccessImpl::doIntersectionPrivilege@18 (line 87)
                      ; - java.awt.EventQueue::dispatchEvent@46 (line 742)
  0x0000017ae5cf9c40: bca9 9dff 

  0x0000017ae5cf9c44: ;   {other}
  0x0000017ae5cf9c44: 0f1f 8400 | 3411 0017 | bade ffff | ff48 8beb | 4489 6c24 | 2444 8954 | 2428 4489 

  0x0000017ae5cf9c60: ;   {runtime_call UncommonTrapBlob}
  0x0000017ae5cf9c60: 5c24 30e8 

  0x0000017ae5cf9c64: ; ImmutableOopMap {rbp=Oop [36]=NarrowOop [40]=NarrowOop [48]=NarrowOop }
                      ;*invokevirtual initialTryLock {reexecute=0 rethrow=0 return_oop=0}
                      ; - java.util.concurrent.locks.ReentrantLock$Sync::lock@1 (line 152)
                      ; - java.util.concurrent.locks.ReentrantLock::lock@4 (line 322)
                      ; - java.awt.EventQueue::setCurrentEventAndMostRecentTimeImpl@4 (line 1260)
                      ; - java.awt.EventQueue::dispatchEventImpl@14 (line 772)
                      ; - java.awt.EventQueue$4::run@32 (line 720)
                      ; - java.awt.EventQueue$4::run@1 (line 714)
                      ; - java.security.AccessController::executePrivileged@29 (line 778)
                      ; - java.security.AccessController::doPrivileged@13 (line 400)
                      ; - java.security.ProtectionDomain$JavaSecurityAccessImpl::doIntersectionPrivilege@18 (line 87)
                      ; - java.awt.EventQueue::dispatchEvent@46 (line 742)
  0x0000017ae5cf9c64: 98a9 9dff 

  0x0000017ae5cf9c68: ;   {other}
  0x0000017ae5cf9c68: 0f1f 8400 | 5811 0018 | bade ffff | ff4c 8b54 | 2428 4c89 

  0x0000017ae5cf9c7c: ;   {runtime_call UncommonTrapBlob}
  0x0000017ae5cf9c7c: 5424 20e8 

  0x0000017ae5cf9c80: ; ImmutableOopMap {rbp=NarrowOop [32]=Oop [52]=NarrowOop }
                      ;*invokeinterface unlock {reexecute=0 rethrow=0 return_oop=0}
                      ; - java.awt.EventQueue::setCurrentEventAndMostRecentTimeImpl@168 (line 1295)
                      ; - java.awt.EventQueue::dispatchEventImpl@14 (line 772)
                      ; - java.awt.EventQueue$4::run@32 (line 720)
                      ; - java.awt.EventQueue$4::run@1 (line 714)
                      ; - java.security.AccessController::executePrivileged@29 (line 778)
                      ; - java.security.AccessController::doPrivileged@13 (line 400)
                      ; - java.security.ProtectionDomain$JavaSecurityAccessImpl::doIntersectionPrivilege@18 (line 87)
                      ; - java.awt.EventQueue::dispatchEvent@46 (line 742)
  0x0000017ae5cf9c80: 7ca9 9dff 

  0x0000017ae5cf9c84: ;   {other}
  0x0000017ae5cf9c84: 0f1f 8400 | 7411 0019 | ba45 ffff | ff4c 8b5c | 2430 4c89 | 5c24 2848 | 8944 2430 | 4c89 5424 
  0x0000017ae5cf9ca4: ;   {runtime_call UncommonTrapBlob}
  0x0000017ae5cf9ca4: 3866 90e8 

  0x0000017ae5cf9ca8: ; ImmutableOopMap {rbp=NarrowOop [32]=Oop [40]=Oop [48]=Oop [56]=Oop }
                      ;*ifnonnull {reexecute=1 rethrow=0 return_oop=0}
                      ; - (reexecute) java.awt.AWTEvent::getAccessControlContext@4 (line 127)
                      ; - java.awt.EventQueue::dispatchEvent@28 (line 740)
  0x0000017ae5cf9ca8: 54a9 9dff 

  0x0000017ae5cf9cac: ;   {other}
  0x0000017ae5cf9cac: 0f1f 8400 | 9c11 001a | ba45 ffff | ff4c 8b54 | 2438 4c89 | 5424 2848 | 8944 2438 

  0x0000017ae5cf9cc8: ;   {runtime_call UncommonTrapBlob}
  0x0000017ae5cf9cc8: 6666 90e8 

  0x0000017ae5cf9ccc: ; ImmutableOopMap {rbp=NarrowOop [32]=Oop [40]=Oop [48]=Oop [56]=Oop }
                      ;*ifnonnull {reexecute=1 rethrow=0 return_oop=0}
                      ; - (reexecute) java.awt.Component::getAccessControlContext@4 (line 719)
                      ; - java.awt.EventQueue::getAccessControlContextFrom@11 (line 757)
                      ; - java.awt.EventQueue::dispatchEvent@22 (line 738)
  0x0000017ae5cf9ccc: 30a9 9dff 

  0x0000017ae5cf9cd0: ;   {other}
  0x0000017ae5cf9cd0: 0f1f 8400 | c011 001b | ba45 ffff | ff48 895c | 2420 4489 | 6c24 2c44 | 8954 2430 

  0x0000017ae5cf9cec: ;   {runtime_call UncommonTrapBlob}
  0x0000017ae5cf9cec: 6666 90e8 

  0x0000017ae5cf9cf0: ; ImmutableOopMap {[32]=Oop [44]=NarrowOop [48]=NarrowOop }
                      ;*ifne {reexecute=1 rethrow=0 return_oop=0}
                      ; - (reexecute) java.awt.EventQueue::setCurrentEventAndMostRecentTimeImpl@12 (line 1262)
                      ; - java.awt.EventQueue::dispatchEventImpl@14 (line 772)
                      ; - java.awt.EventQueue$4::run@32 (line 720)
                      ; - java.awt.EventQueue$4::run@1 (line 714)
                      ; - java.security.AccessController::executePrivileged@29 (line 778)
                      ; - java.security.AccessController::doPrivileged@13 (line 400)
                      ; - java.security.ProtectionDomain$JavaSecurityAccessImpl::doIntersectionPrivilege@18 (line 87)
                      ; - java.awt.EventQueue::dispatchEvent@46 (line 742)
  0x0000017ae5cf9cf0: 0ca9 9dff 

  0x0000017ae5cf9cf4: ;   {other}
  0x0000017ae5cf9cf4: 0f1f 8400 | e411 001c | 498b d749 | ba60 1215 | 99f9 7f00 | 0041 ffd2 

  0x0000017ae5cf9d0c: ;   {other}
  0x0000017ae5cf9d0c: 0f1f 8400 | 0000 0000 | e9c5 f5ff | ff49 8bd7 | 49ba 6012 | 1599 f97f | 0000 41ff 

  0x0000017ae5cf9d28: ;   {other}
  0x0000017ae5cf9d28: d20f 1f84 | 0000 0000 | 00e9 56f5 | ffff 498b | d749 ba60 | 1215 99f9 | 7f00 0041 

  0x0000017ae5cf9d44: ;   {other}
  0x0000017ae5cf9d44: ffd2 0f1f | 8400 0000 | 0000 e960 | f6ff ff49 | 8bd7 49ba | 6012 1599 | f97f 0000 

  0x0000017ae5cf9d60: ;   {other}
  0x0000017ae5cf9d60: 41ff d20f | 1f84 0000 | 0000 00e9 | 80fd ffff | ba45 ffff 

  0x0000017ae5cf9d74: ;   {runtime_call UncommonTrapBlob}
  0x0000017ae5cf9d74: ff66 90e8 

  0x0000017ae5cf9d78: ; ImmutableOopMap {rbp=NarrowOop [32]=Oop [40]=Oop [48]=NarrowOop [52]=NarrowOop }
                      ;*if_acmpeq {reexecute=1 rethrow=0 return_oop=0}
                      ; - (reexecute) java.awt.EventQueue::setCurrentEventAndMostRecentTimeImpl@22 (line 1262)
                      ; - java.awt.EventQueue::dispatchEventImpl@14 (line 772)
                      ; - java.awt.EventQueue$4::run@32 (line 720)
                      ; - java.awt.EventQueue$4::run@1 (line 714)
                      ; - java.security.AccessController::executePrivileged@29 (line 778)
                      ; - java.security.AccessController::doPrivileged@13 (line 400)
                      ; - java.security.ProtectionDomain$JavaSecurityAccessImpl::doIntersectionPrivilege@18 (line 87)
                      ; - java.awt.EventQueue::dispatchEvent@46 (line 742)
  0x0000017ae5cf9d78: 84a8 9dff 

  0x0000017ae5cf9d7c: ;   {other}
  0x0000017ae5cf9d7c: 0f1f 8400 | 6c12 001d | ba45 ffff | ff4c 8b54 | 2428 4c89 | 5424 2089 | 5c24 2889 | 7c24 2c4c 
  0x0000017ae5cf9d9c: 895c 2430 

  0x0000017ae5cf9da0: ;   {runtime_call UncommonTrapBlob}
  0x0000017ae5cf9da0: 6666 90e8 

  0x0000017ae5cf9da4: ; ImmutableOopMap {rbp=NarrowOop [32]=Oop [40]=NarrowOop [44]=NarrowOop [48]=Oop }
                      ;*if_acmpeq {reexecute=1 rethrow=0 return_oop=0}
                      ; - (reexecute) java.util.concurrent.locks.ReentrantLock$Sync::tryRelease@14 (line 174)
                      ; - java.util.concurrent.locks.AbstractQueuedSynchronizer::release@2 (line 1059)
                      ; - java.util.concurrent.locks.ReentrantLock::unlock@5 (line 494)
                      ; - java.awt.EventQueue::setCurrentEventAndMostRecentTimeImpl@168 (line 1295)
                      ; - java.awt.EventQueue::dispatchEventImpl@14 (line 772)
                      ; - java.awt.EventQueue$4::run@32 (line 720)
                      ; - java.awt.EventQueue$4::run@1 (line 714)
                      ; - java.security.AccessController::executePrivileged@29 (line 778)
                      ; - java.security.AccessController::doPrivileged@13 (line 400)
                      ; - java.security.ProtectionDomain$JavaSecurityAccessImpl::doIntersectionPrivilege@18 (line 87)
                      ; - java.awt.EventQueue::dispatchEvent@46 (line 742)
  0x0000017ae5cf9da4: 58a8 9dff 

  0x0000017ae5cf9da8: ;   {other}
  0x0000017ae5cf9da8: 0f1f 8400 | 9812 001e | ba45 ffff 

  0x0000017ae5cf9db4: ;   {runtime_call UncommonTrapBlob}
  0x0000017ae5cf9db4: ff66 90e8 

  0x0000017ae5cf9db8: ; ImmutableOopMap {rbp=NarrowOop [32]=Oop [40]=Oop }
                      ;*ifnull {reexecute=1 rethrow=0 return_oop=0}
                      ; - (reexecute) java.awt.event.InvocationEvent::finishedDispatching@40 (line 408)
                      ; - java.awt.event.InvocationEvent::dispatch@54 (line 321)
                      ; - java.awt.EventQueue::dispatchEventImpl@21 (line 773)
                      ; - java.awt.EventQueue$4::run@32 (line 720)
                      ; - java.awt.EventQueue$4::run@1 (line 714)
                      ; - java.security.AccessController::executePrivileged@29 (line 778)
                      ; - java.security.AccessController::doPrivileged@13 (line 400)
                      ; - java.security.ProtectionDomain$JavaSecurityAccessImpl::doIntersectionPrivilege@18 (line 87)
                      ; - java.awt.EventQueue::dispatchEvent@46 (line 742)
  0x0000017ae5cf9db8: 44a8 9dff 

  0x0000017ae5cf9dbc: ;   {other}
  0x0000017ae5cf9dbc: 0f1f 8400 | ac12 001f | ba45 ffff | ff4c 8b54 | 2438 4c89 | 5424 2848 | 8944 2438 

  0x0000017ae5cf9dd8: ;   {runtime_call UncommonTrapBlob}
  0x0000017ae5cf9dd8: 6666 90e8 

  0x0000017ae5cf9ddc: ; ImmutableOopMap {rbp=NarrowOop [32]=Oop [40]=Oop [48]=Oop [56]=Oop }
                      ;*ifeq {reexecute=1 rethrow=0 return_oop=0}
                      ; - (reexecute) java.awt.EventQueue::getAccessControlContextFrom@21 (line 758)
                      ; - java.awt.EventQueue::dispatchEvent@22 (line 738)
  0x0000017ae5cf9ddc: 20a8 9dff 

  0x0000017ae5cf9de0: ;   {other}
  0x0000017ae5cf9de0: 0f1f 8400 | d012 0020 | ba45 ffff | ff4c 8b54 | 2438 4c89 | 5424 2848 | 8944 2438 

  0x0000017ae5cf9dfc: ;   {runtime_call UncommonTrapBlob}
  0x0000017ae5cf9dfc: 6666 90e8 

  0x0000017ae5cf9e00: ; ImmutableOopMap {rbp=NarrowOop [32]=Oop [40]=Oop [48]=Oop [56]=Oop }
                      ;*ifeq {reexecute=1 rethrow=0 return_oop=0}
                      ; - (reexecute) java.awt.EventQueue::getAccessControlContextFrom@38 (line 760)
                      ; - java.awt.EventQueue::dispatchEvent@22 (line 738)
  0x0000017ae5cf9e00: fca7 9dff 

  0x0000017ae5cf9e04: ;   {other}
  0x0000017ae5cf9e04: 0f1f 8400 | f412 0021 | 4c89 5c24 | 3048 897c | 2428 48ff | 7424 5848 | 8f44 2420 

  0x0000017ae5cf9e20: ;   {metadata('java/lang/Error')}
  0x0000017ae5cf9e20: 488b eb48 | bac8 0701 | 807a 0100 

  0x0000017ae5cf9e2c: ;   {runtime_call _new_instance_Java}
  0x0000017ae5cf9e2c: 0066 90e8 

  0x0000017ae5cf9e30: ; ImmutableOopMap {rbp=Oop [32]=Oop [40]=Oop [48]=Oop [88]=Oop }
                      ;*new {reexecute=0 rethrow=0 return_oop=1}
                      ; - java.util.concurrent.locks.ReentrantLock$NonfairSync::initialTryLock@39 (line 231)
                      ; - java.util.concurrent.locks.ReentrantLock$Sync::lock@1 (line 152)
                      ; - java.util.concurrent.locks.ReentrantLock::lock@4 (line 322)
                      ; - java.awt.EventQueue::setCurrentEventAndMostRecentTimeImpl@4 (line 1260)
                      ; - java.awt.EventQueue::dispatchEventImpl@14 (line 772)
                      ; - java.awt.EventQueue$4::run@32 (line 720)
                      ; - java.awt.EventQueue$4::run@1 (line 714)
                      ; - java.security.AccessController::executePrivileged@29 (line 778)
                      ; - java.security.AccessController::doPrivileged@13 (line 400)
                      ; - java.security.ProtectionDomain$JavaSecurityAccessImpl::doIntersectionPrivilege@18 (line 87)
                      ; - java.awt.EventQueue::dispatchEvent@46 (line 742)
  0x0000017ae5cf9e30: cc1f aaff 

  0x0000017ae5cf9e34: ;   {other}
  0x0000017ae5cf9e34: 0f1f 8400 | 2413 0022 | 488b dd48 | 8b7c 2428 | 4c8b 5c24 | 30e9 56f8 | ffff ba45 | ffff ff48 
  0x0000017ae5cf9e54: 8b6c 2428 | 895c 2428 

  0x0000017ae5cf9e5c: ;   {runtime_call UncommonTrapBlob}
  0x0000017ae5cf9e5c: 6666 90e8 

  0x0000017ae5cf9e60: ; ImmutableOopMap {rbp=Oop [40]=NarrowOop [48]=NarrowOop [52]=NarrowOop }
                      ;*ifeq {reexecute=1 rethrow=0 return_oop=0}
                      ; - (reexecute) java.awt.EventQueue::setCurrentEventAndMostRecentTimeImpl@93 (line 1283)
                      ; - java.awt.EventQueue::dispatchEventImpl@14 (line 772)
                      ; - java.awt.EventQueue$4::run@32 (line 720)
                      ; - java.awt.EventQueue$4::run@1 (line 714)
                      ; - java.security.AccessController::executePrivileged@29 (line 778)
                      ; - java.security.AccessController::doPrivileged@13 (line 400)
                      ; - java.security.ProtectionDomain$JavaSecurityAccessImpl::doIntersectionPrivilege@18 (line 87)
                      ; - java.awt.EventQueue::dispatchEvent@46 (line 742)
  0x0000017ae5cf9e60: 9ca7 9dff 

  0x0000017ae5cf9e64: ;   {other}
  0x0000017ae5cf9e64: 0f1f 8400 | 5413 0023 | ba45 ffff | ff48 8b6c | 2428 895c 

  0x0000017ae5cf9e78: ;   {runtime_call UncommonTrapBlob}
  0x0000017ae5cf9e78: 2428 90e8 

  0x0000017ae5cf9e7c: ; ImmutableOopMap {rbp=Oop [40]=NarrowOop [48]=NarrowOop [52]=NarrowOop }
                      ;*ifeq {reexecute=1 rethrow=0 return_oop=0}
                      ; - (reexecute) java.awt.EventQueue::setCurrentEventAndMostRecentTimeImpl@115 (line 1286)
                      ; - java.awt.EventQueue::dispatchEventImpl@14 (line 772)
                      ; - java.awt.EventQueue$4::run@32 (line 720)
                      ; - java.awt.EventQueue$4::run@1 (line 714)
                      ; - java.security.AccessController::executePrivileged@29 (line 778)
                      ; - java.security.AccessController::doPrivileged@13 (line 400)
                      ; - java.security.ProtectionDomain$JavaSecurityAccessImpl::doIntersectionPrivilege@18 (line 87)
                      ; - java.awt.EventQueue::dispatchEvent@46 (line 742)
  0x0000017ae5cf9e7c: 80a7 9dff 

  0x0000017ae5cf9e80: ;   {other}
  0x0000017ae5cf9e80: 0f1f 8400 | 7013 0024 | 4c8b 5424 | 304c 8954 | 2440 4c8b | 5424 284c | 8954 2430 | 896c 2428 
  0x0000017ae5cf9ea0: 488b 6c24 

  0x0000017ae5cf9ea4: ;   {metadata('java/security/AccessControlContext')}
  0x0000017ae5cf9ea4: 3848 ba80 | 9402 807a 

  0x0000017ae5cf9eac: ;   {runtime_call _new_instance_Java}
  0x0000017ae5cf9eac: 0100 00e8 

  0x0000017ae5cf9eb0: ; ImmutableOopMap {rbp=Oop [32]=Oop [40]=NarrowOop [48]=Oop [64]=Oop }
                      ;*new {reexecute=0 rethrow=0 return_oop=1}
                      ; - java.security.AccessController::getContext@8 (line 1010)
                      ; - java.awt.EventQueue::dispatchEvent@16 (line 736)
  0x0000017ae5cf9eb0: 4c1f aaff 

  0x0000017ae5cf9eb4: ;   {other}
  0x0000017ae5cf9eb4: 0f1f 8400 | a413 0025 | 4889 6c24 | 388b 6c24 | 284c 8b54 | 2430 4c89 | 5424 284c | 8b54 2440 
  0x0000017ae5cf9ed4: 4c89 5424 | 30e9 79fa | ffff ba45 | ffff ff48 | 895c 2420 | 4489 6c24 | 2844 8954 

  0x0000017ae5cf9ef0: ;   {runtime_call UncommonTrapBlob}
  0x0000017ae5cf9ef0: 242c 90e8 

  0x0000017ae5cf9ef4: ; ImmutableOopMap {rbp=NarrowOop [32]=Oop [40]=NarrowOop [44]=NarrowOop }
                      ;*ifeq {reexecute=1 rethrow=0 return_oop=0}
                      ; - (reexecute) java.awt.EventQueue::dispatchEventImpl@33 (line 774)
                      ; - java.awt.EventQueue$4::run@32 (line 720)
                      ; - java.awt.EventQueue$4::run@1 (line 714)
                      ; - java.security.AccessController::executePrivileged@29 (line 778)
                      ; - java.security.AccessController::doPrivileged@13 (line 400)
                      ; - java.security.ProtectionDomain$JavaSecurityAccessImpl::doIntersectionPrivilege@18 (line 87)
                      ; - java.awt.EventQueue::dispatchEvent@46 (line 742)
  0x0000017ae5cf9ef4: 08a7 9dff 

  0x0000017ae5cf9ef8: ;   {other}
  0x0000017ae5cf9ef8: 0f1f 8400 | e813 0026 | bade ffff | ff44 894c 

  0x0000017ae5cf9f08: ;   {runtime_call UncommonTrapBlob}
  0x0000017ae5cf9f08: 2428 90e8 

  0x0000017ae5cf9f0c: ; ImmutableOopMap {rbp=Oop [32]=Oop [40]=NarrowOop }
                      ;*invokeinterface setCanAccessSystemClipboard {reexecute=0 rethrow=0 return_oop=0}
                      ; - java.awt.AWTEvent::dispatched@15 (line 597)
                      ; - java.awt.EventQueue::dispatchEventImpl@45 (line 776)
                      ; - java.awt.EventQueue$4::run@32 (line 720)
                      ; - java.awt.EventQueue$4::run@1 (line 714)
                      ; - java.security.AccessController::executePrivileged@29 (line 778)
                      ; - java.security.AccessController::doPrivileged@13 (line 400)
                      ; - java.security.ProtectionDomain$JavaSecurityAccessImpl::doIntersectionPrivilege@18 (line 87)
                      ; - java.awt.EventQueue::dispatchEvent@46 (line 742)
  0x0000017ae5cf9f0c: f0a6 9dff 

  0x0000017ae5cf9f10: ;   {other}
  0x0000017ae5cf9f10: 0f1f 8400 | 0014 0027 

  0x0000017ae5cf9f18: ;   {metadata('java/security/AccessControlContext')}
  0x0000017ae5cf9f18: 48ba 8094 | 0280 7a01 

  0x0000017ae5cf9f20: ;   {runtime_call _new_instance_Java}
  0x0000017ae5cf9f20: 0000 90e8 

  0x0000017ae5cf9f24: ; ImmutableOopMap {rbp=Oop [32]=NarrowOop [40]=Oop [48]=Oop [56]=Oop }
                      ;*new {reexecute=0 rethrow=0 return_oop=1}
                      ; - java.security.AccessController::getContext@8 (line 1010)
                      ; - java.security.ProtectionDomain$JavaSecurityAccessImpl::doIntersectionPrivilege@2 (line 99)
                      ; - java.awt.EventQueue$5::run@11 (line 747)
                      ; - java.awt.EventQueue$5::run@1 (line 745)
                      ; - java.security.AccessController::executePrivileged@29 (line 778)
                      ; - java.security.AccessController::doPrivileged@13 (line 400)
                      ; - java.security.ProtectionDomain$JavaSecurityAccessImpl::doIntersectionPrivilege@18 (line 87)
                      ; - java.awt.EventQueue::dispatchEvent@73 (line 744)
  0x0000017ae5cf9f24: d81e aaff 

  0x0000017ae5cf9f28: ;   {other}
  0x0000017ae5cf9f28: 0f1f 8400 | 1814 0028 | e971 fcff | ffba f6ff | ffff 488b 

  0x0000017ae5cf9f3c: ;   {runtime_call UncommonTrapBlob}
  0x0000017ae5cf9f3c: 6c24 28e8 

  0x0000017ae5cf9f40: ; ImmutableOopMap {rbp=Oop [32]=Oop }
                      ;*monitorenter {reexecute=0 rethrow=0 return_oop=0}
                      ; - java.awt.event.InvocationEvent::finishedDispatching@18 (line 403)
                      ; - java.awt.event.InvocationEvent::dispatch@54 (line 321)
                      ; - java.awt.EventQueue::dispatchEventImpl@21 (line 773)
                      ; - java.awt.EventQueue$4::run@32 (line 720)
                      ; - java.awt.EventQueue$4::run@1 (line 714)
                      ; - java.security.AccessController::executePrivileged@29 (line 778)
                      ; - java.security.AccessController::doPrivileged@13 (line 400)
                      ; - java.security.ProtectionDomain$JavaSecurityAccessImpl::doIntersectionPrivilege@18 (line 87)
                      ; - java.awt.EventQueue::dispatchEvent@46 (line 742)
  0x0000017ae5cf9f40: bca6 9dff 

  0x0000017ae5cf9f44: ;   {other}
  0x0000017ae5cf9f44: 0f1f 8400 | 3414 0029 | baf6 ffff | ff48 8b6c | 2428 4889 | 4424 f88b | 4424 4089 | 4424 2848 
  0x0000017ae5cf9f64: 8b44 24f8 

  0x0000017ae5cf9f68: ;   {runtime_call UncommonTrapBlob}
  0x0000017ae5cf9f68: 6666 90e8 

  0x0000017ae5cf9f6c: ; ImmutableOopMap {rbp=Oop [32]=Oop [40]=NarrowOop }
                      ;*invokevirtual notifyAll {reexecute=0 rethrow=0 return_oop=0}
                      ; - java.awt.event.InvocationEvent::finishedDispatching@23 (line 404)
                      ; - java.awt.event.InvocationEvent::dispatch@54 (line 321)
                      ; - java.awt.EventQueue::dispatchEventImpl@21 (line 773)
                      ; - java.awt.EventQueue$4::run@32 (line 720)
                      ; - java.awt.EventQueue$4::run@1 (line 714)
                      ; - java.security.AccessController::executePrivileged@29 (line 778)
                      ; - java.security.AccessController::doPrivileged@13 (line 400)
                      ; - java.security.ProtectionDomain$JavaSecurityAccessImpl::doIntersectionPrivilege@18 (line 87)
                      ; - java.awt.EventQueue::dispatchEvent@46 (line 742)
  0x0000017ae5cf9f6c: 90a6 9dff 

  0x0000017ae5cf9f70: ;   {other}
  0x0000017ae5cf9f70: 0f1f 8400 | 6014 002a | 4889 6c24 | 3048 8b6c | 2420 488b | 5424 304c | 8d44 2470 

  0x0000017ae5cf9f8c: ;   {runtime_call _complete_monitor_locking_Java}
  0x0000017ae5cf9f8c: 6666 90e8 

  0x0000017ae5cf9f90: ; ImmutableOopMap {rbp=Oop [40]=Oop [48]=Oop [64]=NarrowOop }
                      ;*monitorenter {reexecute=0 rethrow=0 return_oop=0}
                      ; - java.awt.event.InvocationEvent::finishedDispatching@18 (line 403)
                      ; - java.awt.event.InvocationEvent::dispatch@54 (line 321)
                      ; - java.awt.EventQueue::dispatchEventImpl@21 (line 773)
                      ; - java.awt.EventQueue$4::run@32 (line 720)
                      ; - java.awt.EventQueue$4::run@1 (line 714)
                      ; - java.security.AccessController::executePrivileged@29 (line 778)
                      ; - java.security.AccessController::doPrivileged@13 (line 400)
                      ; - java.security.ProtectionDomain$JavaSecurityAccessImpl::doIntersectionPrivilege@18 (line 87)
                      ; - java.awt.EventQueue::dispatchEvent@46 (line 742)
  0x0000017ae5cf9f90: 6c8e aaff 

  0x0000017ae5cf9f94: ;   {other}
  0x0000017ae5cf9f94: 0f1f 8400 | 8414 002b | 4889 6c24 | 2048 8b6c | 2430 e983 | f8ff ffba | deff ffff | 4489 4c24 
  0x0000017ae5cf9fb4: ;   {runtime_call UncommonTrapBlob}
  0x0000017ae5cf9fb4: 2066 90e8 

  0x0000017ae5cf9fb8: ; ImmutableOopMap {rbp=Oop [32]=NarrowOop [40]=NarrowOop }
                      ;*checkcast {reexecute=0 rethrow=0 return_oop=0}
                      ; - java.awt.AWTEvent::dispatched@11 (line 596)
                      ; - java.awt.EventQueue::dispatchEventImpl@45 (line 776)
                      ; - java.awt.EventQueue$4::run@32 (line 720)
                      ; - java.awt.EventQueue$4::run@1 (line 714)
                      ; - java.security.AccessController::executePrivileged@29 (line 778)
                      ; - java.security.AccessController::doPrivileged@13 (line 400)
                      ; - java.security.ProtectionDomain$JavaSecurityAccessImpl::doIntersectionPrivilege@18 (line 87)
                      ; - java.awt.EventQueue::dispatchEvent@46 (line 742)
  0x0000017ae5cf9fb8: 44a6 9dff 

  0x0000017ae5cf9fbc: ;   {other}
  0x0000017ae5cf9fbc: 0f1f 8400 | ac14 002c | bade ffff | ff48 8b6c | 2428 895c | 2428 895c 

  0x0000017ae5cf9fd4: ;   {runtime_call UncommonTrapBlob}
  0x0000017ae5cf9fd4: 242c 90e8 

  0x0000017ae5cf9fd8: ; ImmutableOopMap {rbp=Oop [40]=NarrowOop [44]=NarrowOop [48]=NarrowOop }
                      ;*checkcast {reexecute=0 rethrow=0 return_oop=0}
                      ; - java.awt.EventQueue::setCurrentEventAndMostRecentTimeImpl@59 (line 1278)
                      ; - java.awt.EventQueue::dispatchEventImpl@14 (line 772)
                      ; - java.awt.EventQueue$4::run@32 (line 720)
                      ; - java.awt.EventQueue$4::run@1 (line 714)
                      ; - java.security.AccessController::executePrivileged@29 (line 778)
                      ; - java.security.AccessController::doPrivileged@13 (line 400)
                      ; - java.security.ProtectionDomain$JavaSecurityAccessImpl::doIntersectionPrivilege@18 (line 87)
                      ; - java.awt.EventQueue::dispatchEvent@46 (line 742)
  0x0000017ae5cf9fd8: 24a6 9dff 

  0x0000017ae5cf9fdc: ;   {other}
  0x0000017ae5cf9fdc: 0f1f 8400 | cc14 002d | baf6 ffff 

  0x0000017ae5cf9fe8: ;   {runtime_call UncommonTrapBlob}
  0x0000017ae5cf9fe8: ff66 90e8 

  0x0000017ae5cf9fec: ; ImmutableOopMap {}
                      ;*invokevirtual getSource {reexecute=0 rethrow=0 return_oop=0}
                      ; - java.awt.EventQueue::dispatchEvent@1 (line 713)
  0x0000017ae5cf9fec: 10a6 9dff 

  0x0000017ae5cf9ff0: ;   {other}
  0x0000017ae5cf9ff0: 0f1f 8400 | e014 002e | baf4 ffff | ff48 8b6c | 2420 4c8b | 5424 304c | 8954 2428 | 4889 4424 
  0x0000017ae5cfa010: ;   {runtime_call UncommonTrapBlob}
  0x0000017ae5cfa010: 3066 90e8 

  0x0000017ae5cfa014: ; ImmutableOopMap {rbp=Oop [40]=Oop [48]=Oop [56]=Oop }
                      ;*instanceof {reexecute=0 rethrow=0 return_oop=0}
                      ; - java.awt.EventQueue::getAccessControlContextFrom@1 (line 756)
                      ; - java.awt.EventQueue::dispatchEvent@22 (line 738)
  0x0000017ae5cfa014: e8a5 9dff 

  0x0000017ae5cfa018: ;   {other}
  0x0000017ae5cfa018: 0f1f 8400 | 0815 002f | baf6 ffff 

  0x0000017ae5cfa024: ;   {runtime_call UncommonTrapBlob}
  0x0000017ae5cfa024: ff66 90e8 

  0x0000017ae5cfa028: ; ImmutableOopMap {}
                      ;*getfield fwDispatcher {reexecute=1 rethrow=0 return_oop=0}
                      ; - (reexecute) java.awt.EventQueue$4::run@4 (line 719)
                      ; - java.awt.EventQueue$4::run@1 (line 714)
                      ; - java.security.AccessController::executePrivileged@29 (line 778)
                      ; - java.security.AccessController::doPrivileged@13 (line 400)
                      ; - java.security.ProtectionDomain$JavaSecurityAccessImpl::doIntersectionPrivilege@18 (line 87)
                      ; - java.awt.EventQueue::dispatchEvent@46 (line 742)
  0x0000017ae5cfa028: d4a5 9dff 

  0x0000017ae5cfa02c: ;   {other}
  0x0000017ae5cfa02c: 0f1f 8400 | 1c15 0030 | baf6 ffff 

  0x0000017ae5cfa038: ;   {runtime_call UncommonTrapBlob}
  0x0000017ae5cfa038: ff66 90e8 

  0x0000017ae5cfa03c: ; ImmutableOopMap {}
                      ;*putfield isPosted {reexecute=1 rethrow=0 return_oop=0}
                      ; - (reexecute) java.awt.EventQueue::dispatchEventImpl@2 (line 769)
                      ; - java.awt.EventQueue$4::run@32 (line 720)
                      ; - java.awt.EventQueue$4::run@1 (line 714)
                      ; - java.security.AccessController::executePrivileged@29 (line 778)
                      ; - java.security.AccessController::doPrivileged@13 (line 400)
                      ; - java.security.ProtectionDomain$JavaSecurityAccessImpl::doIntersectionPrivilege@18 (line 87)
                      ; - java.awt.EventQueue::dispatchEvent@46 (line 742)
  0x0000017ae5cfa03c: c0a5 9dff 

  0x0000017ae5cfa040: ;   {other}
  0x0000017ae5cfa040: 0f1f 8400 | 3015 0031 | baf6 ffff | ff48 8beb | 4489 6c24 | 2444 8954 

  0x0000017ae5cfa058: ;   {runtime_call UncommonTrapBlob}
  0x0000017ae5cfa058: 2428 90e8 

  0x0000017ae5cfa05c: ; ImmutableOopMap {rbp=Oop [36]=NarrowOop [40]=NarrowOop }
                      ;*invokeinterface lock {reexecute=0 rethrow=0 return_oop=0}
                      ; - java.awt.EventQueue::setCurrentEventAndMostRecentTimeImpl@4 (line 1260)
                      ; - java.awt.EventQueue::dispatchEventImpl@14 (line 772)
                      ; - java.awt.EventQueue$4::run@32 (line 720)
                      ; - java.awt.EventQueue$4::run@1 (line 714)
                      ; - java.security.AccessController::executePrivileged@29 (line 778)
                      ; - java.security.AccessController::doPrivileged@13 (line 400)
                      ; - java.security.ProtectionDomain$JavaSecurityAccessImpl::doIntersectionPrivilege@18 (line 87)
                      ; - java.awt.EventQueue::dispatchEvent@46 (line 742)
  0x0000017ae5cfa05c: a0a5 9dff 

  0x0000017ae5cfa060: ;   {other}
  0x0000017ae5cfa060: 0f1f 8400 | 5015 0032 | baf6 ffff | ff48 8beb | 4489 6c24 | 2444 8954 

  0x0000017ae5cfa078: ;   {runtime_call UncommonTrapBlob}
  0x0000017ae5cfa078: 2428 90e8 

  0x0000017ae5cfa07c: ; ImmutableOopMap {rbp=Oop [36]=NarrowOop [40]=NarrowOop }
                      ;*invokevirtual lock {reexecute=0 rethrow=0 return_oop=0}
                      ; - java.util.concurrent.locks.ReentrantLock::lock@4 (line 322)
                      ; - java.awt.EventQueue::setCurrentEventAndMostRecentTimeImpl@4 (line 1260)
                      ; - java.awt.EventQueue::dispatchEventImpl@14 (line 772)
                      ; - java.awt.EventQueue$4::run@32 (line 720)
                      ; - java.awt.EventQueue$4::run@1 (line 714)
                      ; - java.security.AccessController::executePrivileged@29 (line 778)
                      ; - java.security.AccessController::doPrivileged@13 (line 400)
                      ; - java.security.ProtectionDomain$JavaSecurityAccessImpl::doIntersectionPrivilege@18 (line 87)
                      ; - java.awt.EventQueue::dispatchEvent@46 (line 742)
  0x0000017ae5cfa07c: 80a5 9dff 

  0x0000017ae5cfa080: ;   {other}
  0x0000017ae5cfa080: 0f1f 8400 | 7015 0033 | baf6 ffff | ff48 8b6c 

  0x0000017ae5cfa090: ;   {runtime_call UncommonTrapBlob}
  0x0000017ae5cfa090: 2428 90e8 

  0x0000017ae5cfa094: ; ImmutableOopMap {rbp=Oop [52]=NarrowOop }
                      ;*invokeinterface unlock {reexecute=0 rethrow=0 return_oop=0}
                      ; - java.awt.EventQueue::setCurrentEventAndMostRecentTimeImpl@168 (line 1295)
                      ; - java.awt.EventQueue::dispatchEventImpl@14 (line 772)
                      ; - java.awt.EventQueue$4::run@32 (line 720)
                      ; - java.awt.EventQueue$4::run@1 (line 714)
                      ; - java.security.AccessController::executePrivileged@29 (line 778)
                      ; - java.security.AccessController::doPrivileged@13 (line 400)
                      ; - java.security.ProtectionDomain$JavaSecurityAccessImpl::doIntersectionPrivilege@18 (line 87)
                      ; - java.awt.EventQueue::dispatchEvent@46 (line 742)
  0x0000017ae5cfa094: 68a5 9dff 

  0x0000017ae5cfa098: ;   {other}
  0x0000017ae5cfa098: 0f1f 8400 | 8815 0034 | baf6 ffff | ff48 8b6c 

  0x0000017ae5cfa0a8: ;   {runtime_call UncommonTrapBlob}
  0x0000017ae5cfa0a8: 2428 90e8 

  0x0000017ae5cfa0ac: ; ImmutableOopMap {rbp=Oop [52]=NarrowOop }
                      ;*invokevirtual release {reexecute=0 rethrow=0 return_oop=0}
                      ; - java.util.concurrent.locks.ReentrantLock::unlock@5 (line 494)
                      ; - java.awt.EventQueue::setCurrentEventAndMostRecentTimeImpl@168 (line 1295)
                      ; - java.awt.EventQueue::dispatchEventImpl@14 (line 772)
                      ; - java.awt.EventQueue$4::run@32 (line 720)
                      ; - java.awt.EventQueue$4::run@1 (line 714)
                      ; - java.security.AccessController::executePrivileged@29 (line 778)
                      ; - java.security.AccessController::doPrivileged@13 (line 400)
                      ; - java.security.ProtectionDomain$JavaSecurityAccessImpl::doIntersectionPrivilege@18 (line 87)
                      ; - java.awt.EventQueue::dispatchEvent@46 (line 742)
  0x0000017ae5cfa0ac: 50a5 9dff 

  0x0000017ae5cfa0b0: ;   {other}
  0x0000017ae5cfa0b0: 0f1f 8400 | a015 0035 | baf4 ffff | ff48 8beb | 4489 6c24 | 2044 8954 

  0x0000017ae5cfa0c8: ;   {runtime_call UncommonTrapBlob}
  0x0000017ae5cfa0c8: 2424 90e8 

  0x0000017ae5cfa0cc: ; ImmutableOopMap {rbp=Oop [32]=NarrowOop [36]=NarrowOop }
                      ;*instanceof {reexecute=0 rethrow=0 return_oop=0}
                      ; - java.awt.EventQueue::dispatchEventImpl@30 (line 774)
                      ; - java.awt.EventQueue$4::run@32 (line 720)
                      ; - java.awt.EventQueue$4::run@1 (line 714)
                      ; - java.security.AccessController::executePrivileged@29 (line 778)
                      ; - java.security.AccessController::doPrivileged@13 (line 400)
                      ; - java.security.ProtectionDomain$JavaSecurityAccessImpl::doIntersectionPrivilege@18 (line 87)
                      ; - java.awt.EventQueue::dispatchEvent@46 (line 742)
  0x0000017ae5cfa0cc: 30a5 9dff 

  0x0000017ae5cfa0d0: ;   {other}
  0x0000017ae5cfa0d0: 0f1f 8400 | c015 0036 | ba45 ffff | ff44 8b54 | 2428 4489 | 5424 2044 | 894c 2428 

  0x0000017ae5cfa0ec: ;   {runtime_call UncommonTrapBlob}
  0x0000017ae5cfa0ec: 6666 90e8 

  0x0000017ae5cfa0f0: ; ImmutableOopMap {rbp=Oop [32]=NarrowOop [40]=NarrowOop }
                      ;*ifnonnull {reexecute=1 rethrow=0 return_oop=0}
                      ; - (reexecute) sun.awt.AWTAccessor::getInputEventAccessor@5 (line 987)
                      ; - java.awt.AWTEvent::dispatched@7 (line 596)
                      ; - java.awt.EventQueue::dispatchEventImpl@45 (line 776)
                      ; - java.awt.EventQueue$4::run@32 (line 720)
                      ; - java.awt.EventQueue$4::run@1 (line 714)
                      ; - java.security.AccessController::executePrivileged@29 (line 778)
                      ; - java.security.AccessController::doPrivileged@13 (line 400)
                      ; - java.security.ProtectionDomain$JavaSecurityAccessImpl::doIntersectionPrivilege@18 (line 87)
                      ; - java.awt.EventQueue::dispatchEvent@46 (line 742)
  0x0000017ae5cfa0f0: 0ca5 9dff 

  0x0000017ae5cfa0f4: ;   {other}
  0x0000017ae5cfa0f4: 0f1f 8400 | e415 0037 | 498b d749 | ba60 1215 | 99f9 7f00 | 0041 ffd2 

  0x0000017ae5cfa10c: ;   {other}
  0x0000017ae5cfa10c: 0f1f 8400 | 0000 0000 | eb5f 498b | d749 ba60 | 1215 99f9 | 7f00 0041 

  0x0000017ae5cfa124: ;   {other}
  0x0000017ae5cfa124: ffd2 0f1f | 8400 0000 | 0000 e98b | 0000 0048 | 8bd8 448b | 5808 488b | f848 c1ef 

  0x0000017ae5cfa140: ;   {metadata('java/lang/Exception')}
  0x0000017ae5cfa140: 0349 ba58 | bf00 807a | 0100 0049 | b800 0000 | 807a 0100 | 004d 03c3 | 4d8b 5840 | 4d3b da0f 
  0x0000017ae5cfa160: 85e7 0000 | 0041 807f | 4000 0f85 | 2201 0000 | 4889 6c24 | 204c 8bd3 | 4c8b 5c24 | 204d 8bc2 
  0x0000017ae5cfa180: 49c1 e803 | 4c8b 4c24 | 2045 8941 | 384d 33d3 | 49c1 ea16 | 4d85 d274 | 1a49 c1eb | 0948 b900 
  0x0000017ae5cfa1a0: 0095 ea7a | 0100 0049 | 03cb 8039 | 020f 851b | 0100 0041 | 807f 4000 | 0f85 9800 | 0000 4c8b 
  0x0000017ae5cfa1c0: 5424 2041 | 897a 3c4c | 8bd3 4c8b | 5c24 204d | 33d3 49c1 | ea16 4d85 | d20f 849d | f2ff ff49 
  0x0000017ae5cfa1e0: c1eb 0949 | b800 0095 | ea7a 0100 | 004d 03c3 | 4180 3802 | 0f84 82f2 | ffff 4d8b | 5748 4d8b 
  0x0000017ae5cfa200: 5f58 f083 | 4424 c000 | 4180 3800 | 0f84 6af2 | ffff 4588 | 204d 85d2 | 7520 498b | c849 8bd7 
  0x0000017ae5cfa220: 49ba 4012 | 1599 f97f | 0000 41ff 

  0x0000017ae5cfa22c: ;   {other}
  0x0000017ae5cfa22c: d20f 1f84 | 0000 0000 | 00e9 42f2 | ffff 4f89 | 4413 f849 | 83c2 f84d | 8957 48e9 | 30f2 ffff 
  0x0000017ae5cfa24c: 4889 6c24 | 20e9 5dff | ffff 4c8b | 5424 2045 | 8b5a 3c45 | 85db 0f84 | 56ff ffff | 4d8b 5728 
  0x0000017ae5cfa26c: 498b cb48 | c1e1 034d | 85d2 0f84 | 9afe ffff | 4d8b 5f38 | 4b89 4c13 | f849 83c2 | f84d 8957 
  0x0000017ae5cfa28c: 28e9 2cff | ffff 4889 | 6c24 2044 | 8b5d 3845 | 85db 0f84 | d1fe ffff | 4d8b 5728 | 498b cb48 
  0x0000017ae5cfa2ac: c1e1 034d | 85d2 0f84 | 44fe ffff | 4d8b 5f38 | 4b89 4c13 | f849 83c2 | f84d 8957 | 28e9 a7fe 
  0x0000017ae5cfa2cc: ffff 4d8b | 5748 4d8b | 5f58 f083 | 4424 c000 | 8039 000f | 84ce feff | ff44 8821 | 4d85 d275 
  0x0000017ae5cfa2ec: 1d49 8bd7 | 49ba 4012 | 1599 f97f | 0000 41ff 

  0x0000017ae5cfa2fc: ;   {other}
  0x0000017ae5cfa2fc: d20f 1f84 | 0000 0000 | 00e9 a9fe | ffff 4b89 | 4c13 f849 | 83c2 f84d | 8957 48e9 | 97fe ffff 
  0x0000017ae5cfa31c: 488b d8e9 | a601 0000 | 488b d8e9 | 9e01 0000 | 488b d8e9 | 9601 0000 | 488b d8e9 | 8e01 0000 
  0x0000017ae5cfa33c: 488b d8e9 | 8601 0000 | 488b e844 | 8b54 2430 | 478b 5cd4 | 2c49 8bd3 | 48c1 e203 | 4c8b 5424 
  0x0000017ae5cfa35c: 284c 8954 | 2420 6666 | 9048 b8ff | ffff ffff 

  0x0000017ae5cfa36c: ;   {virtual_call}
  0x0000017ae5cfa36c: ffff ffe8 

  0x0000017ae5cfa370: ; ImmutableOopMap {rbp=Oop [32]=Oop [88]=Oop }
                      ;*invokeinterface unlock {reexecute=0 rethrow=0 return_oop=0}
                      ; - java.awt.EventQueue::setCurrentEventAndMostRecentTimeImpl@182 (line 1295)
                      ; - java.awt.EventQueue::dispatchEventImpl@14 (line 772)
                      ; - java.awt.EventQueue$4::run@32 (line 720)
                      ; - java.awt.EventQueue$4::run@1 (line 714)
                      ; - java.security.AccessController::executePrivileged@29 (line 778)
                      ; - java.security.AccessController::doPrivileged@13 (line 400)
                      ; - java.security.ProtectionDomain$JavaSecurityAccessImpl::doIntersectionPrivilege@18 (line 87)
                      ; - java.awt.EventQueue::dispatchEvent@46 (line 742)
  0x0000017ae5cfa370: 0c4a 9dff 

  0x0000017ae5cfa374: ;   {other}
  0x0000017ae5cfa374: 0f1f 8400 | 6418 0038 | 488b dde9 | 4601 0000 | 488b d8e9 | 3e01 0000 | 488b d8e9 | 3601 0000 
  0x0000017ae5cfa394: 488b d8e9 | 2e01 0000 | 488b d8e9 | 2601 0000 | 488b d848 | 8d44 2470 | 4883 3800 | 0f84 7b00 
  0x0000017ae5cfa3b4: 0000 4c8b | 5500 41f6 | c202 0f84 | 6200 0000 | 4983 ba86 | 0000 0000 | 7409 49ff | 8a86 0000 
  0x0000017ae5cfa3d4: 00eb 4b49 | 8b82 9600 | 0000 490b | 828e 0000 | 0075 0a49 | c742 3e00 | 0000 00eb | 3e49 83ba 
  0x0000017ae5cfa3f4: 9e00 0000 | 0074 2248 | 33c0 49c7 | 423e 0000 | 0000 f083 | 0424 0049 | 83ba 9e00 | 0000 0075 
  0x0000017ae5cfa414: 0df0 4d0f | b17a 3e75 | 0583 c801 | eb0d a800 | eb09 4c8b | 10f0 4c0f | b155 0075 | 0a49 ff8f 
  0x0000017ae5cfa434: 4805 0000 | 4533 d20f | 8489 0000 | 0048 8bcd | 488d 5424 | 704d 8bc7 | 49ba 702f | 5699 f97f 
  0x0000017ae5cfa454: 0000 41ff 

  0x0000017ae5cfa458: ;   {other}
  0x0000017ae5cfa458: d20f 1f84 | 0000 0000 | 00eb 6748 | 8bd8 eb62 | 488b d8eb | 5d48 8bd8 | eb58 488b | d8eb 5348 
  0x0000017ae5cfa478: 8bd8 eb4e | 488b d8eb | 4948 8bd8 | eb44 488b | d8eb 3f48 | 8bd8 eb3a | 488b d8eb | 3548 8bd8 
  0x0000017ae5cfa498: eb30 488b | e848 8b54 | 2420 41b8 | 0100 0000 

  0x0000017ae5cfa4a8: ;   {optimized virtual_call}
  0x0000017ae5cfa4a8: 6666 90e8 

  0x0000017ae5cfa4ac: ; ImmutableOopMap {rbp=Oop [40]=Oop }
                      ;*invokevirtual finishedDispatching {reexecute=0 rethrow=0 return_oop=0}
                      ; - java.awt.event.InvocationEvent::dispatch@63 (line 321)
                      ; - java.awt.EventQueue::dispatchEventImpl@21 (line 773)
                      ; - java.awt.EventQueue$4::run@32 (line 720)
                      ; - java.awt.EventQueue$4::run@1 (line 714)
                      ; - java.security.AccessController::executePrivileged@29 (line 778)
                      ; - java.security.AccessController::doPrivileged@13 (line 400)
                      ; - java.security.ProtectionDomain$JavaSecurityAccessImpl::doIntersectionPrivilege@18 (line 87)
                      ; - java.awt.EventQueue::dispatchEvent@46 (line 742)
  0x0000017ae5cfa4ac: d045 9dff 

  0x0000017ae5cfa4b0: ;   {other}
  0x0000017ae5cfa4b0: 0f1f 8400 | a019 0039 | 488b ddeb | 0d48 8bd8 | eb08 488b | d8eb 0348 | 8bd8 488b | d3e9 0df2 
  0x0000017ae5cfa4d0: ;   {internal_word}
  0x0000017ae5cfa4d0: ffff 49ba | af94 cfe5 | 7a01 0000 | 4d89 9760 

  0x0000017ae5cfa4e0: ;   {runtime_call SafepointBlob}
  0x0000017ae5cfa4e0: 0400 00e9 | 18b2 9dff 

  0x0000017ae5cfa4e8: ;   {runtime_call StubRoutines (final stubs)}
  0x0000017ae5cfa4e8: e873 a89b | ffe9 ece9 | ffff f4f4 | f4f4 f4f4 
[Stub Code]
  0x0000017ae5cfa4f8: ;   {no_reloc}
  0x0000017ae5cfa4f8: 48bb 086b | 74f7 7a01 

  0x0000017ae5cfa500: ;   {runtime_call I2C/C2I adapters}
  0x0000017ae5cfa500: 0000 e95c 

  0x0000017ae5cfa504: ;   {static_stub}
  0x0000017ae5cfa504: 8f9d ff48 | bb00 0000 | 0000 0000 

  0x0000017ae5cfa510: ;   {runtime_call nmethod}
  0x0000017ae5cfa510: 00e9 fbff 

  0x0000017ae5cfa514: ;   {static_stub}
  0x0000017ae5cfa514: ffff 48bb | 0000 0000 | 0000 0000 

  0x0000017ae5cfa520: ;   {runtime_call nmethod}
  0x0000017ae5cfa520: e9fb ffff 

  0x0000017ae5cfa524: ;   {static_stub}
  0x0000017ae5cfa524: ff48 bb58 | ef40 807a 

  0x0000017ae5cfa52c: ;   {runtime_call I2C/C2I adapters}
  0x0000017ae5cfa52c: 0100 00e9 | 2f8f 9dff 

  0x0000017ae5cfa534: ;   {static_stub}
  0x0000017ae5cfa534: 48bb 0000 | 0000 0000 

  0x0000017ae5cfa53c: ;   {runtime_call nmethod}
  0x0000017ae5cfa53c: 0000 e9fb 

  0x0000017ae5cfa540: ;   {static_stub}
  0x0000017ae5cfa540: ffff ff48 | bb00 0000 | 0000 0000 

  0x0000017ae5cfa54c: ;   {runtime_call nmethod}
  0x0000017ae5cfa54c: 00e9 fbff 

  0x0000017ae5cfa550: ;   {static_stub}
  0x0000017ae5cfa550: ffff 48bb | 0000 0000 | 0000 0000 

  0x0000017ae5cfa55c: ;   {runtime_call nmethod}
  0x0000017ae5cfa55c: e9fb ffff 

  0x0000017ae5cfa560: ;   {static_stub}
  0x0000017ae5cfa560: ff48 bb00 | 0000 0000 

  0x0000017ae5cfa568: ;   {runtime_call nmethod}
  0x0000017ae5cfa568: 0000 00e9 | fbff ffff 

  0x0000017ae5cfa570: ;   {static_stub}
  0x0000017ae5cfa570: 48bb a0d3 | 1a80 7a01 

  0x0000017ae5cfa578: ;   {runtime_call I2C/C2I adapters}
  0x0000017ae5cfa578: 0000 e9e8 

  0x0000017ae5cfa57c: ;   {static_stub}
  0x0000017ae5cfa57c: 979d ff48 | bb00 0000 | 0000 0000 

  0x0000017ae5cfa588: ;   {runtime_call nmethod}
  0x0000017ae5cfa588: 00e9 fbff 

  0x0000017ae5cfa58c: ;   {static_stub}
  0x0000017ae5cfa58c: ffff 48bb | 50a4 1180 | 7a01 0000 

  0x0000017ae5cfa598: ;   {runtime_call I2C/C2I adapters}
  0x0000017ae5cfa598: e94a 9c9d 

  0x0000017ae5cfa59c: ;   {runtime_call ExceptionBlob}
  0x0000017ae5cfa59c: ffe9 de21 | aaff e800 | 0000 0048 | 832c 2405 

  0x0000017ae5cfa5ac: ;   {runtime_call DeoptimizationBlob}
  0x0000017ae5cfa5ac: e9ef a39d | fff4 f4f4 | f4f4 f4f4 
[/MachCode]


---------------  P R O C E S S  ---------------

Threads class SMR info:
_java_thread_list=0x0000017b17bae970, length=74, elements={
0x0000017acf28a0a0, 0x0000017ad597a350, 0x0000017ad3d902e0, 0x0000017ad5997e20,
0x0000017ad5998870, 0x0000017ad599b300, 0x0000017ad59a25f0, 0x0000017ad59a8cc0,
0x0000017ad59aa790, 0x0000017ad59bca80, 0x0000017afb11ed80, 0x0000017afb12c4c0,
0x0000017afb54bbd0, 0x0000017afb748f90, 0x0000017afb74aa20, 0x0000017afe24fc10,
0x0000017afe1ffb40, 0x0000017afe38e5c0, 0x0000017afe38d8a0, 0x0000017afe38ec50,
0x0000017afe38be60, 0x0000017afef59480, 0x0000017afef5aec0, 0x0000017afef5a1a0,
0x0000017afef5bbe0, 0x0000017afef58df0, 0x0000017afef5f060, 0x0000017aff6208d0,
0x0000017afe38cb80, 0x0000017aff61f520, 0x0000017aff61e170, 0x0000017aff61fbb0,
0x0000017b0221d4f0, 0x0000017b094f0ff0, 0x0000017b094eef20, 0x0000017b094ea060,
0x0000017b094f1680, 0x0000017b094f23a0, 0x0000017afef5b550, 0x0000017aff61dae0,
0x0000017aff61ba10, 0x0000017aff61ee90, 0x0000017afe38d210, 0x0000017b16e48d90,
0x0000017b16e4f000, 0x0000017b16e4f690, 0x0000017b16e4e970, 0x0000017b094ed4e0,
0x0000017b094ea6f0, 0x0000017b094ee200, 0x0000017b094eb410, 0x0000017b094f02d0,
0x0000017b094f1d10, 0x0000017b094ef5b0, 0x0000017b16e4c8a0, 0x0000017afe38f2e0,
0x0000017b16e4cf30, 0x0000017b16e4dc50, 0x0000017b16e4e2e0, 0x0000017b17f49830,
0x0000017b17f50130, 0x0000017b17f4e6f0, 0x0000017b17f4e060, 0x0000017b17f4d340,
0x0000017b094ebaa0, 0x0000017b16e4a140, 0x0000017b16e4b4f0, 0x0000017b16e4c210,
0x0000017b094ec130, 0x0000017aff620240, 0x0000017b094ece50, 0x0000017b094f0960,
0x0000017b1a6476d0, 0x0000017b1a649e30
}

Java Threads: ( => current thread )
  0x0000017acf28a0a0 JavaThread "main"                              [_thread_blocked, id=18964, stack(0x0000005123a00000,0x0000005123b00000) (1024K)]
  0x0000017ad597a350 JavaThread "Reference Handler"          daemon [_thread_blocked, id=19112, stack(0x0000005124200000,0x0000005124c00000) (10240K)]
  0x0000017ad3d902e0 JavaThread "Finalizer"                  daemon [_thread_blocked, id=248, stack(0x0000005124c00000,0x0000005125600000) (10240K)]
  0x0000017ad5997e20 JavaThread "Signal Dispatcher"          daemon [_thread_blocked, id=17532, stack(0x0000005125600000,0x0000005126000000) (10240K)]
  0x0000017ad5998870 JavaThread "Attach Listener"            daemon [_thread_blocked, id=17612, stack(0x0000005126000000,0x0000005126a00000) (10240K)]
  0x0000017ad599b300 JavaThread "Service Thread"             daemon [_thread_blocked, id=1224, stack(0x0000005126a00000,0x0000005127400000) (10240K)]
  0x0000017ad59a25f0 JavaThread "Monitor Deflation Thread"   daemon [_thread_blocked, id=15188, stack(0x0000005127400000,0x0000005127e00000) (10240K)]
  0x0000017ad59a8cc0 JavaThread "C2 CompilerThread0"         daemon [_thread_blocked, id=18912, stack(0x0000005127e00000,0x0000005127f00000) (1024K)]
  0x0000017ad59aa790 JavaThread "C1 CompilerThread0"         daemon [_thread_blocked, id=14472, stack(0x0000005127f00000,0x0000005128000000) (1024K)]
  0x0000017ad59bca80 JavaThread "StringDedupThread"          daemon [_thread_blocked, id=18096, stack(0x0000005128000000,0x0000005128a00000) (10240K)]
  0x0000017afb11ed80 JavaThread "Common-Cleaner"             daemon [_thread_blocked, id=11068, stack(0x0000005128a00000,0x0000005129400000) (10240K)]
  0x0000017afb12c4c0 JavaThread "Notification Thread"        daemon [_thread_blocked, id=1084, stack(0x0000005129400000,0x0000005129e00000) (10240K)]
  0x0000017afb54bbd0 JavaThread "Java2D Disposer"            daemon [_thread_blocked, id=1948, stack(0x0000005129f00000,0x000000512a900000) (10240K)]
  0x0000017afb748f90 JavaThread "AWT-Shutdown"                      [_thread_blocked, id=12956, stack(0x000000512a900000,0x000000512b300000) (10240K)]
  0x0000017afb74aa20 JavaThread "AWT-Windows"                daemon [_thread_in_native, id=10876, stack(0x000000512b300000,0x000000512bd00000) (10240K)]
  0x0000017afe24fc10 JavaThread "TimerQueue"                 daemon [_thread_blocked, id=17652, stack(0x000000512be00000,0x000000512c800000) (10240K)]
=>0x0000017afe1ffb40 JavaThread "AWT-EventQueue-0"                  [_thread_in_native, id=8136, stack(0x000000512c800000,0x000000512d200000) (10240K)]
  0x0000017afe38e5c0 JavaThread "Thread-1"                          [_thread_in_native, id=11084, stack(0x0000005122000000,0x0000005123400000) (20480K)]
  0x0000017afe38d8a0 JavaThread "Process Messages Thread"           [_thread_blocked, id=11488, stack(0x000000512e900000,0x000000512f300000) (10240K)]
  0x0000017afe38ec50 JavaThread "Batik CleanerThread"        daemon [_thread_blocked, id=10188, stack(0x000000512f300000,0x000000512fd00000) (10240K)]
  0x0000017afe38be60 JavaThread "SyntheticaCleanerThread"    daemon [_thread_blocked, id=13700, stack(0x000000512fd00000,0x0000005130700000) (10240K)]
  0x0000017afef59480 JavaThread "Timer-0"                           [_thread_blocked, id=19048, stack(0x0000005131300000,0x0000005131d00000) (10240K)]
  0x0000017afef5aec0 JavaThread "Monitor File Timestamp Swing Worker Thread"        [_thread_blocked, id=17892, stack(0x0000005131d00000,0x0000005132700000) (10240K)]
  0x0000017afef5a1a0 JavaThread "Monitor HEventQueue for Sluggish Gui Thread"        [_thread_blocked, id=7412, stack(0x0000005132800000,0x0000005133200000) (10240K)]
  0x0000017afef5bbe0 JavaThread "SyntheticaAnimation 50"     daemon [_thread_blocked, id=3148, stack(0x0000005133200000,0x0000005133c00000) (10240K)]
  0x0000017afef58df0 JavaThread "SyntheticaAnimation 25"     daemon [_thread_blocked, id=19244, stack(0x0000005133c00000,0x0000005134600000) (10240K)]
  0x0000017afef5f060 JavaThread "SyntheticaAnimation 70"     daemon [_thread_blocked, id=3812, stack(0x0000005134600000,0x0000005135000000) (10240K)]
  0x0000017aff6208d0 JavaThread "Refresh Filesets Swing Worker Thread"        [_thread_blocked, id=11080, stack(0x000000512dc00000,0x000000512e600000) (10240K)]
  0x0000017afe38cb80 JavaThread "hw_ila_monitor"                    [_thread_blocked, id=18780, stack(0x0000005130700000,0x0000005131100000) (10240K)]
  0x0000017aff61f520 JavaThread "Timer-1"                           [_thread_blocked, id=17452, stack(0x0000005136400000,0x0000005136e00000) (10240K)]
  0x0000017aff61e170 JavaThread "Timer-2"                           [_thread_blocked, id=16756, stack(0x0000005136e00000,0x0000005137800000) (10240K)]
  0x0000017aff61fbb0 JavaThread "Timer-3"                           [_thread_blocked, id=5392, stack(0x0000005137800000,0x0000005138200000) (10240K)]
  0x0000017b0221d4f0 JavaThread "Update Runs Swing Worker Thread"        [_thread_blocked, id=14728, stack(0x0000005138c00000,0x0000005139600000) (10240K)]
  0x0000017b094f0ff0 JavaThread "Thread-36"                         [_thread_in_native, id=13560, stack(0x000000512bd00000,0x000000512be00000) (1024K)]
  0x0000017b094eef20 JavaThread "Thread-37"                         [_thread_in_native, id=15804, stack(0x0000005131100000,0x0000005131200000) (1024K)]
  0x0000017b094ea060 JavaThread "SyntheticaAnimation 50"     daemon [_thread_blocked, id=18120, stack(0x0000005135a00000,0x0000005136400000) (10240K)]
  0x0000017b094f1680 JavaThread "Thread-194"                        [_thread_in_native, id=17308, stack(0x0000005121e00000,0x0000005121f00000) (1024K)]
  0x0000017b094f23a0 JavaThread "Thread-195"                        [_thread_in_native, id=12404, stack(0x0000005123500000,0x0000005123600000) (1024K)]
  0x0000017afef5b550 JavaThread "Image Animator 3"           daemon [_thread_blocked, id=6020, stack(0x000000512d200000,0x000000512dc00000) (10240K)]
  0x0000017aff61dae0 JavaThread "Timer-5"                           [_thread_blocked, id=14456, stack(0x0000005138200000,0x0000005138c00000) (10240K)]
  0x0000017aff61ba10 JavaThread "Monitor File Timestamp Swing Worker Thread"        [_thread_blocked, id=18204, stack(0x000000513a000000,0x000000513aa00000) (10240K)]
  0x0000017aff61ee90 JavaThread "Timer-6"                           [_thread_blocked, id=18464, stack(0x000000513aa00000,0x000000513b400000) (10240K)]
  0x0000017afe38d210 JavaThread "Monitor File Timestamp Swing Worker Thread"        [_thread_blocked, id=8516, stack(0x000000513b400000,0x000000513be00000) (10240K)]
  0x0000017b16e48d90 JavaThread "Timer-7"                           [_thread_blocked, id=7144, stack(0x0000005139600000,0x000000513a000000) (10240K)]
  0x0000017b16e4f000 JavaThread "Monitor File Timestamp Swing Worker Thread"        [_thread_blocked, id=19136, stack(0x000000513be00000,0x000000513c800000) (10240K)]
  0x0000017b16e4f690 JavaThread "Timer-8"                           [_thread_blocked, id=2232, stack(0x000000513c800000,0x000000513d200000) (10240K)]
  0x0000017b16e4e970 JavaThread "Monitor File Timestamp Swing Worker Thread"        [_thread_blocked, id=13080, stack(0x000000513d200000,0x000000513dc00000) (10240K)]
  0x0000017b094ed4e0 JavaThread "Timer-9"                           [_thread_blocked, id=15332, stack(0x000000513dc00000,0x000000513e600000) (10240K)]
  0x0000017b094ea6f0 JavaThread "Monitor File Timestamp Swing Worker Thread"        [_thread_blocked, id=12268, stack(0x000000513e600000,0x000000513f000000) (10240K)]
  0x0000017b094ee200 JavaThread "Timer-10"                          [_thread_blocked, id=9412, stack(0x000000513f000000,0x000000513fa00000) (10240K)]
  0x0000017b094eb410 JavaThread "Monitor File Timestamp Swing Worker Thread"        [_thread_blocked, id=19116, stack(0x000000513fa00000,0x0000005140400000) (10240K)]
  0x0000017b094f02d0 JavaThread "Timer-11"                          [_thread_blocked, id=11036, stack(0x0000005140400000,0x0000005140e00000) (10240K)]
  0x0000017b094f1d10 JavaThread "Monitor File Timestamp Swing Worker Thread"        [_thread_blocked, id=5704, stack(0x0000005140e00000,0x0000005141800000) (10240K)]
  0x0000017b094ef5b0 JavaThread "Timer-12"                          [_thread_blocked, id=5896, stack(0x0000005141800000,0x0000005142200000) (10240K)]
  0x0000017b16e4c8a0 JavaThread "Monitor File Timestamp Swing Worker Thread"        [_thread_blocked, id=13216, stack(0x0000005142200000,0x0000005142c00000) (10240K)]
  0x0000017afe38f2e0 JavaThread "Timer-13"                          [_thread_blocked, id=1920, stack(0x0000005142c00000,0x0000005143600000) (10240K)]
  0x0000017b16e4cf30 JavaThread "Monitor File Timestamp Swing Worker Thread"        [_thread_blocked, id=16700, stack(0x0000005143600000,0x0000005144000000) (10240K)]
  0x0000017b16e4dc50 JavaThread "Timer-14"                          [_thread_blocked, id=13280, stack(0x0000005144000000,0x0000005144a00000) (10240K)]
  0x0000017b16e4e2e0 JavaThread "Monitor File Timestamp Swing Worker Thread"        [_thread_blocked, id=3632, stack(0x0000005144a00000,0x0000005145400000) (10240K)]
  0x0000017b17f49830 JavaThread "Timer-15"                          [_thread_blocked, id=3908, stack(0x0000005145400000,0x0000005145e00000) (10240K)]
  0x0000017b17f50130 JavaThread "Monitor File Timestamp Swing Worker Thread"        [_thread_blocked, id=3992, stack(0x0000005145e00000,0x0000005146800000) (10240K)]
  0x0000017b17f4e6f0 JavaThread "Timer-16"                          [_thread_blocked, id=13296, stack(0x0000005146800000,0x0000005147200000) (10240K)]
  0x0000017b17f4e060 JavaThread "Monitor File Timestamp Swing Worker Thread"        [_thread_blocked, id=12360, stack(0x0000005147200000,0x0000005147c00000) (10240K)]
  0x0000017b17f4d340 JavaThread "Thread-4390"                       [_thread_in_native, id=5928, stack(0x000000512bd00000,0x000000512be00000) (1024K)]
  0x0000017b094ebaa0 JavaThread "Thread-4391"                       [_thread_in_native, id=15780, stack(0x0000005131100000,0x0000005131200000) (1024K)]
  0x0000017b16e4a140 JavaThread "Timer-17"                          [_thread_blocked, id=14164, stack(0x0000005147c00000,0x0000005148600000) (10240K)]
  0x0000017b16e4b4f0 JavaThread "Monitor File Timestamp Swing Worker Thread"        [_thread_blocked, id=17948, stack(0x0000005148600000,0x0000005149000000) (10240K)]
  0x0000017b16e4c210 JavaThread "Timer-18"                          [_thread_blocked, id=7320, stack(0x0000005149000000,0x0000005149a00000) (10240K)]
  0x0000017b094ec130 JavaThread "Monitor File Timestamp Swing Worker Thread"        [_thread_blocked, id=19336, stack(0x0000005149a00000,0x000000514a400000) (10240K)]
  0x0000017aff620240 JavaThread "Image Animator 0"           daemon [_thread_blocked, id=19176, stack(0x000000514ae00000,0x000000514b800000) (10240K)]
  0x0000017b094ece50 JavaThread "Thread-5164"                       [_thread_in_native, id=13432, stack(0x0000005121c00000,0x0000005121d00000) (1024K)]
  0x0000017b094f0960 JavaThread "Thread-5165"                       [_thread_in_native, id=18280, stack(0x0000005121d00000,0x0000005121e00000) (1024K)]
  0x0000017b1a6476d0 JavaThread "Update Design Hierarchy Thread"        [_thread_blocked, id=18000, stack(0x0000005135000000,0x0000005135a00000) (10240K)]
  0x0000017b1a649e30 JavaThread "Code Inspector Thread"             [_thread_in_native, id=5732, stack(0x000000514b800000,0x000000514c200000) (10240K)]
Total: 74

Other Threads:
  0x0000017ad3f3e960 VMThread "VM Thread"                           [id=13244, stack(0x0000005124100000,0x0000005124200000) (1024K)]
  0x0000017ad3c55c70 WatcherThread "VM Periodic Task Thread"        [id=4188, stack(0x0000005124000000,0x0000005124100000) (1024K)]
  0x0000017ad3f41c20 WorkerThread "GC Thread#0"                     [id=16804, stack(0x0000005123b00000,0x0000005123c00000) (1024K)]
  0x0000017ad3f41880 WorkerThread "GC Thread#1"                     [id=5112, stack(0x000000512e600000,0x000000512e700000) (1024K)]
  0x0000017ad3f40da0 WorkerThread "GC Thread#2"                     [id=5660, stack(0x000000512e700000,0x000000512e800000) (1024K)]
  0x0000017ad3f3f440 WorkerThread "GC Thread#3"                     [id=384, stack(0x000000512e800000,0x000000512e900000) (1024K)]
  0x0000017ad274fc00 ConcurrentGCThread "G1 Main Marker"            [id=18380, stack(0x0000005123c00000,0x0000005123d00000) (1024K)]
  0x0000017ad3f41fc0 WorkerThread "G1 Conc#0"                       [id=4992, stack(0x0000005123d00000,0x0000005123e00000) (1024K)]
  0x0000017ad58996b0 ConcurrentGCThread "G1 Refine#0"               [id=13212, stack(0x0000005123e00000,0x0000005123f00000) (1024K)]
  0x0000017ad3abbe50 ConcurrentGCThread "G1 Service"                [id=2512, stack(0x0000005123f00000,0x0000005124000000) (1024K)]
Total: 10

Threads with active compile tasks:
Total: 0

VM state: not at safepoint (normal execution)

VM Mutex/Monitor currently owned by a thread: None

Heap address: 0x0000000680000000, size: 6144 MB, Compressed Oops mode: Zero based, Oop shift amount: 3

CDS archive(s) mapped at: [0x0000017a80000000-0x0000017a80c80000-0x0000017a80c80000), size 13107200, SharedBaseAddress: 0x0000017a80000000, ArchiveRelocationMode: 1.
Compressed class space mapped at: 0x0000017a81000000-0x0000017ac1000000, reserved size: 1073741824
Narrow klass base: 0x0000017a80000000, Narrow klass shift: 0, Narrow klass range: 0x100000000

GC Precious Log:
 CardTable entry size: 512
 Card Set container configuration: InlinePtr #cards 4 size 8 Array Of Cards #cards 32 size 80 Howl #buckets 8 coarsen threshold 7372 Howl Bitmap #cards 1024 size 144 coarsen threshold 921 Card regions per heap region 1 cards per card region 8192
 CPUs: 12 total, 12 available
 Memory: 32693M
 Large Page Support: Disabled
 NUMA Support: Disabled
 Compressed Oops: Enabled (Zero based)
 Heap Region Size: 4M
 Heap Min Capacity: 812M
 Heap Initial Capacity: 812M
 Heap Max Capacity: 6G
 Pre-touch: Disabled
 Parallel Workers: 4
 Concurrent Workers: 1
 Concurrent Refinement Workers: 4
 Periodic GC: Disabled
 String Deduplication is enabled

Heap:
 garbage-first heap   total 831488K, used 117364K [0x0000000680000000, 0x0000000800000000)
  region size 4096K, 2 young (8192K), 1 survivors (4096K)
 Metaspace       used 96110K, committed 96896K, reserved 1179648K
  class space    used 13263K, committed 13632K, reserved 1048576K

Heap Regions: E=young(eden), S=young(survivor), O=old, HS=humongous(starts), HC=humongous(continues), CS=collection set, F=free, TAMS=top-at-mark-start, PB=parsable bottom
|   0|0x0000000680000000, 0x00000006803fe1a8, 0x0000000680400000| 99%| O|  |TAMS 0x0000000680000000| PB 0x0000000680000000| Untracked 
|   1|0x0000000680400000, 0x00000006807ffff0, 0x0000000680800000| 99%| O|  |TAMS 0x0000000680400000| PB 0x0000000680400000| Untracked 
|   2|0x0000000680800000, 0x0000000680bffff8, 0x0000000680c00000| 99%| O|  |TAMS 0x0000000680800000| PB 0x0000000680800000| Untracked 
|   3|0x0000000680c00000, 0x0000000680fffee0, 0x0000000681000000| 99%| O|  |TAMS 0x0000000680c00000| PB 0x0000000680c00000| Untracked 
|   4|0x0000000681000000, 0x0000000681400000, 0x0000000681400000|100%| O|  |TAMS 0x0000000681000000| PB 0x0000000681000000| Untracked 
|   5|0x0000000681400000, 0x00000006817fff40, 0x0000000681800000| 99%| O|  |TAMS 0x0000000681400000| PB 0x0000000681400000| Untracked 
|   6|0x0000000681800000, 0x0000000681bfffe8, 0x0000000681c00000| 99%| O|  |TAMS 0x0000000681800000| PB 0x0000000681800000| Untracked 
|   7|0x0000000681c00000, 0x0000000681ffffe8, 0x0000000682000000| 99%| O|  |TAMS 0x0000000681c00000| PB 0x0000000681c00000| Untracked 
|   8|0x0000000682000000, 0x0000000682400000, 0x0000000682400000|100%| O|  |TAMS 0x0000000682000000| PB 0x0000000682000000| Untracked 
|   9|0x0000000682400000, 0x0000000682800000, 0x0000000682800000|100%|HS|  |TAMS 0x0000000682400000| PB 0x0000000682400000| Untracked 
|  10|0x0000000682800000, 0x0000000682c00000, 0x0000000682c00000|100%|HC|  |TAMS 0x0000000682800000| PB 0x0000000682800000| Untracked 
|  11|0x0000000682c00000, 0x0000000683000000, 0x0000000683000000|100%|HC|  |TAMS 0x0000000682c00000| PB 0x0000000682c00000| Untracked 
|  12|0x0000000683000000, 0x00000006833ffff8, 0x0000000683400000| 99%| O|  |TAMS 0x0000000683000000| PB 0x0000000683000000| Untracked 
|  13|0x0000000683400000, 0x0000000683800000, 0x0000000683800000|100%|HS|  |TAMS 0x0000000683400000| PB 0x0000000683400000| Untracked 
|  14|0x0000000683800000, 0x0000000683c00000, 0x0000000683c00000|100%|HC|  |TAMS 0x0000000683800000| PB 0x0000000683800000| Untracked 
|  15|0x0000000683c00000, 0x0000000683ffffe8, 0x0000000684000000| 99%| O|  |TAMS 0x0000000683c00000| PB 0x0000000683c00000| Untracked 
|  16|0x0000000684000000, 0x00000006843ffd18, 0x0000000684400000| 99%| O|  |TAMS 0x0000000684000000| PB 0x0000000684000000| Untracked 
|  17|0x0000000684400000, 0x00000006847fffe8, 0x0000000684800000| 99%| O|  |TAMS 0x0000000684400000| PB 0x0000000684400000| Untracked 
|  18|0x0000000684800000, 0x0000000684bffff0, 0x0000000684c00000| 99%| O|  |TAMS 0x0000000684800000| PB 0x0000000684800000| Untracked 
|  19|0x0000000684c00000, 0x0000000684ffffe8, 0x0000000685000000| 99%| O|  |TAMS 0x0000000684c00000| PB 0x0000000684c00000| Untracked 
|  20|0x0000000685000000, 0x0000000685400000, 0x0000000685400000|100%|HS|  |TAMS 0x0000000685000000| PB 0x0000000685000000| Untracked 
|  21|0x0000000685400000, 0x0000000685800000, 0x0000000685800000|100%|HC|  |TAMS 0x0000000685400000| PB 0x0000000685400000| Untracked 
|  22|0x0000000685800000, 0x0000000685bffd88, 0x0000000685c00000| 99%| O|  |TAMS 0x0000000685800000| PB 0x0000000685800000| Untracked 
|  23|0x0000000685c00000, 0x0000000685fb7b00, 0x0000000686000000| 92%| O|  |TAMS 0x0000000685c00000| PB 0x0000000685c00000| Untracked 
|  24|0x0000000686000000, 0x00000006863fffd8, 0x0000000686400000| 99%| O|  |TAMS 0x0000000686000000| PB 0x0000000686000000| Untracked 
|  25|0x0000000686400000, 0x00000006867ffe98, 0x0000000686800000| 99%| O|  |TAMS 0x0000000686400000| PB 0x0000000686400000| Untracked 
|  26|0x0000000686800000, 0x00000006869fdb70, 0x0000000686c00000| 49%| O|  |TAMS 0x0000000686800000| PB 0x0000000686800000| Untracked 
|  27|0x0000000686c00000, 0x0000000686c00000, 0x0000000687000000|  0%| F|  |TAMS 0x0000000686c00000| PB 0x0000000686c00000| Untracked 
|  28|0x0000000687000000, 0x000000068726f9d0, 0x0000000687400000| 60%| O|  |TAMS 0x0000000687000000| PB 0x0000000687000000| Untracked 
|  29|0x0000000687400000, 0x000000068767aa70, 0x0000000687800000| 61%| O|  |TAMS 0x0000000687400000| PB 0x0000000687400000| Untracked 
|  30|0x0000000687800000, 0x0000000687800000, 0x0000000687c00000|  0%| F|  |TAMS 0x0000000687800000| PB 0x0000000687800000| Untracked 
|  31|0x0000000687c00000, 0x0000000687c00000, 0x0000000688000000|  0%| F|  |TAMS 0x0000000687c00000| PB 0x0000000687c00000| Untracked 
|  32|0x0000000688000000, 0x0000000688000000, 0x0000000688400000|  0%| F|  |TAMS 0x0000000688000000| PB 0x0000000688000000| Untracked 
|  33|0x0000000688400000, 0x0000000688400000, 0x0000000688800000|  0%| F|  |TAMS 0x0000000688400000| PB 0x0000000688400000| Untracked 
|  34|0x0000000688800000, 0x0000000688800000, 0x0000000688c00000|  0%| F|  |TAMS 0x0000000688800000| PB 0x0000000688800000| Untracked 
|  35|0x0000000688c00000, 0x0000000688c00000, 0x0000000689000000|  0%| F|  |TAMS 0x0000000688c00000| PB 0x0000000688c00000| Untracked 
|  36|0x0000000689000000, 0x0000000689000000, 0x0000000689400000|  0%| F|  |TAMS 0x0000000689000000| PB 0x0000000689000000| Untracked 
|  37|0x0000000689400000, 0x0000000689400000, 0x0000000689800000|  0%| F|  |TAMS 0x0000000689400000| PB 0x0000000689400000| Untracked 
|  38|0x0000000689800000, 0x0000000689800000, 0x0000000689c00000|  0%| F|  |TAMS 0x0000000689800000| PB 0x0000000689800000| Untracked 
|  39|0x0000000689c00000, 0x0000000689c00000, 0x000000068a000000|  0%| F|  |TAMS 0x0000000689c00000| PB 0x0000000689c00000| Untracked 
|  40|0x000000068a000000, 0x000000068a000000, 0x000000068a400000|  0%| F|  |TAMS 0x000000068a000000| PB 0x000000068a000000| Untracked 
|  41|0x000000068a400000, 0x000000068a400000, 0x000000068a800000|  0%| F|  |TAMS 0x000000068a400000| PB 0x000000068a400000| Untracked 
|  42|0x000000068a800000, 0x000000068a800000, 0x000000068ac00000|  0%| F|  |TAMS 0x000000068a800000| PB 0x000000068a800000| Untracked 
|  43|0x000000068ac00000, 0x000000068ac00000, 0x000000068b000000|  0%| F|  |TAMS 0x000000068ac00000| PB 0x000000068ac00000| Untracked 
|  44|0x000000068b000000, 0x000000068b000000, 0x000000068b400000|  0%| F|  |TAMS 0x000000068b000000| PB 0x000000068b000000| Untracked 
|  45|0x000000068b400000, 0x000000068b400000, 0x000000068b800000|  0%| F|  |TAMS 0x000000068b400000| PB 0x000000068b400000| Untracked 
|  46|0x000000068b800000, 0x000000068b800000, 0x000000068bc00000|  0%| F|  |TAMS 0x000000068b800000| PB 0x000000068b800000| Untracked 
|  47|0x000000068bc00000, 0x000000068bc00000, 0x000000068c000000|  0%| F|  |TAMS 0x000000068bc00000| PB 0x000000068bc00000| Untracked 
|  48|0x000000068c000000, 0x000000068c000000, 0x000000068c400000|  0%| F|  |TAMS 0x000000068c000000| PB 0x000000068c000000| Untracked 
|  49|0x000000068c400000, 0x000000068c400000, 0x000000068c800000|  0%| F|  |TAMS 0x000000068c400000| PB 0x000000068c400000| Untracked 
|  50|0x000000068c800000, 0x000000068c800000, 0x000000068cc00000|  0%| F|  |TAMS 0x000000068c800000| PB 0x000000068c800000| Untracked 
|  51|0x000000068cc00000, 0x000000068cc00000, 0x000000068d000000|  0%| F|  |TAMS 0x000000068cc00000| PB 0x000000068cc00000| Untracked 
|  52|0x000000068d000000, 0x000000068d000000, 0x000000068d400000|  0%| F|  |TAMS 0x000000068d000000| PB 0x000000068d000000| Untracked 
|  53|0x000000068d400000, 0x000000068d400000, 0x000000068d800000|  0%| F|  |TAMS 0x000000068d400000| PB 0x000000068d400000| Untracked 
|  54|0x000000068d800000, 0x000000068d800000, 0x000000068dc00000|  0%| F|  |TAMS 0x000000068d800000| PB 0x000000068d800000| Untracked 
|  55|0x000000068dc00000, 0x000000068dc00000, 0x000000068e000000|  0%| F|  |TAMS 0x000000068dc00000| PB 0x000000068dc00000| Untracked 
|  56|0x000000068e000000, 0x000000068e000000, 0x000000068e400000|  0%| F|  |TAMS 0x000000068e000000| PB 0x000000068e000000| Untracked 
|  57|0x000000068e400000, 0x000000068e400000, 0x000000068e800000|  0%| F|  |TAMS 0x000000068e400000| PB 0x000000068e400000| Untracked 
|  58|0x000000068e800000, 0x000000068e800000, 0x000000068ec00000|  0%| F|  |TAMS 0x000000068e800000| PB 0x000000068e800000| Untracked 
|  59|0x000000068ec00000, 0x000000068ec00000, 0x000000068f000000|  0%| F|  |TAMS 0x000000068ec00000| PB 0x000000068ec00000| Untracked 
|  60|0x000000068f000000, 0x000000068f000000, 0x000000068f400000|  0%| F|  |TAMS 0x000000068f000000| PB 0x000000068f000000| Untracked 
|  61|0x000000068f400000, 0x000000068f400000, 0x000000068f800000|  0%| F|  |TAMS 0x000000068f400000| PB 0x000000068f400000| Untracked 
|  62|0x000000068f800000, 0x000000068f800000, 0x000000068fc00000|  0%| F|  |TAMS 0x000000068f800000| PB 0x000000068f800000| Untracked 
|  63|0x000000068fc00000, 0x000000068fc00000, 0x0000000690000000|  0%| F|  |TAMS 0x000000068fc00000| PB 0x000000068fc00000| Untracked 
|  64|0x0000000690000000, 0x0000000690000000, 0x0000000690400000|  0%| F|  |TAMS 0x0000000690000000| PB 0x0000000690000000| Untracked 
|  65|0x0000000690400000, 0x0000000690400000, 0x0000000690800000|  0%| F|  |TAMS 0x0000000690400000| PB 0x0000000690400000| Untracked 
|  66|0x0000000690800000, 0x0000000690800000, 0x0000000690c00000|  0%| F|  |TAMS 0x0000000690800000| PB 0x0000000690800000| Untracked 
|  67|0x0000000690c00000, 0x0000000690c00000, 0x0000000691000000|  0%| F|  |TAMS 0x0000000690c00000| PB 0x0000000690c00000| Untracked 
|  68|0x0000000691000000, 0x0000000691000000, 0x0000000691400000|  0%| F|  |TAMS 0x0000000691000000| PB 0x0000000691000000| Untracked 
|  69|0x0000000691400000, 0x0000000691400000, 0x0000000691800000|  0%| F|  |TAMS 0x0000000691400000| PB 0x0000000691400000| Untracked 
|  70|0x0000000691800000, 0x0000000691800000, 0x0000000691c00000|  0%| F|  |TAMS 0x0000000691800000| PB 0x0000000691800000| Untracked 
|  71|0x0000000691c00000, 0x0000000691c00000, 0x0000000692000000|  0%| F|  |TAMS 0x0000000691c00000| PB 0x0000000691c00000| Untracked 
|  72|0x0000000692000000, 0x0000000692000000, 0x0000000692400000|  0%| F|  |TAMS 0x0000000692000000| PB 0x0000000692000000| Untracked 
|  73|0x0000000692400000, 0x0000000692400000, 0x0000000692800000|  0%| F|  |TAMS 0x0000000692400000| PB 0x0000000692400000| Untracked 
|  74|0x0000000692800000, 0x0000000692800000, 0x0000000692c00000|  0%| F|  |TAMS 0x0000000692800000| PB 0x0000000692800000| Untracked 
|  75|0x0000000692c00000, 0x0000000692c00000, 0x0000000693000000|  0%| F|  |TAMS 0x0000000692c00000| PB 0x0000000692c00000| Untracked 
|  76|0x0000000693000000, 0x0000000693000000, 0x0000000693400000|  0%| F|  |TAMS 0x0000000693000000| PB 0x0000000693000000| Untracked 
|  77|0x0000000693400000, 0x0000000693400000, 0x0000000693800000|  0%| F|  |TAMS 0x0000000693400000| PB 0x0000000693400000| Untracked 
|  78|0x0000000693800000, 0x0000000693800000, 0x0000000693c00000|  0%| F|  |TAMS 0x0000000693800000| PB 0x0000000693800000| Untracked 
|  79|0x0000000693c00000, 0x0000000693c00000, 0x0000000694000000|  0%| F|  |TAMS 0x0000000693c00000| PB 0x0000000693c00000| Untracked 
|  80|0x0000000694000000, 0x0000000694000000, 0x0000000694400000|  0%| F|  |TAMS 0x0000000694000000| PB 0x0000000694000000| Untracked 
|  81|0x0000000694400000, 0x0000000694400000, 0x0000000694800000|  0%| F|  |TAMS 0x0000000694400000| PB 0x0000000694400000| Untracked 
|  82|0x0000000694800000, 0x0000000694800000, 0x0000000694c00000|  0%| F|  |TAMS 0x0000000694800000| PB 0x0000000694800000| Untracked 
|  83|0x0000000694c00000, 0x0000000694c00000, 0x0000000695000000|  0%| F|  |TAMS 0x0000000694c00000| PB 0x0000000694c00000| Untracked 
|  84|0x0000000695000000, 0x0000000695000000, 0x0000000695400000|  0%| F|  |TAMS 0x0000000695000000| PB 0x0000000695000000| Untracked 
|  85|0x0000000695400000, 0x0000000695400000, 0x0000000695800000|  0%| F|  |TAMS 0x0000000695400000| PB 0x0000000695400000| Untracked 
|  86|0x0000000695800000, 0x0000000695800000, 0x0000000695c00000|  0%| F|  |TAMS 0x0000000695800000| PB 0x0000000695800000| Untracked 
|  87|0x0000000695c00000, 0x0000000695c00000, 0x0000000696000000|  0%| F|  |TAMS 0x0000000695c00000| PB 0x0000000695c00000| Untracked 
|  88|0x0000000696000000, 0x0000000696000000, 0x0000000696400000|  0%| F|  |TAMS 0x0000000696000000| PB 0x0000000696000000| Untracked 
|  89|0x0000000696400000, 0x0000000696400000, 0x0000000696800000|  0%| F|  |TAMS 0x0000000696400000| PB 0x0000000696400000| Untracked 
|  90|0x0000000696800000, 0x0000000696800000, 0x0000000696c00000|  0%| F|  |TAMS 0x0000000696800000| PB 0x0000000696800000| Untracked 
|  91|0x0000000696c00000, 0x0000000696c00000, 0x0000000697000000|  0%| F|  |TAMS 0x0000000696c00000| PB 0x0000000696c00000| Untracked 
|  92|0x0000000697000000, 0x0000000697000000, 0x0000000697400000|  0%| F|  |TAMS 0x0000000697000000| PB 0x0000000697000000| Untracked 
|  93|0x0000000697400000, 0x0000000697400000, 0x0000000697800000|  0%| F|  |TAMS 0x0000000697400000| PB 0x0000000697400000| Untracked 
|  94|0x0000000697800000, 0x0000000697800000, 0x0000000697c00000|  0%| F|  |TAMS 0x0000000697800000| PB 0x0000000697800000| Untracked 
|  95|0x0000000697c00000, 0x0000000697c00000, 0x0000000698000000|  0%| F|  |TAMS 0x0000000697c00000| PB 0x0000000697c00000| Untracked 
|  96|0x0000000698000000, 0x0000000698000000, 0x0000000698400000|  0%| F|  |TAMS 0x0000000698000000| PB 0x0000000698000000| Untracked 
|  97|0x0000000698400000, 0x0000000698400000, 0x0000000698800000|  0%| F|  |TAMS 0x0000000698400000| PB 0x0000000698400000| Untracked 
|  98|0x0000000698800000, 0x0000000698800000, 0x0000000698c00000|  0%| F|  |TAMS 0x0000000698800000| PB 0x0000000698800000| Untracked 
|  99|0x0000000698c00000, 0x0000000698c00000, 0x0000000699000000|  0%| F|  |TAMS 0x0000000698c00000| PB 0x0000000698c00000| Untracked 
| 100|0x0000000699000000, 0x0000000699000000, 0x0000000699400000|  0%| F|  |TAMS 0x0000000699000000| PB 0x0000000699000000| Untracked 
| 101|0x0000000699400000, 0x0000000699400000, 0x0000000699800000|  0%| F|  |TAMS 0x0000000699400000| PB 0x0000000699400000| Untracked 
| 102|0x0000000699800000, 0x0000000699800000, 0x0000000699c00000|  0%| F|  |TAMS 0x0000000699800000| PB 0x0000000699800000| Untracked 
| 103|0x0000000699c00000, 0x0000000699c00000, 0x000000069a000000|  0%| F|  |TAMS 0x0000000699c00000| PB 0x0000000699c00000| Untracked 
| 104|0x000000069a000000, 0x000000069a000000, 0x000000069a400000|  0%| F|  |TAMS 0x000000069a000000| PB 0x000000069a000000| Untracked 
| 105|0x000000069a400000, 0x000000069a400000, 0x000000069a800000|  0%| F|  |TAMS 0x000000069a400000| PB 0x000000069a400000| Untracked 
| 106|0x000000069a800000, 0x000000069a800000, 0x000000069ac00000|  0%| F|  |TAMS 0x000000069a800000| PB 0x000000069a800000| Untracked 
| 107|0x000000069ac00000, 0x000000069ac00000, 0x000000069b000000|  0%| F|  |TAMS 0x000000069ac00000| PB 0x000000069ac00000| Untracked 
| 108|0x000000069b000000, 0x000000069b000000, 0x000000069b400000|  0%| F|  |TAMS 0x000000069b000000| PB 0x000000069b000000| Untracked 
| 109|0x000000069b400000, 0x000000069b400000, 0x000000069b800000|  0%| F|  |TAMS 0x000000069b400000| PB 0x000000069b400000| Untracked 
| 110|0x000000069b800000, 0x000000069b800000, 0x000000069bc00000|  0%| F|  |TAMS 0x000000069b800000| PB 0x000000069b800000| Untracked 
| 111|0x000000069bc00000, 0x000000069bc00000, 0x000000069c000000|  0%| F|  |TAMS 0x000000069bc00000| PB 0x000000069bc00000| Untracked 
| 112|0x000000069c000000, 0x000000069c000000, 0x000000069c400000|  0%| F|  |TAMS 0x000000069c000000| PB 0x000000069c000000| Untracked 
| 113|0x000000069c400000, 0x000000069c400000, 0x000000069c800000|  0%| F|  |TAMS 0x000000069c400000| PB 0x000000069c400000| Untracked 
| 114|0x000000069c800000, 0x000000069c800000, 0x000000069cc00000|  0%| F|  |TAMS 0x000000069c800000| PB 0x000000069c800000| Untracked 
| 115|0x000000069cc00000, 0x000000069cc00000, 0x000000069d000000|  0%| F|  |TAMS 0x000000069cc00000| PB 0x000000069cc00000| Untracked 
| 116|0x000000069d000000, 0x000000069d000000, 0x000000069d400000|  0%| F|  |TAMS 0x000000069d000000| PB 0x000000069d000000| Untracked 
| 117|0x000000069d400000, 0x000000069d400000, 0x000000069d800000|  0%| F|  |TAMS 0x000000069d400000| PB 0x000000069d400000| Untracked 
| 118|0x000000069d800000, 0x000000069d800000, 0x000000069dc00000|  0%| F|  |TAMS 0x000000069d800000| PB 0x000000069d800000| Untracked 
| 119|0x000000069dc00000, 0x000000069dc00000, 0x000000069e000000|  0%| F|  |TAMS 0x000000069dc00000| PB 0x000000069dc00000| Untracked 
| 120|0x000000069e000000, 0x000000069e000000, 0x000000069e400000|  0%| F|  |TAMS 0x000000069e000000| PB 0x000000069e000000| Untracked 
| 121|0x000000069e400000, 0x000000069e400000, 0x000000069e800000|  0%| F|  |TAMS 0x000000069e400000| PB 0x000000069e400000| Untracked 
| 122|0x000000069e800000, 0x000000069e800000, 0x000000069ec00000|  0%| F|  |TAMS 0x000000069e800000| PB 0x000000069e800000| Untracked 
| 123|0x000000069ec00000, 0x000000069ec00000, 0x000000069f000000|  0%| F|  |TAMS 0x000000069ec00000| PB 0x000000069ec00000| Untracked 
| 124|0x000000069f000000, 0x000000069f000000, 0x000000069f400000|  0%| F|  |TAMS 0x000000069f000000| PB 0x000000069f000000| Untracked 
| 125|0x000000069f400000, 0x000000069f400000, 0x000000069f800000|  0%| F|  |TAMS 0x000000069f400000| PB 0x000000069f400000| Untracked 
| 126|0x000000069f800000, 0x000000069f800000, 0x000000069fc00000|  0%| F|  |TAMS 0x000000069f800000| PB 0x000000069f800000| Untracked 
| 127|0x000000069fc00000, 0x000000069fc00000, 0x00000006a0000000|  0%| F|  |TAMS 0x000000069fc00000| PB 0x000000069fc00000| Untracked 
| 128|0x00000006a0000000, 0x00000006a0000000, 0x00000006a0400000|  0%| F|  |TAMS 0x00000006a0000000| PB 0x00000006a0000000| Untracked 
| 129|0x00000006a0400000, 0x00000006a0400000, 0x00000006a0800000|  0%| F|  |TAMS 0x00000006a0400000| PB 0x00000006a0400000| Untracked 
| 130|0x00000006a0800000, 0x00000006a0800000, 0x00000006a0c00000|  0%| F|  |TAMS 0x00000006a0800000| PB 0x00000006a0800000| Untracked 
| 131|0x00000006a0c00000, 0x00000006a0c00000, 0x00000006a1000000|  0%| F|  |TAMS 0x00000006a0c00000| PB 0x00000006a0c00000| Untracked 
| 132|0x00000006a1000000, 0x00000006a1000000, 0x00000006a1400000|  0%| F|  |TAMS 0x00000006a1000000| PB 0x00000006a1000000| Untracked 
| 133|0x00000006a1400000, 0x00000006a1400000, 0x00000006a1800000|  0%| F|  |TAMS 0x00000006a1400000| PB 0x00000006a1400000| Untracked 
| 134|0x00000006a1800000, 0x00000006a1800000, 0x00000006a1c00000|  0%| F|  |TAMS 0x00000006a1800000| PB 0x00000006a1800000| Untracked 
| 135|0x00000006a1c00000, 0x00000006a1c00000, 0x00000006a2000000|  0%| F|  |TAMS 0x00000006a1c00000| PB 0x00000006a1c00000| Untracked 
| 136|0x00000006a2000000, 0x00000006a2000000, 0x00000006a2400000|  0%| F|  |TAMS 0x00000006a2000000| PB 0x00000006a2000000| Untracked 
| 137|0x00000006a2400000, 0x00000006a2400000, 0x00000006a2800000|  0%| F|  |TAMS 0x00000006a2400000| PB 0x00000006a2400000| Untracked 
| 138|0x00000006a2800000, 0x00000006a2800000, 0x00000006a2c00000|  0%| F|  |TAMS 0x00000006a2800000| PB 0x00000006a2800000| Untracked 
| 139|0x00000006a2c00000, 0x00000006a2c00000, 0x00000006a3000000|  0%| F|  |TAMS 0x00000006a2c00000| PB 0x00000006a2c00000| Untracked 
| 140|0x00000006a3000000, 0x00000006a3000000, 0x00000006a3400000|  0%| F|  |TAMS 0x00000006a3000000| PB 0x00000006a3000000| Untracked 
| 141|0x00000006a3400000, 0x00000006a3400000, 0x00000006a3800000|  0%| F|  |TAMS 0x00000006a3400000| PB 0x00000006a3400000| Untracked 
| 142|0x00000006a3800000, 0x00000006a3800000, 0x00000006a3c00000|  0%| F|  |TAMS 0x00000006a3800000| PB 0x00000006a3800000| Untracked 
| 143|0x00000006a3c00000, 0x00000006a3c00000, 0x00000006a4000000|  0%| F|  |TAMS 0x00000006a3c00000| PB 0x00000006a3c00000| Untracked 
| 144|0x00000006a4000000, 0x00000006a4000000, 0x00000006a4400000|  0%| F|  |TAMS 0x00000006a4000000| PB 0x00000006a4000000| Untracked 
| 145|0x00000006a4400000, 0x00000006a4400000, 0x00000006a4800000|  0%| F|  |TAMS 0x00000006a4400000| PB 0x00000006a4400000| Untracked 
| 146|0x00000006a4800000, 0x00000006a4800000, 0x00000006a4c00000|  0%| F|  |TAMS 0x00000006a4800000| PB 0x00000006a4800000| Untracked 
| 147|0x00000006a4c00000, 0x00000006a4c00000, 0x00000006a5000000|  0%| F|  |TAMS 0x00000006a4c00000| PB 0x00000006a4c00000| Untracked 
| 148|0x00000006a5000000, 0x00000006a5000000, 0x00000006a5400000|  0%| F|  |TAMS 0x00000006a5000000| PB 0x00000006a5000000| Untracked 
| 149|0x00000006a5400000, 0x00000006a5400000, 0x00000006a5800000|  0%| F|  |TAMS 0x00000006a5400000| PB 0x00000006a5400000| Untracked 
| 150|0x00000006a5800000, 0x00000006a5800000, 0x00000006a5c00000|  0%| F|  |TAMS 0x00000006a5800000| PB 0x00000006a5800000| Untracked 
| 151|0x00000006a5c00000, 0x00000006a5c00000, 0x00000006a6000000|  0%| F|  |TAMS 0x00000006a5c00000| PB 0x00000006a5c00000| Untracked 
| 152|0x00000006a6000000, 0x00000006a6000000, 0x00000006a6400000|  0%| F|  |TAMS 0x00000006a6000000| PB 0x00000006a6000000| Untracked 
| 153|0x00000006a6400000, 0x00000006a6400000, 0x00000006a6800000|  0%| F|  |TAMS 0x00000006a6400000| PB 0x00000006a6400000| Untracked 
| 154|0x00000006a6800000, 0x00000006a6800000, 0x00000006a6c00000|  0%| F|  |TAMS 0x00000006a6800000| PB 0x00000006a6800000| Untracked 
| 155|0x00000006a6c00000, 0x00000006a6c00000, 0x00000006a7000000|  0%| F|  |TAMS 0x00000006a6c00000| PB 0x00000006a6c00000| Untracked 
| 156|0x00000006a7000000, 0x00000006a7000000, 0x00000006a7400000|  0%| F|  |TAMS 0x00000006a7000000| PB 0x00000006a7000000| Untracked 
| 157|0x00000006a7400000, 0x00000006a7400000, 0x00000006a7800000|  0%| F|  |TAMS 0x00000006a7400000| PB 0x00000006a7400000| Untracked 
| 158|0x00000006a7800000, 0x00000006a7800000, 0x00000006a7c00000|  0%| F|  |TAMS 0x00000006a7800000| PB 0x00000006a7800000| Untracked 
| 159|0x00000006a7c00000, 0x00000006a7c00000, 0x00000006a8000000|  0%| F|  |TAMS 0x00000006a7c00000| PB 0x00000006a7c00000| Untracked 
| 160|0x00000006a8000000, 0x00000006a8000000, 0x00000006a8400000|  0%| F|  |TAMS 0x00000006a8000000| PB 0x00000006a8000000| Untracked 
| 161|0x00000006a8400000, 0x00000006a8400000, 0x00000006a8800000|  0%| F|  |TAMS 0x00000006a8400000| PB 0x00000006a8400000| Untracked 
| 162|0x00000006a8800000, 0x00000006a8800000, 0x00000006a8c00000|  0%| F|  |TAMS 0x00000006a8800000| PB 0x00000006a8800000| Untracked 
| 163|0x00000006a8c00000, 0x00000006a8c00000, 0x00000006a9000000|  0%| F|  |TAMS 0x00000006a8c00000| PB 0x00000006a8c00000| Untracked 
| 164|0x00000006a9000000, 0x00000006a9000000, 0x00000006a9400000|  0%| F|  |TAMS 0x00000006a9000000| PB 0x00000006a9000000| Untracked 
| 165|0x00000006a9400000, 0x00000006a9400000, 0x00000006a9800000|  0%| F|  |TAMS 0x00000006a9400000| PB 0x00000006a9400000| Untracked 
| 166|0x00000006a9800000, 0x00000006a9800000, 0x00000006a9c00000|  0%| F|  |TAMS 0x00000006a9800000| PB 0x00000006a9800000| Untracked 
| 167|0x00000006a9c00000, 0x00000006a9c00000, 0x00000006aa000000|  0%| F|  |TAMS 0x00000006a9c00000| PB 0x00000006a9c00000| Untracked 
| 168|0x00000006aa000000, 0x00000006aa000000, 0x00000006aa400000|  0%| F|  |TAMS 0x00000006aa000000| PB 0x00000006aa000000| Untracked 
| 169|0x00000006aa400000, 0x00000006aa400000, 0x00000006aa800000|  0%| F|  |TAMS 0x00000006aa400000| PB 0x00000006aa400000| Untracked 
| 170|0x00000006aa800000, 0x00000006aa800000, 0x00000006aac00000|  0%| F|  |TAMS 0x00000006aa800000| PB 0x00000006aa800000| Untracked 
| 171|0x00000006aac00000, 0x00000006aac00000, 0x00000006ab000000|  0%| F|  |TAMS 0x00000006aac00000| PB 0x00000006aac00000| Untracked 
| 172|0x00000006ab000000, 0x00000006ab000000, 0x00000006ab400000|  0%| F|  |TAMS 0x00000006ab000000| PB 0x00000006ab000000| Untracked 
| 173|0x00000006ab400000, 0x00000006ab400000, 0x00000006ab800000|  0%| F|  |TAMS 0x00000006ab400000| PB 0x00000006ab400000| Untracked 
| 174|0x00000006ab800000, 0x00000006ab800000, 0x00000006abc00000|  0%| F|  |TAMS 0x00000006ab800000| PB 0x00000006ab800000| Untracked 
| 175|0x00000006abc00000, 0x00000006abc00000, 0x00000006ac000000|  0%| F|  |TAMS 0x00000006abc00000| PB 0x00000006abc00000| Untracked 
| 176|0x00000006ac000000, 0x00000006ac000000, 0x00000006ac400000|  0%| F|  |TAMS 0x00000006ac000000| PB 0x00000006ac000000| Untracked 
| 177|0x00000006ac400000, 0x00000006ac400000, 0x00000006ac800000|  0%| F|  |TAMS 0x00000006ac400000| PB 0x00000006ac400000| Untracked 
| 178|0x00000006ac800000, 0x00000006ac800000, 0x00000006acc00000|  0%| F|  |TAMS 0x00000006ac800000| PB 0x00000006ac800000| Untracked 
| 179|0x00000006acc00000, 0x00000006acc00000, 0x00000006ad000000|  0%| F|  |TAMS 0x00000006acc00000| PB 0x00000006acc00000| Untracked 
| 180|0x00000006ad000000, 0x00000006ad000000, 0x00000006ad400000|  0%| F|  |TAMS 0x00000006ad000000| PB 0x00000006ad000000| Untracked 
| 181|0x00000006ad400000, 0x00000006ad400000, 0x00000006ad800000|  0%| F|  |TAMS 0x00000006ad400000| PB 0x00000006ad400000| Untracked 
| 182|0x00000006ad800000, 0x00000006adc00000, 0x00000006adc00000|100%| S|CS|TAMS 0x00000006ad800000| PB 0x00000006ad800000| Complete 
| 183|0x00000006adc00000, 0x00000006adc00000, 0x00000006ae000000|  0%| F|  |TAMS 0x00000006adc00000| PB 0x00000006adc00000| Untracked 
| 184|0x00000006ae000000, 0x00000006ae000000, 0x00000006ae400000|  0%| F|  |TAMS 0x00000006ae000000| PB 0x00000006ae000000| Untracked 
| 185|0x00000006ae400000, 0x00000006ae400000, 0x00000006ae800000|  0%| F|  |TAMS 0x00000006ae400000| PB 0x00000006ae400000| Untracked 
| 186|0x00000006ae800000, 0x00000006ae800000, 0x00000006aec00000|  0%| F|  |TAMS 0x00000006ae800000| PB 0x00000006ae800000| Untracked 
| 187|0x00000006aec00000, 0x00000006aec00000, 0x00000006af000000|  0%| F|  |TAMS 0x00000006aec00000| PB 0x00000006aec00000| Untracked 
| 188|0x00000006af000000, 0x00000006af000000, 0x00000006af400000|  0%| F|  |TAMS 0x00000006af000000| PB 0x00000006af000000| Untracked 
| 189|0x00000006af400000, 0x00000006af400000, 0x00000006af800000|  0%| F|  |TAMS 0x00000006af400000| PB 0x00000006af400000| Untracked 
| 190|0x00000006af800000, 0x00000006af800000, 0x00000006afc00000|  0%| F|  |TAMS 0x00000006af800000| PB 0x00000006af800000| Untracked 
| 191|0x00000006afc00000, 0x00000006afc00000, 0x00000006b0000000|  0%| F|  |TAMS 0x00000006afc00000| PB 0x00000006afc00000| Untracked 
| 192|0x00000006b0000000, 0x00000006b0000000, 0x00000006b0400000|  0%| F|  |TAMS 0x00000006b0000000| PB 0x00000006b0000000| Untracked 
| 193|0x00000006b0400000, 0x00000006b0400000, 0x00000006b0800000|  0%| F|  |TAMS 0x00000006b0400000| PB 0x00000006b0400000| Untracked 
| 194|0x00000006b0800000, 0x00000006b0800000, 0x00000006b0c00000|  0%| F|  |TAMS 0x00000006b0800000| PB 0x00000006b0800000| Untracked 
| 195|0x00000006b0c00000, 0x00000006b0c00000, 0x00000006b1000000|  0%| F|  |TAMS 0x00000006b0c00000| PB 0x00000006b0c00000| Untracked 
| 196|0x00000006b1000000, 0x00000006b1000000, 0x00000006b1400000|  0%| F|  |TAMS 0x00000006b1000000| PB 0x00000006b1000000| Untracked 
| 197|0x00000006b1400000, 0x00000006b1400000, 0x00000006b1800000|  0%| F|  |TAMS 0x00000006b1400000| PB 0x00000006b1400000| Untracked 
| 198|0x00000006b1800000, 0x00000006b1800000, 0x00000006b1c00000|  0%| F|  |TAMS 0x00000006b1800000| PB 0x00000006b1800000| Untracked 
| 199|0x00000006b1c00000, 0x00000006b1c00000, 0x00000006b2000000|  0%| F|  |TAMS 0x00000006b1c00000| PB 0x00000006b1c00000| Untracked 
| 200|0x00000006b2000000, 0x00000006b2000000, 0x00000006b2400000|  0%| F|  |TAMS 0x00000006b2000000| PB 0x00000006b2000000| Untracked 
| 201|0x00000006b2400000, 0x00000006b2400000, 0x00000006b2800000|  0%| F|  |TAMS 0x00000006b2400000| PB 0x00000006b2400000| Untracked 
| 202|0x00000006b2800000, 0x00000006b2b28378, 0x00000006b2c00000| 78%| E|  |TAMS 0x00000006b2800000| PB 0x00000006b2800000| Complete 

Card table byte_map: [0x0000017aedd50000,0x0000017aee950000] _byte_map_base: 0x0000017aea950000

Marking Bits: (CMBitMap*) 0x0000017acd1086f0
 Bits: [0x0000017aee950000, 0x0000017af4950000)

Polling page: 0x0000017acb4b0000

Metaspace:

Usage:
  Non-class:     80.90 MB used.
      Class:     12.95 MB used.
       Both:     93.86 MB used.

Virtual space:
  Non-class space:      128.00 MB reserved,      81.31 MB ( 64%) committed,  2 nodes.
      Class space:        1.00 GB reserved,      13.31 MB (  1%) committed,  1 nodes.
             Both:        1.12 GB reserved,      94.62 MB (  8%) committed. 

Chunk freelists:
   Non-Class:  14.72 MB
       Class:  2.67 MB
        Both:  17.39 MB

MaxMetaspaceSize: unlimited
CompressedClassSpaceSize: 1.00 GB
Initial GC threshold: 21.00 MB
Current GC threshold: 156.88 MB
CDS: on
 - commit_granule_bytes: 65536.
 - commit_granule_words: 8192.
 - virtual_space_node_default_size: 8388608.
 - enlarge_chunks_in_place: 1.
 - use_allocation_guard: 0.


Internal statistics:

num_allocs_failed_limit: 9.
num_arena_births: 1106.
num_arena_deaths: 0.
num_vsnodes_births: 3.
num_vsnodes_deaths: 0.
num_space_committed: 1506.
num_space_uncommitted: 0.
num_chunks_returned_to_freelist: 9.
num_chunks_taken_from_freelist: 3788.
num_chunk_merges: 6.
num_chunk_splits: 2784.
num_chunks_enlarged: 2063.
num_inconsistent_stats: 0.

CodeHeap 'non-profiled nmethods': size=120000Kb used=19418Kb max_used=19418Kb free=100581Kb
 bounds [0x0000017ae5c20000, 0x0000017ae6f20000, 0x0000017aed150000]
CodeHeap 'profiled nmethods': size=120000Kb used=25878Kb max_used=25878Kb free=94121Kb
 bounds [0x0000017ade150000, 0x0000017adfab0000, 0x0000017ae5680000]
CodeHeap 'non-nmethods': size=5760Kb used=2376Kb max_used=2442Kb free=3383Kb
 bounds [0x0000017ae5680000, 0x0000017ae5900000, 0x0000017ae5c20000]
 total_blobs=13656 nmethods=12378 adapters=1177
 compilation: enabled
              stopped_count=0, restarted_count=0
 full_count=0

Compilation events (20 events):
Event: 4508.610 Thread 0x0000017ad59aa790 37680       3       com.jidesoft.tree.SortableTreeModel::convertTreeModelEvent (103 bytes)
Event: 4508.610 Thread 0x0000017ad59aa790 nmethod 37680 0x0000017ade69ad10 code [0x0000017ade69af60, 0x0000017ade69b978]
Event: 4508.610 Thread 0x0000017ad59aa790 37682       3       ui.views.p.f::kYU (4 bytes)
Event: 4508.610 Thread 0x0000017ad59aa790 nmethod 37682 0x0000017adf046d90 code [0x0000017adf046f20, 0x0000017adf047038]
Event: 4508.610 Thread 0x0000017ad59aa790 37683       3       ui.data.design.Q::dac (8 bytes)
Event: 4508.610 Thread 0x0000017ad59aa790 nmethod 37683 0x0000017adf0c4e90 code [0x0000017adf0c5040, 0x0000017adf0c5180]
Event: 4508.610 Thread 0x0000017ad59a8cc0 37684       4       com.jidesoft.list.DefaultListModelWrapper::createCompoundListDataEvent (27 bytes)
Event: 4508.611 Thread 0x0000017ad59aa790 37687       3       javax.swing.tree.VariableHeightLayoutCache$TreeStateNode::expand (6 bytes)
Event: 4508.611 Thread 0x0000017ad59aa790 nmethod 37687 0x0000017adf12c810 code [0x0000017adf12c9c0, 0x0000017adf12cb08]
Event: 4508.612 Thread 0x0000017ad59a8cc0 nmethod 37684 0x0000017ae6f13490 code [0x0000017ae6f13640, 0x0000017ae6f13950]
Event: 4508.612 Thread 0x0000017ad59a8cc0 37686       4       javax.swing.JTree::isExpanded (42 bytes)
Event: 4508.617 Thread 0x0000017ad59aa790 37689       3       java.util.Properties$EntrySet::iterator (10 bytes)
Event: 4508.617 Thread 0x0000017ad59aa790 nmethod 37689 0x0000017ade69a890 code [0x0000017ade69aa40, 0x0000017ade69ac20]
Event: 4508.618 Thread 0x0000017ad59a8cc0 nmethod 37686 0x0000017ae6f13b10 code [0x0000017ae6f13d20, 0x0000017ae6f14888]
Event: 4508.618 Thread 0x0000017ad59a8cc0 37688       4       com.sun.org.apache.xerces.internal.dom.ParentNode::<init> (21 bytes)
Event: 4508.619 Thread 0x0000017ad59a8cc0 nmethod 37688 0x0000017ae6f14d90 code [0x0000017ae6f14f20, 0x0000017ae6f15248]
Event: 4508.619 Thread 0x0000017ad59a8cc0 37685       4       javax.swing.tree.DefaultMutableTreeNode$PreorderEnumeration::nextElement (65 bytes)
Event: 4508.624 Thread 0x0000017ad59a8cc0 nmethod 37685 0x0000017ae6f15290 code [0x0000017ae6f154c0, 0x0000017ae6f16040]
Event: 4508.799 Thread 0x0000017ad59a8cc0 37690       4       java.io.OutputStream::<init> (5 bytes)
Event: 4508.799 Thread 0x0000017ad59a8cc0 nmethod 37690 0x0000017ae6f16810 code [0x0000017ae6f169a0, 0x0000017ae6f16a28]

GC Heap History (20 events):
Event: 4486.591 GC heap before
{Heap before GC invocations=220 (full 138):
 garbage-first heap   total 999424K, used 190751K [0x0000000680000000, 0x0000000800000000)
  region size 4096K, 20 young (81920K), 2 survivors (8192K)
 Metaspace       used 95584K, committed 96384K, reserved 1179648K
  class space    used 13212K, committed 13568K, reserved 1048576K
}
Event: 4486.597 GC heap after
{Heap after GC invocations=221 (full 138):
 garbage-first heap   total 999424K, used 117962K [0x0000000680000000, 0x0000000800000000)
  region size 4096K, 2 young (8192K), 2 survivors (8192K)
 Metaspace       used 95584K, committed 96384K, reserved 1179648K
  class space    used 13212K, committed 13568K, reserved 1048576K
}
Event: 4486.996 GC heap before
{Heap before GC invocations=221 (full 138):
 garbage-first heap   total 999424K, used 150730K [0x0000000680000000, 0x0000000800000000)
  region size 4096K, 11 young (45056K), 2 survivors (8192K)
 Metaspace       used 95588K, committed 96384K, reserved 1179648K
  class space    used 13213K, committed 13568K, reserved 1048576K
}
Event: 4487.067 GC heap after
{Heap after GC invocations=222 (full 139):
 garbage-first heap   total 831488K, used 113268K [0x0000000680000000, 0x0000000800000000)
  region size 4096K, 0 young (0K), 0 survivors (0K)
 Metaspace       used 95588K, committed 96384K, reserved 1179648K
  class space    used 13213K, committed 13568K, reserved 1048576K
}
Event: 4491.869 GC heap before
{Heap before GC invocations=222 (full 139):
 garbage-first heap   total 831488K, used 195188K [0x0000000680000000, 0x0000000800000000)
  region size 4096K, 20 young (81920K), 0 survivors (0K)
 Metaspace       used 95624K, committed 96384K, reserved 1179648K
  class space    used 13219K, committed 13568K, reserved 1048576K
}
Event: 4491.871 GC heap after
{Heap after GC invocations=223 (full 139):
 garbage-first heap   total 831488K, used 114342K [0x0000000680000000, 0x0000000800000000)
  region size 4096K, 1 young (4096K), 1 survivors (4096K)
 Metaspace       used 95624K, committed 96384K, reserved 1179648K
  class space    used 13219K, committed 13568K, reserved 1048576K
}
Event: 4495.798 GC heap before
{Heap before GC invocations=223 (full 139):
 garbage-first heap   total 831488K, used 192166K [0x0000000680000000, 0x0000000800000000)
  region size 4096K, 21 young (86016K), 1 survivors (4096K)
 Metaspace       used 95712K, committed 96448K, reserved 1179648K
  class space    used 13223K, committed 13568K, reserved 1048576K
}
Event: 4495.800 GC heap after
{Heap after GC invocations=224 (full 139):
 garbage-first heap   total 831488K, used 114431K [0x0000000680000000, 0x0000000800000000)
  region size 4096K, 1 young (4096K), 1 survivors (4096K)
 Metaspace       used 95712K, committed 96448K, reserved 1179648K
  class space    used 13223K, committed 13568K, reserved 1048576K
}
Event: 4498.298 GC heap before
{Heap before GC invocations=224 (full 139):
 garbage-first heap   total 831488K, used 192255K [0x0000000680000000, 0x0000000800000000)
  region size 4096K, 20 young (81920K), 1 survivors (4096K)
 Metaspace       used 95736K, committed 96448K, reserved 1179648K
  class space    used 13223K, committed 13568K, reserved 1048576K
}
Event: 4498.301 GC heap after
{Heap after GC invocations=225 (full 139):
 garbage-first heap   total 831488K, used 114659K [0x0000000680000000, 0x0000000800000000)
  region size 4096K, 1 young (4096K), 1 survivors (4096K)
 Metaspace       used 95736K, committed 96448K, reserved 1179648K
  class space    used 13223K, committed 13568K, reserved 1048576K
}
Event: 4499.232 GC heap before
{Heap before GC invocations=225 (full 139):
 garbage-first heap   total 831488K, used 188387K [0x0000000680000000, 0x0000000800000000)
  region size 4096K, 20 young (81920K), 1 survivors (4096K)
 Metaspace       used 95907K, committed 96640K, reserved 1179648K
  class space    used 13247K, committed 13568K, reserved 1048576K
}
Event: 4499.235 GC heap after
{Heap after GC invocations=226 (full 139):
 garbage-first heap   total 831488K, used 115106K [0x0000000680000000, 0x0000000800000000)
  region size 4096K, 1 young (4096K), 1 survivors (4096K)
 Metaspace       used 95907K, committed 96640K, reserved 1179648K
  class space    used 13247K, committed 13568K, reserved 1048576K
}
Event: 4502.614 GC heap before
{Heap before GC invocations=226 (full 139):
 garbage-first heap   total 831488K, used 192930K [0x0000000680000000, 0x0000000800000000)
  region size 4096K, 20 young (81920K), 1 survivors (4096K)
 Metaspace       used 96040K, committed 96832K, reserved 1179648K
  class space    used 13263K, committed 13632K, reserved 1048576K
}
Event: 4502.617 GC heap after
{Heap after GC invocations=227 (full 139):
 garbage-first heap   total 831488K, used 115879K [0x0000000680000000, 0x0000000800000000)
  region size 4096K, 1 young (4096K), 1 survivors (4096K)
 Metaspace       used 96040K, committed 96832K, reserved 1179648K
  class space    used 13263K, committed 13632K, reserved 1048576K
}
Event: 4503.337 GC heap before
{Heap before GC invocations=227 (full 139):
 garbage-first heap   total 831488K, used 193703K [0x0000000680000000, 0x0000000800000000)
  region size 4096K, 20 young (81920K), 1 survivors (4096K)
 Metaspace       used 96050K, committed 96832K, reserved 1179648K
  class space    used 13263K, committed 13632K, reserved 1048576K
}
Event: 4503.340 GC heap after
{Heap after GC invocations=228 (full 139):
 garbage-first heap   total 831488K, used 115695K [0x0000000680000000, 0x0000000800000000)
  region size 4096K, 1 young (4096K), 1 survivors (4096K)
 Metaspace       used 96050K, committed 96832K, reserved 1179648K
  class space    used 13263K, committed 13632K, reserved 1048576K
}
Event: 4506.648 GC heap before
{Heap before GC invocations=228 (full 139):
 garbage-first heap   total 831488K, used 193519K [0x0000000680000000, 0x0000000800000000)
  region size 4096K, 20 young (81920K), 1 survivors (4096K)
 Metaspace       used 96090K, committed 96896K, reserved 1179648K
  class space    used 13263K, committed 13632K, reserved 1048576K
}
Event: 4506.651 GC heap after
{Heap after GC invocations=229 (full 139):
 garbage-first heap   total 831488K, used 115985K [0x0000000680000000, 0x0000000800000000)
  region size 4096K, 1 young (4096K), 1 survivors (4096K)
 Metaspace       used 96090K, committed 96896K, reserved 1179648K
  class space    used 13263K, committed 13632K, reserved 1048576K
}
Event: 4508.627 GC heap before
{Heap before GC invocations=229 (full 139):
 garbage-first heap   total 831488K, used 193809K [0x0000000680000000, 0x0000000800000000)
  region size 4096K, 20 young (81920K), 1 survivors (4096K)
 Metaspace       used 96110K, committed 96896K, reserved 1179648K
  class space    used 13263K, committed 13632K, reserved 1048576K
}
Event: 4508.631 GC heap after
{Heap after GC invocations=230 (full 139):
 garbage-first heap   total 831488K, used 117364K [0x0000000680000000, 0x0000000800000000)
  region size 4096K, 1 young (4096K), 1 survivors (4096K)
 Metaspace       used 96110K, committed 96896K, reserved 1179648K
  class space    used 13263K, committed 13632K, reserved 1048576K
}

Dll operation events (20 events):
Event: 0.607 Loaded shared library C:\Program\2025.2\Vivado\lib\win64.o\xv_ipservicestasks.dll
Event: 0.609 Loaded shared library C:\Program\2025.2\Vivado\lib\win64.o\xv_vivadotasks.dll
Event: 0.610 Loaded shared library C:\Program\2025.2\Vivado\lib\win64.o\xv_board.dll
Event: 0.610 Loaded shared library C:\Program\2025.2\Vivado\lib\win64.o\xv_boarddep.dll
Event: 0.611 Loaded shared library C:\Program\2025.2\Vivado\lib\win64.o\xv_boardcommontasks.dll
Event: 0.612 Loaded shared library C:\Program\2025.2\Vivado\lib\win64.o\xv_ptgen.dll
Event: 0.613 Loaded shared library C:\Program\2025.2\Vivado\lib\win64.o\xv_ip.dll
Event: 0.613 Loaded shared library C:\Program\2025.2\Vivado\lib\win64.o\xv_mig.dll
Event: 0.615 Loaded shared library C:\Program\2025.2\Vivado\lib\win64.o\xv_implflow.dll
Event: 0.616 Loaded shared library C:\Program\2025.2\Vivado\lib\win64.o\xv_xhubtasks.dll
Event: 0.621 Loaded shared library C:\Program\2025.2\Vivado\lib\win64.o\xv_iptasks.dll
Event: 0.622 Loaded shared library C:\Program\2025.2\Vivado\lib\win64.o\xv_synth.dll
Event: 0.623 Loaded shared library C:\Program\2025.2\Vivado\lib\win64.o\xv_blockmodel.dll
Event: 1.678 Loaded shared library C:\Program\2025.2\Vivado\tps\win64\jre21.0.5_11\bin\verify.dll
Event: 1.745 Loaded shared library C:\Program\2025.2\Vivado\tps\win64\jre21.0.5_11\bin\freetype.dll
Event: 1.746 Loaded shared library C:\Program\2025.2\Vivado\tps\win64\jre21.0.5_11\bin\fontmanager.dll
Event: 5.779 Loaded shared library C:\Program\2025.2\Vivado\lib\win64.o\xv_xhub.dll
Event: 11.607 Loaded shared library C:\Program\2025.2\Vivado\tps\win64\jre21.0.5_11\bin\management.dll
Event: 11.609 Loaded shared library C:\Program\2025.2\Vivado\tps\win64\jre21.0.5_11\bin\management_ext.dll
Event: 52.270 Loaded shared library C:\Program\2025.2\Vivado\lib\win64.o\nlview.dll

Deoptimization events (20 events):
Event: 4501.753 Thread 0x0000017b1a64b1e0 DEOPT PACKING pc=0x0000017adeef53c5 sp=0x000000514c1ff0e0
Event: 4501.753 Thread 0x0000017b1a64b1e0 DEOPT UNPACKING pc=0x0000017ae56d4e42 sp=0x000000514c1fe648 mode 0
Event: 4501.759 Thread 0x0000017b1a6497a0 DEOPT PACKING pc=0x0000017adeef53c5 sp=0x00000051359fec80
Event: 4501.759 Thread 0x0000017b1a6497a0 DEOPT UNPACKING pc=0x0000017ae56d4e42 sp=0x00000051359fe1e8 mode 0
Event: 4505.663 Thread 0x0000017afe1ffb40 DEOPT PACKING pc=0x0000017ade72de74 sp=0x000000512d1fe510
Event: 4505.663 Thread 0x0000017afe1ffb40 DEOPT UNPACKING pc=0x0000017ae56d4e42 sp=0x000000512d1fdaf0 mode 0
Event: 4505.872 Thread 0x0000017afe1ffb40 DEOPT PACKING pc=0x0000017ade1acff8 sp=0x000000512d1feb00
Event: 4505.872 Thread 0x0000017afe1ffb40 DEOPT UNPACKING pc=0x0000017ae56d4e42 sp=0x000000512d1fdf90 mode 0
Event: 4506.664 Thread 0x0000017b1a6483f0 Uncommon trap: trap_request=0xffffff45 fr.pc=0x0000017ae60087c4 relative=0x00000000000006c4
Event: 4506.664 Thread 0x0000017b1a6483f0 Uncommon trap: reason=unstable_if action=reinterpret pc=0x0000017ae60087c4 method=ui.data.design.h.cXb()Lui/data/design/R; @ 11 c2
Event: 4506.664 Thread 0x0000017b1a6483f0 DEOPT PACKING pc=0x0000017ae60087c4 sp=0x00000051359ff190
Event: 4506.664 Thread 0x0000017b1a6483f0 DEOPT UNPACKING pc=0x0000017ae56d46a2 sp=0x00000051359ff0d8 mode 2
Event: 4506.664 Thread 0x0000017b1a6483f0 Uncommon trap: trap_request=0xffffff45 fr.pc=0x0000017ae63a8c14 relative=0x0000000000000674
Event: 4506.664 Thread 0x0000017b1a6483f0 Uncommon trap: reason=unstable_if action=reinterpret pc=0x0000017ae63a8c14 method=ui.data.design.h.cWN()Lui/data/design/f; @ 11 c2
Event: 4506.664 Thread 0x0000017b1a6483f0 DEOPT PACKING pc=0x0000017ae63a8c14 sp=0x00000051359ff120
Event: 4506.664 Thread 0x0000017b1a6483f0 DEOPT UNPACKING pc=0x0000017ae56d46a2 sp=0x00000051359ff0d0 mode 2
Event: 4506.664 Thread 0x0000017b1a6483f0 Uncommon trap: trap_request=0xffffff45 fr.pc=0x0000017ae6313b14 relative=0x0000000000000674
Event: 4506.664 Thread 0x0000017b1a6483f0 Uncommon trap: reason=unstable_if action=reinterpret pc=0x0000017ae6313b14 method=ui.data.design.h.cXb()Lui/data/design/R; @ 11 c2
Event: 4506.664 Thread 0x0000017b1a6483f0 DEOPT PACKING pc=0x0000017ae6313b14 sp=0x00000051359ff0a0
Event: 4506.664 Thread 0x0000017b1a6483f0 DEOPT UNPACKING pc=0x0000017ae56d46a2 sp=0x00000051359ff050 mode 2

Classes loaded (20 events):
Event: 3277.266 Loading class javax/swing/PopupFactory$HeavyWeightPopup$1
Event: 3277.266 Loading class javax/swing/PopupFactory$HeavyWeightPopup$1 done
Event: 3284.515 Loading class java/awt/TexturePaintContext
Event: 3284.516 Loading class java/awt/TexturePaintContext done
Event: 3284.516 Loading class java/awt/TexturePaintContext$Int
Event: 3284.516 Loading class java/awt/TexturePaintContext$Int done
Event: 3297.668 Loading class javax/swing/JTree$DropLocation
Event: 3297.668 Loading class javax/swing/JTree$DropLocation done
Event: 3581.767 Loading class sun/awt/geom/AreaOp$EOWindOp
Event: 3581.768 Loading class sun/awt/geom/AreaOp$EOWindOp done
Event: 3827.579 Loading class sun/awt/windows/WInputMethod$1
Event: 3827.580 Loading class sun/awt/windows/WInputMethod$1 done
Event: 3827.581 Loading class java/awt/font/TextHitInfo
Event: 3827.581 Loading class java/awt/font/TextHitInfo done
Event: 4480.316 Loading class javax/swing/JList$5
Event: 4480.316 Loading class javax/swing/JList$5 done
Event: 4480.317 Loading class java/awt/dnd/DnDEventMulticaster
Event: 4480.317 Loading class java/awt/dnd/DragSourceMotionListener
Event: 4480.317 Loading class java/awt/dnd/DragSourceMotionListener done
Event: 4480.317 Loading class java/awt/dnd/DnDEventMulticaster done

Classes unloaded (0 events):
No events

Classes redefined (0 events):
No events

Internal exceptions (20 events):
Event: 4459.511 Thread 0x0000017afe1ffb40 Exception <a 'java/io/FileNotFoundException'{0x00000006b2a1ce38}> (0x00000006b2a1ce38) 
thrown [s\src\hotspot\share\prims\jni.cpp, line 520]
Event: 4464.511 Thread 0x0000017afe1ffb40 Exception <a 'java/io/FileNotFoundException'{0x00000006b26da480}> (0x00000006b26da480) 
thrown [s\src\hotspot\share\prims\jni.cpp, line 520]
Event: 4469.513 Thread 0x0000017afe1ffb40 Exception <a 'java/io/FileNotFoundException'{0x00000006b0c90020}> (0x00000006b0c90020) 
thrown [s\src\hotspot\share\prims\jni.cpp, line 520]
Event: 4474.513 Thread 0x0000017afe1ffb40 Exception <a 'java/io/FileNotFoundException'{0x00000006b1a2cfe8}> (0x00000006b1a2cfe8) 
thrown [s\src\hotspot\share\prims\jni.cpp, line 520]
Event: 4479.514 Thread 0x0000017afe1ffb40 Exception <a 'java/io/FileNotFoundException'{0x00000006b21c1a68}> (0x00000006b21c1a68) 
thrown [s\src\hotspot\share\prims\jni.cpp, line 520]
Event: 4485.026 Thread 0x0000017afe1ffb40 Exception <a 'java/io/FileNotFoundException'{0x00000006bca7d8d0}> (0x00000006bca7d8d0) 
thrown [s\src\hotspot\share\prims\jni.cpp, line 520]
Event: 4486.039 Thread 0x0000017afe1ffb40 Exception <a 'java/lang/NoSuchMethodError'{0x00000006bb9001e8}: 'java.lang.Object java.lang.invoke.DirectMethodHandle$Holder.invokeSpecial(java.lang.Object, java.lang.Object, java.lang.Object, int, java.lang.Object, java.lang.Object)'> (0x00000006bb9001e8) 
thrown [s\src\hotspot\share\interpreter\linkResolver.cpp, line 773]
Event: 4486.039 Thread 0x0000017afe1ffb40 Exception <a 'java/lang/NoSuchMethodError'{0x00000006bb903fc8}: 'java.lang.Object java.lang.invoke.Invokers$Holder.linkToTargetMethod(java.lang.Object, int, java.lang.Object, java.lang.Object, java.lang.Object)'> (0x00000006bb903fc8) 
thrown [s\src\hotspot\share\interpreter\linkResolver.cpp, line 773]
Event: 4486.703 Thread 0x0000017aff61e800 Exception <a 'ui/frmwork/cmd/CommandFailedException'{0x00000006bcad3938}> (0x00000006bcad3938) 
thrown [s\src\hotspot\share\prims\jni.cpp, line 520]
Event: 4486.711 Thread 0x0000017afe1ffb40 Implicit null exception at 0x0000017ae5fe9704 to 0x0000017ae5feb2fc
Event: 4488.653 Thread 0x0000017aff620240 Exception <a 'java/lang/InterruptedException'{0x00000006b21920c8}: sleep interrupted> (0x00000006b21920c8) 
thrown [s\src\hotspot\share\prims\jvm.cpp, line 3052]
Event: 4489.526 Thread 0x0000017afe1ffb40 Exception <a 'java/io/FileNotFoundException'{0x00000006aeac9890}> (0x00000006aeac9890) 
thrown [s\src\hotspot\share\prims\jni.cpp, line 520]
Event: 4494.496 Thread 0x0000017afe1ffb40 Implicit null exception at 0x0000017ae60d9a15 to 0x0000017ae60da310
Event: 4494.532 Thread 0x0000017afe1ffb40 Exception <a 'java/io/FileNotFoundException'{0x00000006afae6a20}> (0x00000006afae6a20) 
thrown [s\src\hotspot\share\prims\jni.cpp, line 520]
Event: 4496.460 Thread 0x0000017afe1ffb40 Implicit null exception at 0x0000017ae6bbf470 to 0x0000017ae6bc15d4
Event: 4496.461 Thread 0x0000017afe1ffb40 Implicit null exception at 0x0000017ae5f6c340 to 0x0000017ae5f6cbec
Event: 4498.753 Thread 0x0000017afe1ffb40 Exception <a 'java/lang/NoSuchMethodError'{0x00000006af6131a0}: 'int java.lang.invoke.DirectMethodHandle$Holder.invokeSpecial(java.lang.Object, java.lang.Object, java.lang.Object, java.lang.Object)'> (0x00000006af6131a0) 
thrown [s\src\hotspot\share\interpreter\linkResolver.cpp, line 773]
Event: 4498.763 Thread 0x0000017afe1ffb40 Implicit null exception at 0x0000017ae5f3dbd8 to 0x0000017ae5f3e1d4
Event: 4499.529 Thread 0x0000017afe1ffb40 Exception <a 'java/io/FileNotFoundException'{0x00000006b25be740}> (0x00000006b25be740) 
thrown [s\src\hotspot\share\prims\jni.cpp, line 520]
Event: 4504.530 Thread 0x0000017afe1ffb40 Exception <a 'java/io/FileNotFoundException'{0x00000006b10f55e0}> (0x00000006b10f55e0) 
thrown [s\src\hotspot\share\prims\jni.cpp, line 520]

ZGC Phase Switch (0 events):
No events

VM Operations (20 events):
Event: 4499.232 Executing VM operation: G1CollectForAllocation (G1 Evacuation Pause)
Event: 4499.235 Executing VM operation: G1CollectForAllocation (G1 Evacuation Pause) done
Event: 4500.241 Executing VM operation: Cleanup
Event: 4500.241 Executing VM operation: Cleanup done
Event: 4502.241 Executing VM operation: Cleanup
Event: 4502.241 Executing VM operation: Cleanup done
Event: 4502.614 Executing VM operation: G1CollectForAllocation (G1 Evacuation Pause)
Event: 4502.617 Executing VM operation: G1CollectForAllocation (G1 Evacuation Pause) done
Event: 4503.337 Executing VM operation: G1CollectForAllocation (G1 Evacuation Pause)
Event: 4503.340 Executing VM operation: G1CollectForAllocation (G1 Evacuation Pause) done
Event: 4504.340 Executing VM operation: Cleanup
Event: 4504.340 Executing VM operation: Cleanup done
Event: 4505.340 Executing VM operation: Cleanup
Event: 4505.340 Executing VM operation: Cleanup done
Event: 4506.341 Executing VM operation: Cleanup
Event: 4506.341 Executing VM operation: Cleanup done
Event: 4506.648 Executing VM operation: G1CollectForAllocation (G1 Evacuation Pause)
Event: 4506.651 Executing VM operation: G1CollectForAllocation (G1 Evacuation Pause) done
Event: 4508.627 Executing VM operation: G1CollectForAllocation (G1 Evacuation Pause)
Event: 4508.631 Executing VM operation: G1CollectForAllocation (G1 Evacuation Pause) done

Memory protections (0 events):
No events

Nmethod flushes (20 events):
Event: 4487.031 Thread 0x0000017ad3f3e960 flushing  nmethod 0x0000017adeb67a90
Event: 4487.031 Thread 0x0000017ad3f3e960 flushing  nmethod 0x0000017adebd0690
Event: 4487.031 Thread 0x0000017ad3f3e960 flushing  nmethod 0x0000017adecae810
Event: 4487.031 Thread 0x0000017ad3f3e960 flushing  nmethod 0x0000017adecb1410
Event: 4487.031 Thread 0x0000017ad3f3e960 flushing  nmethod 0x0000017aded89490
Event: 4487.031 Thread 0x0000017ad3f3e960 flushing  nmethod 0x0000017adedced10
Event: 4487.031 Thread 0x0000017ad3f3e960 flushing  nmethod 0x0000017adeec9390
Event: 4487.031 Thread 0x0000017ad3f3e960 flushing  nmethod 0x0000017adeecad90
Event: 4487.031 Thread 0x0000017ad3f3e960 flushing  nmethod 0x0000017adf158910
Event: 4487.031 Thread 0x0000017ad3f3e960 flushing  nmethod 0x0000017adf19d510
Event: 4487.031 Thread 0x0000017ad3f3e960 flushing  nmethod 0x0000017adf19e690
Event: 4487.031 Thread 0x0000017ad3f3e960 flushing  nmethod 0x0000017adf340090
Event: 4487.031 Thread 0x0000017ad3f3e960 flushing  nmethod 0x0000017adf518490
Event: 4487.031 Thread 0x0000017ad3f3e960 flushing  nmethod 0x0000017adf51bc90
Event: 4487.031 Thread 0x0000017ad3f3e960 flushing  nmethod 0x0000017adf5def90
Event: 4487.031 Thread 0x0000017ad3f3e960 flushing  nmethod 0x0000017adf5ed310
Event: 4487.031 Thread 0x0000017ad3f3e960 flushing  nmethod 0x0000017adf72a890
Event: 4487.031 Thread 0x0000017ad3f3e960 flushing  nmethod 0x0000017adf7a5710
Event: 4487.031 Thread 0x0000017ad3f3e960 flushing  nmethod 0x0000017adfa0ed10
Event: 4487.031 Thread 0x0000017ad3f3e960 flushing  nmethod 0x0000017adfa30190

Events (20 events):
Event: 4505.608 Thread 0x0000017b1a6483f0 Thread exited: 0x0000017b1a6483f0
Event: 4506.626 Thread 0x0000017afe1ffb40 Thread added: 0x0000017b1a6483f0
Event: 4506.682 Thread 0x0000017b1a6483f0 Thread exited: 0x0000017b1a6483f0
Event: 4507.069 Thread 0x0000017afe1ffb40 Thread added: 0x0000017b1a6483f0
Event: 4507.070 Thread 0x0000017b1a6483f0 Thread exited: 0x0000017b1a6483f0
Event: 4507.165 Thread 0x0000017afe1ffb40 Thread added: 0x0000017b1a649e30
Event: 4507.165 Thread 0x0000017afe1ffb40 Thread added: 0x0000017b1a6497a0
Event: 4507.168 Thread 0x0000017b1a649e30 Thread exited: 0x0000017b1a649e30
Event: 4507.171 Thread 0x0000017afe1ffb40 Thread added: 0x0000017b1a649e30
Event: 4507.175 Thread 0x0000017b1a649e30 Thread exited: 0x0000017b1a649e30
Event: 4507.606 Thread 0x0000017afe1ffb40 Thread added: 0x0000017b1a6476d0
Event: 4507.607 Thread 0x0000017b1a6476d0 Thread exited: 0x0000017b1a6476d0
Event: 4507.668 Thread 0x0000017afe1ffb40 Thread added: 0x0000017b1a6476d0
Event: 4508.187 Thread 0x0000017b1a6497a0 Thread exited: 0x0000017b1a6497a0
Event: 4508.686 Thread 0x0000017b1a6476d0 Thread exited: 0x0000017b1a6476d0
Event: 4508.797 Thread 0x0000017afe1ffb40 Thread added: 0x0000017b1a6476d0
Event: 4508.798 Thread 0x0000017afe1ffb40 Thread added: 0x0000017b1a6483f0
Event: 4508.798 Thread 0x0000017afe1ffb40 Thread added: 0x0000017b1a649e30
Event: 4508.798 Thread 0x0000017afe1ffb40 Thread added: 0x0000017b1a6497a0
Event: 4508.799 Thread 0x0000017b1a6483f0 Thread exited: 0x0000017b1a6483f0


Dynamic libraries:
0x00007ff687af0000 - 0x00007ff687af8000 	C:\Program\2025.2\Vivado\bin\unwrapped\win64.o\vivado.exe
0x00007ffa51b20000 - 0x00007ffa51d87000 	C:\WINDOWS\SYSTEM32\ntdll.dll
0x00007ffa50cc0000 - 0x00007ffa50d89000 	C:\WINDOWS\System32\KERNEL32.DLL
0x00007ffa4f2a0000 - 0x00007ffa4f68f000 	C:\WINDOWS\System32\KERNELBASE.dll
0x00007ffa4bca0000 - 0x00007ffa4bd3f000 	C:\WINDOWS\SYSTEM32\apphelp.dll
0x00007ffa4ec70000 - 0x00007ffa4edbb000 	C:\WINDOWS\System32\ucrtbase.dll
0x00007ffa36f20000 - 0x00007ffa36f3e000 	C:\WINDOWS\SYSTEM32\VCRUNTIME140.dll
0x00007ffa36d20000 - 0x00007ffa36da8000 	C:\WINDOWS\SYSTEM32\MSVCP140.dll
0x00007ffa36bd0000 - 0x00007ffa36bdb000 	C:\WINDOWS\SYSTEM32\VCRUNTIME140_1.dll
0x00007ffa2a730000 - 0x00007ffa2a763000 	C:\Program\2025.2\Vivado\lib\win64.o\xv_commonmain.dll
0x00007ff99f470000 - 0x00007ff9a0c2a000 	C:\Program\2025.2\Vivado\lib\win64.o\xv_common.dll
0x00007ffa50890000 - 0x00007ffa50a55000 	C:\WINDOWS\System32\USER32.dll
0x00007ffa4f760000 - 0x00007ffa4f787000 	C:\WINDOWS\System32\win32u.dll
0x00007ffa51a30000 - 0x00007ffa51a5b000 	C:\WINDOWS\System32\GDI32.dll
0x00007ffa4f790000 - 0x00007ffa4f8bc000 	C:\WINDOWS\System32\gdi32full.dll
0x00007ffa4ee70000 - 0x00007ffa4ef13000 	C:\WINDOWS\System32\msvcp_win.dll
0x00007ffa49d80000 - 0x00007ffa49d8c000 	C:\Program\2025.2\Vivado\lib\win64.o\xv_commonversion.dll
0x00007ffa51820000 - 0x00007ffa518d4000 	C:\WINDOWS\System32\ADVAPI32.dll
0x00007ffa4fcb0000 - 0x00007ffa4fd59000 	C:\WINDOWS\System32\msvcrt.dll
0x00007ffa51580000 - 0x00007ffa51626000 	C:\WINDOWS\System32\sechost.dll
0x00007ffa51630000 - 0x00007ffa51748000 	C:\WINDOWS\System32\RPCRT4.dll
0x00007ff9f1cc0000 - 0x00007ff9f1f19000 	C:\Program\2025.2\Vivado\lib\win64.o\xv_commonxillic.dll
0x00007ffa4fe70000 - 0x00007ffa505c3000 	C:\WINDOWS\System32\SHELL32.dll
0x00007ffa2a700000 - 0x00007ffa2a72a000 	C:\Program\2025.2\Vivado\lib\win64.o\boost_filesystem.dll
0x00007ffa51a60000 - 0x00007ffa51ad4000 	C:\WINDOWS\System32\WS2_32.dll
0x00007ffa4f130000 - 0x00007ffa4f29a000 	C:\WINDOWS\System32\wintypes.dll
0x00007ffa4f8c0000 - 0x00007ffa4fc46000 	C:\WINDOWS\System32\combase.dll
0x00007ffa4f0a0000 - 0x00007ffa4f120000 	C:\WINDOWS\System32\WINTRUST.dll
0x00007ff99ed20000 - 0x00007ff99f46b000 	C:\Program\2025.2\Vivado\tps\win64\python-3.13.0\python313.dll
0x00007ff9a7fa0000 - 0x00007ff9a8165000 	C:\Program\2025.2\Vivado\lib\win64.o\tcl86t.dll
0x00007ffa32b80000 - 0x00007ffa32b8a000 	C:\WINDOWS\SYSTEM32\WSOCK32.dll
0x00007ffa36d00000 - 0x00007ffa36d1a000 	C:\WINDOWS\SYSTEM32\NETAPI32.dll
0x00007ffa480c0000 - 0x00007ffa481e8000 	C:\WINDOWS\SYSTEM32\WINHTTP.dll
0x00007ffa367c0000 - 0x00007ffa36a48000 	C:\WINDOWS\SYSTEM32\WININET.dll
0x00007ffa34e90000 - 0x00007ffa35070000 	C:\WINDOWS\SYSTEM32\urlmon.dll
0x00007ffa26c80000 - 0x00007ffa26dc4000 	C:\Program\2025.2\Vivado\lib\win64.o\boost_regex.dll
0x00007ff99ea00000 - 0x00007ff99ed16000 	C:\Program\2025.2\Vivado\lib\win64.o\libXil_lmgr11.dll
0x00007ffa50b40000 - 0x00007ffa50c30000 	C:\WINDOWS\System32\COMDLG32.dll
0x00007ffa4eb60000 - 0x00007ffa4eb8a000 	C:\WINDOWS\SYSTEM32\bcrypt.dll
0x00007ffa518e0000 - 0x00007ffa519d5000 	C:\WINDOWS\System32\shcore.dll
0x00007ffa4fdb0000 - 0x00007ffa4fe16000 	C:\WINDOWS\System32\SHLWAPI.dll
0x00007ffa50a60000 - 0x00007ffa50b36000 	C:\WINDOWS\System32\OLEAUT32.dll
0x00007ffa505d0000 - 0x00007ffa50767000 	C:\WINDOWS\System32\ole32.dll
0x00007ffa4ef20000 - 0x00007ffa4f097000 	C:\WINDOWS\System32\CRYPT32.dll
0x00007ff99d970000 - 0x00007ff99e9fe000 	C:\Program\2025.2\Vivado\lib\win64.o\xv_isl_iostreams.dll
0x00007ffa2a6d0000 - 0x00007ffa2a6f7000 	C:\Program\2025.2\Vivado\lib\win64.o\boost_thread.dll
0x00007ffa2d360000 - 0x00007ffa2d37a000 	C:\Program\2025.2\Vivado\lib\win64.o\boost_date_time.dll
0x00007ffa2a670000 - 0x00007ffa2a691000 	C:\Program\2025.2\Vivado\lib\win64.o\boost_iostreams.dll
0x00007ffa2a620000 - 0x00007ffa2a645000 	C:\Program\2025.2\Vivado\lib\win64.o\xv_isl_sysinfo.dll
0x00007ffa2a290000 - 0x00007ffa2a326000 	C:\Program\2025.2\Vivado\lib\win64.o\boost_program_options.dll
0x00007ffa48c80000 - 0x00007ffa48c90000 	C:\Program\2025.2\Vivado\lib\win64.o\xv_boost_xilinx.dll
0x00007ff99cbc0000 - 0x00007ff99d96b000 	C:\Program\2025.2\Vivado\lib\win64.o\xv_common_protobuf.dll
0x00007ffa2d320000 - 0x00007ffa2d33c000 	C:\Program\2025.2\Vivado\lib\win64.o\librdiconfig.dll
0x00007ff99c700000 - 0x00007ff99cbb2000 	C:\Program\2025.2\Vivado\lib\win64.o\xv_COIN-all.dll
0x00007ffa23e20000 - 0x00007ffa23eb7000 	C:\Program\2025.2\Vivado\lib\win64.o\libhdxml.dll
0x00007ffa2d2a0000 - 0x00007ffa2d2bd000 	C:\Program\2025.2\Vivado\lib\win64.o\pthreadVC2.dll
0x00007ff99a7e0000 - 0x00007ff99c6f7000 	C:\Program\2025.2\Vivado\lib\win64.o\gurobi90.dll
0x00007ffa50c40000 - 0x00007ffa50cb4000 	C:\WINDOWS\System32\WLDAP32.dll
0x00007ffa51570000 - 0x00007ffa51578000 	C:\WINDOWS\System32\Normaliz.dll
0x00007ffa23b80000 - 0x00007ffa23bf8000 	C:\Program\2025.2\Vivado\lib\win64.o\xv_lmx.dll
0x00007ff9f9c60000 - 0x00007ff9f9d12000 	C:\Program\2025.2\Vivado\lib\win64.o\libzstd.dll
0x00007ffa015e0000 - 0x00007ffa01662000 	C:\Program\2025.2\Vivado\lib\win64.o\libhdlpsolve.dll
0x00007ffa2a5e0000 - 0x00007ffa2a616000 	C:\WINDOWS\SYSTEM32\VCOMP140.DLL
0x00007ffa2a260000 - 0x00007ffa2a284000 	C:\Program\2025.2\Vivado\lib\win64.o\librdizlib.dll
0x00007ff9a7cf0000 - 0x00007ff9a7f9d000 	C:\Program\2025.2\Vivado\lib\win64.o\xerces-c_3_3.dll
0x00007ffa4dfe0000 - 0x00007ffa4e00b000 	C:\WINDOWS\SYSTEM32\USERENV.dll
0x00007ffa473f0000 - 0x00007ffa473fb000 	C:\WINDOWS\SYSTEM32\VERSION.dll
0x00007ffa2a100000 - 0x00007ffa2a12a000 	C:\Program\2025.2\Vivado\lib\win64.o\zlib1.dll
0x00007ffa343b0000 - 0x00007ffa34675000 	C:\WINDOWS\SYSTEM32\iertutil.dll
0x00007ffa4c850000 - 0x00007ffa4d0ae000 	C:\WINDOWS\SYSTEM32\windows.storage.dll
0x00007ffa36520000 - 0x00007ffa365d4000 	C:\WINDOWS\WinSxS\amd64_microsoft.windows.common-controls_6595b64144ccf1df_5.82.26100.7309_none_87ef0e2f7a2c9771\COMCTL32.dll
0x00007ffa47a40000 - 0x00007ffa47a63000 	C:\WINDOWS\SYSTEM32\dhcpcsvc.DLL
0x00007ffa2a4e0000 - 0x00007ffa2a4fc000 	C:\Program\2025.2\Vivado\lib\win64.o\xv_isl_iosutils.dll
0x00007ffa36be0000 - 0x00007ffa36c09000 	C:\WINDOWS\SYSTEM32\srvcli.dll
0x00007ffa4d3c0000 - 0x00007ffa4d3cd000 	C:\WINDOWS\SYSTEM32\netutils.dll
0x00007ffa4df30000 - 0x00007ffa4df9b000 	C:\WINDOWS\SYSTEM32\MSWSOCK.DLL
0x00007ffa4dd00000 - 0x00007ffa4dd47000 	C:\WINDOWS\SYSTEM32\LOGONCLI.DLL
0x00007ffa4d370000 - 0x00007ffa4d38b000 	C:\WINDOWS\SYSTEM32\SAMCLI.DLL
0x00007ffa4fe20000 - 0x00007ffa4fe51000 	C:\WINDOWS\System32\IMM32.DLL
0x00007ffa4e380000 - 0x00007ffa4e393000 	C:\WINDOWS\SYSTEM32\MSASN1.dll
0x00007ffa4e320000 - 0x00007ffa4e33b000 	C:\WINDOWS\SYSTEM32\CRYPTSP.dll
0x00007ffa4d940000 - 0x00007ffa4d97a000 	C:\WINDOWS\system32\rsaenh.dll
0x00007ffa4e180000 - 0x00007ffa4e18c000 	C:\WINDOWS\SYSTEM32\CRYPTBASE.dll
0x00007ffa4edc0000 - 0x00007ffa4ee65000 	C:\WINDOWS\System32\bcryptPrimitives.dll
0x00007ffa4d9e0000 - 0x00007ffa4d9fb000 	C:\WINDOWS\SYSTEM32\kernel.appcore.dll
0x00007ffa4fd80000 - 0x00007ffa4fda0000 	C:\WINDOWS\System32\imagehlp.dll
0x00007ff99a0d0000 - 0x00007ff99a7d4000 	C:\Program\2025.2\Vivado\lib\win64.o\xv_commontasks.dll
0x00007ff998e30000 - 0x00007ff999bbf000 	C:\Program\2025.2\Vivado\tps\win64\jre21.0.5_11\bin\server\jvm.dll
0x00007ffa4ead0000 - 0x00007ffa4eb2e000 	C:\WINDOWS\SYSTEM32\POWRPROF.dll
0x00007ffa409f0000 - 0x00007ffa40a25000 	C:\WINDOWS\SYSTEM32\WINMM.dll
0x00007ff999bc0000 - 0x00007ff99a0c0600 	C:\Program\2025.2\Vivado\lib\win64.o\xv_sio.dll
0x00007ffa4d3d0000 - 0x00007ffa4d404000 	C:\WINDOWS\SYSTEM32\IPHLPAPI.DLL
0x00007ffa4eab0000 - 0x00007ffa4eac4000 	C:\WINDOWS\SYSTEM32\UMPDC.dll
0x00007ffa4dfa0000 - 0x00007ffa4dfd2000 	C:\WINDOWS\SYSTEM32\gpapi.dll
0x00007ffa47370000 - 0x00007ffa473ab000 	C:\Windows\System32\cryptnet.dll
0x00007ffa4eb90000 - 0x00007ffa4ebb9000 	C:\WINDOWS\SYSTEM32\profapi.dll
0x00007ffa4bf30000 - 0x00007ffa4bf3f000 	C:\WINDOWS\SYSTEM32\WINNSI.DLL
0x00007ffa4fe60000 - 0x00007ffa4fe6a000 	C:\WINDOWS\System32\NSI.dll
0x00007ffa4dc80000 - 0x00007ffa4dcc9000 	C:\WINDOWS\SYSTEM32\SspiCli.dll
0x00007ffa1d370000 - 0x00007ffa1d388000 	C:\WINDOWS\system32\napinsp.dll
0x00007ffa4d460000 - 0x00007ffa4d58c000 	C:\WINDOWS\SYSTEM32\DNSAPI.dll
0x00007ffa1d2e0000 - 0x00007ffa1d2f2000 	C:\WINDOWS\System32\winrnr.dll
0x00007ffa1cfe0000 - 0x00007ffa1d002000 	C:\WINDOWS\system32\nlansp_c.dll
0x00007ffa48320000 - 0x00007ffa48336000 	C:\WINDOWS\system32\wshbth.dll
0x0000000062040000 - 0x0000000062066000 	C:\Program Files\Bonjour\mdnsNSP.dll
0x00007ffa47960000 - 0x00007ffa4797b000 	C:\WINDOWS\SYSTEM32\wkscli.dll
0x00007ffa2bdb0000 - 0x00007ffa2bdc3000 	C:\WINDOWS\SYSTEM32\cscapi.dll
0x00007ff994bf0000 - 0x00007ff998e27000 	C:\Program\2025.2\Vivado\lib\win64.o\xv_tcltasks.dll
0x00007ff9948e0000 - 0x00007ff994bef000 	C:\Program\2025.2\Vivado\lib\win64.o\xv_projectvivado.dll
0x00007ff9f7f30000 - 0x00007ff9f8017000 	C:\Program\2025.2\Vivado\lib\win64.o\xv_xhubtasks.dll
0x00007ff991da0000 - 0x00007ff99293c000 	C:\Program\2025.2\Vivado\lib\win64.o\xv_project.dll
0x00007ff990f00000 - 0x00007ff991d92000 	C:\Program\2025.2\Vivado\lib\win64.o\xv_power.dll
0x00007ff992940000 - 0x00007ff9948d2000 	C:\Program\2025.2\Vivado\lib\win64.o\xv_implflow.dll
0x00007ff98d8b0000 - 0x00007ff990ef7000 	C:\Program\2025.2\Vivado\lib\win64.o\xv_route.dll
0x00007ff986560000 - 0x00007ff986b15000 	C:\Program\2025.2\Vivado\lib\win64.o\xv_dfximpl.dll
0x00007ff985c20000 - 0x00007ff985e88600 	C:\Program\2025.2\Vivado\lib\win64.o\xv_checkpoint.dll
0x00007ff986b20000 - 0x00007ff987811000 	C:\Program\2025.2\Vivado\lib\win64.o\xv_lopt.dll
0x00007ff9f6de0000 - 0x00007ff9f6f4f000 	C:\Program\2025.2\Vivado\lib\win64.o\xv_chipscope.dll
0x00007ff985e90000 - 0x00007ff986559000 	C:\Program\2025.2\Vivado\lib\win64.o\xv_runs.dll
0x00007ff985990000 - 0x00007ff985c1c000 	C:\Program\2025.2\Vivado\lib\win64.o\xv_chipscopeimpl.dll
0x00007ff984cb0000 - 0x00007ff985989000 	C:\Program\2025.2\Vivado\lib\win64.o\xv_rsb.dll
0x00007ff981130000 - 0x00007ff981c49000 	C:\Program\2025.2\Vivado\lib\win64.o\xv_drc.dll
0x00007ff980c40000 - 0x00007ff981128000 	C:\Program\2025.2\Vivado\lib\win64.o\xv_vsta.dll
0x00007ff987820000 - 0x00007ff98d8a2000 	C:\Program\2025.2\Vivado\lib\win64.o\xv_place.dll
0x00007ff9f1bb0000 - 0x00007ff9f1cc0000 	C:\Program\2025.2\Vivado\lib\win64.o\xv_dsp.dll
0x00007ff97edf0000 - 0x00007ff97f2d3000 	C:\Program\2025.2\Vivado\lib\win64.o\xv_dlyest.dll
0x00007ff981c50000 - 0x00007ff984ca7000 	C:\Program\2025.2\Vivado\lib\win64.o\xv_mig.dll
0x00007ff97f2e0000 - 0x00007ff980c34000 	C:\Program\2025.2\Vivado\lib\win64.o\xv_timing.dll

dbghelp: loaded successfully - version: 4.0.5 - missing functions: none
symbol engine: initialized successfully - sym options: 0x614 - pdb path: .;C:\Program\2025.2\Vivado\bin\unwrapped\win64.o;C:\WINDOWS\SYSTEM32;C:\Program\2025.2\Vivado\lib\win64.o;C:\Program\2025.2\Vivado\tps\win64\python-3.13.0;C:\WINDOWS\WinSxS\amd64_microsoft.windows.common-controls_6595b64144ccf1df_5.82.26100.7309_none_87ef0e2f7a2c9771;C:\Program\2025.2\Vivado\tps\win64\jre21.0.5_11\bin\server;C:\Program Files\Bonjour;C:\Program\2025.2\Vivado\tps\win64\jre21.0.5_11\bin;C:\WINDOWS\WinSxS\amd64_microsoft.windows.common-controls_6595b64144ccf1df_6.0.26100.7309_none_3e05feeae336a044

VM Arguments:
jvm_args: -Dsun.java2d.pmoffscreen=false -Dhttps.protocols=TLSv1,TLSv1.1,TLSv1.2 -Dsun.java2d.xrender=false -Dsun.java2d.d3d=false -Dsun.awt.nopixfmt=true -Dsun.java2d.dpiaware=true -Dsun.java2d.uiScale.enabled=false -Dswing.aatext=true -XX:-UsePerfData -Djdk.map.althashing.threshold=512 -XX:StringTableSize=4072 -XX:+UseStringDeduplication -XX:MaxGCPauseMillis=200 -XX:ParallelGCThreads=4 -XX:+ParallelRefProcEnabled --add-opens=java.desktop/javax.swing.plaf.synth=ALL-UNNAMED --add-opens=java.base/java.nio=ALL-UNNAMED --add-opens=java.desktop/sun.swing=ALL-UNNAMED --add-opens=java.desktop/javax.swing=ALL-UNNAMED --add-opens=java.desktop/javax.swing.tree=ALL-UNNAMED --add-opens=java.desktop/javax.swing.plaf.basic=ALL-UNNAMED --add-opens=java.desktop/javax.swing.plaf.synth=ALL-UNNAMED --add-opens=java.desktop/javax.swing.plaf.basic=ALL-UNNAMED --add-opens=java.desktop/javax.swing=ALL-UNNAMED --add-opens=java.desktop/javax.swing.tree=ALL-UNNAMED --add-opens=java.desktop/java.awt.event=ALL-UNNAMED --add-exports=java.desktop/javax.swing.plaf.synth=ALL-UNNAMED --add-exports=java.base/java.nio=ALL-UNNAMED --add-exports=java.desktop/sun.swing=ALL-UNNAMED --add-exports=java.desktop/javax.swing=ALL-UNNAMED --add-exports=java.desktop/javax.swing.tree=ALL-UNNAMED --add-exports=java.desktop/javax.swing.plaf.basic=ALL-UNNAMED --add-exports=java.desktop/sun.swing=ALL-UNNAMED --add-exports=java.desktop/sun.swing.table=ALL-UNNAMED --add-exports=java.desktop/sun.swing.plaf.synth=ALL-UNNAMED --add-exports=java.desktop/sun.awt.shell=ALL-UNNAMED --add-exports=java.base/sun.security.action=ALL-UNNAMED --add-exports=java.desktop/sun.font=ALL-UNNAMED -XX:NewSize=80m -XX:MaxNewSize=80m -Xms812m -Xmx6144m -Xss10m 
java_command: <unknown>
java_class_path (initial): C:/Program/2025.2/Vivado\lib\classes\animal-sniffer-annotations-1.21.jar;C:/Program/2025.2/Vivado\lib\classes\annotations-4.1.1.4.jar;C:/Program/2025.2/Vivado\lib\classes\antlrall.jar;C:/Program/2025.2/Vivado\lib\classes\apiguardian-api-1.1.0.jar;C:/Program/2025.2/Vivado\lib\classes\autoesl-models-1.0.0-105.jar;C:/Program/2025.2/Vivado\lib\classes\batik-anim-1.0.0-105.jar;C:/Program/2025.2/Vivado\lib\classes\batik-awt-util-1.0.0-105.jar;C:/Program/2025.2/Vivado\lib\classes\batik-bridge-1.0.0-105.jar;C:/Program/2025.2/Vivado\lib\classes\batik-codec-1.0.0-105.jar;C:/Program/2025.2/Vivado\lib\classes\batik-constants-1.0.0-105.jar;C:/Program/2025.2/Vivado\lib\classes\batik-css-1.0.0-105.jar;C:/Program/2025.2/Vivado\lib\classes\batik-dom-1.0.0-105.jar;C:/Program/2025.2/Vivado\lib\classes\batik-ext-1.0.0-105.jar;C:/Program/2025.2/Vivado\lib\classes\batik-gui-util-1.0.0-105.jar;C:/Program/2025.2/Vivado\lib\classes\batik-gvt-1.0.0-105.jar;C:/Program/2025.2/Vivado\lib\classes\batik-i18n-1.0.0-105.jar;C:/Program/2025.2/Vivado\lib\classes\batik-parser-1.0.0-105.jar;C:/Program/2025.2/Vivado\lib\classes\batik-script-1.0.0-105.jar;C:/Program/2025.2/Vivado\lib\classes\batik-svg-dom-1.0.0-105.jar;C:/Program/2025.2/Vivado\lib\classes\batik-svggen-1.0.0-105.jar;C:/Program/2025.2/Vivado\lib\classes\batik-swing-1.0.0-105.jar;C:/Program/2025.2/Vivado\lib\classes\batik-transcoder-1.0.0-105.jar;C:/Program/2025.2/Vivado\lib\classes\batik-util-1.0.0-105.jar;C:/Program/2025.2/Vivado\lib\classes\batik-xml-1.0.0-105.jar;C:/Program/2025.2/Vivado\lib\classes\checker-qual-3.12.0.jar;C:/Program/2025.2/Vivado\lib\classes\com.fasterxml.jackson.core.jackson-annotations_2.12.1.v20210128-1726-1.0.0-105.jar;C:/Program/2025.2/Vivado\lib\classes\com.fasterxml.jackson.core.jackson-core_2.12.1.v20210128-1726-1.0.0-105.jar;C:/Program/2025.2/Vivado\lib\classes\com.fasterxml.jackson.core.jackson-databind_2.12.1.v20210128-1726-1.0.0-105.jar;C:/Program/2025.2/Vivado\lib\classes\commons-collections4-4.1-3.8.0-105.jar;C:/Program/2025.2/Vivado\lib\classes\commons-compress-1.21-3.8.0-105.jar;C:/Program/2025.2/Vivado\lib\classes\commons-io-2.6.jar;C:/Program/2025.2/Vivado\lib\classes\commons-math-2.2-3.8.0-105.jar;C:/Program/2025.2/Vivado\lib\classes\DispatchProtocol-1.24.0-665.jar;C:/Program/2025.2/Vivado\lib\classes\error_prone_annotations-2.18.0.jar;C:/Program/2025.2/Vivado\lib\classes\failureaccess-1.0.1.jar;C:/Program/2025.2/Vivado\lib\classes\frank_frameworks-1.0.0-665.jar;C:/Program/2025.2/Vivado\lib\classes\grpc-api-1.54.1.jar;C:/Program/2025.2/Vivado\lib\classes\grpc-context-1.54.1.jar;C:/Program/2025.2/Vivado\lib\classes\grpc-core-1.54.1.jar;C:/Program/2025.2/Vivado\lib\classes\grpc-netty-shaded-1.54.1.jar;C:/Program/2025.2/Vivado\lib\classes\grpc-protobuf-1.54.1.jar;C:/Program/2025.2/Vivado\lib\classes\grpc-protobuf-lite-1.54.1.jar;C:/Program/2025.2/Vivado\lib\classes\grpc-stub-1.54.1.jar;C:/Program/2025.2/Vivado\lib\classes\gson-2.9.0.jar;C:/Program/2025.2/Vivado\lib\classes\guava-31.1-android.jar;C:/Program/2025.2/Vivado\lib\classes\help-1.24.0-409.jar;C:/Program/2025.2/Vivado\lib\classes\j2objc-annotations-1.3.jar;C:/Program/2025.2/Vivado\lib\classes\javax.annotation-api-1.3.2.jar;C:/Program/2025.2/Vivado\lib\classes\jaxb-api-2.3.0.jar;C:/Program/2025.2/Vivado\lib\classes\jericho-html-3.4-1.0.0-105.jar;C:/Program/2025.2/Vivado\lib\classes\jh-2.0.05-105.jar;C:/Program/2025.2/Vivado\lib\classes\jide-action-3.8.0-105.jar;C:/Program/2025.2/Vivado\lib\classes\jide-charts-3.8.0-105.jar;C:/Program/2025.2/Vivado\lib\classes\jide-common-3.8.0-105.jar;C:/Program/2025.2/Vivado\lib\classes\jide-components-3.8.0-105.jar;C:/Program/2025.2/Vivado\lib\classes\jide-dashboard-3.8.0-105.jar;C:/Program/2025.2/Vivado\lib\classes\jide-data-3.8.0-105.jar;C:/Program/2025.2/Vivado\lib\classes\jide-dialogs-3.8.0-105.jar;C:/Program/2025.2/Vivado\lib\classes\jide-diff-3.8.0-105.jar;C:/Program/2025.2/Vivado\lib\classes\jide-dock-3.8.0-105.jar;C:/Program/2025.2/Vivado\lib\classes\jide-editor-3.8.0-105.jar;C:/Program/2025.2/Vivado\lib\classes\jide-gantt-3.8.0-105.jar;C:/Program/2025.2/Vivado\lib\classes\jide-grids-3.8.0-105.jar;C:/Program/2025.2/Vivado\lib\classes\jide-pivot-3.8.0-105.jar;C:/Program/2025.2/Vivado\lib\classes\jide-plaf-jdk7-3.8.0-105.jar;C:/Program/2025.2/Vivado\lib\classes\jide-properties-3.8.0-105.jar;C:/Program/2025.2/Vivado\lib\classes\jide-shortcut-3.8.0-105.jar;C:/Program/2025.2/Vivado\lib\classes\jide-treemap-3.8.0-105.jar;C:/Program/2025.2/Vivado\lib\classes\JRCClient-1.24.0-665.jar;C:/Program/2025.2/Vivado\lib\classes\jsr305-3.0.2.jar;C:/Program/2025.2/Vivado\lib\classes\junit-jupiter-api-5.6.2.jar;C:/Program/2025.2/Vivado\lib\classes\junit-platform-commons-1.6.2.jar;C:/Program/2025.2/Vivado\lib\classes\jydocking-3.3.1-105.jar;C:/Program/2025.2/Vivado\lib\classes\jytable-3.3.1-105.jar;C:/Program/2025.2/Vivado\lib\classes\jywidgets-3.3.1-105.jar;C:/Program/2025.2/Vivado\lib\classes\listenablefuture-9999.0-empty-to-avoid-conflict-with-guava.jar;C:/Program/2025.2/Vivado\lib\classes\logback-classic-1.4.7.jar;C:/Program/2025.2/Vivado\lib\classes\logback-core-1.4.7.jar;C:/Program/2025.2/Vivado\lib\classes\lucene-core-4.10.2-3.8.0-105.jar;C:/Program/2025.2/Vivado\lib\classes\lucene-queryparser-4.10.2-3.8.0-105.jar;C:/Program/2025.2/Vivado\lib\classes\miglayout-3.7.3.1.jar;C:/Program/2025.2/Vivado\lib\classes\nlview_java-1.0.0-105.jar;C:/Program/2025.2/Vivado\lib\classes\opentest4j-1.2.0.jar;C:/Program/2025.2/Vivado\lib\classes\org.apache.commons.lang_2.6.0.v201404270220-1.0.0-105.jar;C:/Program/2025.2/Vivado\lib\classes\org.eclipse.core.commands-3.6.0-1.0.0-105.jar;C:/Program/2025.2/Vivado\lib\classes\org.eclipse.core.filesystem_1.7.400.v20190518-1151-1.0.0-105.jar;C:/Program/2025.2/Vivado\lib\classes\org.eclipse.core.jobs_3.10.400.v20190506-1457-1.0.0-105.jar;C:/Program/2025.2/Vivado\lib\classes\org.eclipse.core.resources_3.13.400.v20190505-1655-1.0.0-105.jar;C:/Program/2025.2/Vivado\lib\classes\org.eclipse.emf.common_2.18.0.v20191225-1014-1.0.0-105.jar;C:/Program/2025.2/Vivado\lib\classes\org.eclipse.emf.ecore.xmi_2.16.0.v20190528-0725-1.0.0-105.jar;C:/Program/2025.2/Vivado\lib\classes\org.eclipse.emf.ecore_2.21.0.v20200127-1342-1.0.0-105.jar;C:/Program/2025.2/Vivado\lib\classes\org.eclipse.equinox.common_3.11.0.v20200206-0817-1.0.0-105.jar;C:/Program/2025.2/Vivado\lib\classes\org.eclipse.equinox.registry_3.8.400.v20190516-1504-1.0.0-105.jar;C:/Program/2025.2/Vivado\lib\classes\org.eclipse.xtext.util_2.18.0.v20190603-1042-1.0.0-105.jar;C:/Program/2025.2/Vivado\lib\classes\perfmark-api-0.25.0.jar;C:/Program/2025.2/Vivado\lib\classes\picocli-4.1.2.jar;C:/Program/2025.2/Vivado\lib\classes\planAhead.jar;C:/Program/2025.2/Vivado\lib\classes\poi-4.1.1-3.8.0-105.jar;C:/Program/2025.2/Vivado\lib\classes\poi-ooxml-4.1.1-3.8.0-105.jar;C:/Program/2025.2/Vivado\lib\classes\poi-ooxml-schemas-4.1.1-3.8.0-105.jar;C:/Program/2025.2/Vivado\lib\classes\proto-google-common-protos-2.9.0.jar;C:/Program/2025.2/Vivado\lib\classes\protobuf-java-3.21.12.jar;C:/Program/2025.2/Vivado\lib\classes\protobuf-java-util-3.21.12.jar;C:/Program/2025.2/Vivado\lib\classes\RuleService-1.24.0-665.jar;C:/Program/2025.2/Vivado\lib\classes\slf4j-api-2.0.7.jar;C:/Program/2025.2/Vivado\lib\classes\swingx-core-1.6.2-105.jar;C:/Program/2025.2/Vivado\lib\classes\synthetica-3.3.1-105.jar;C:/Program/2025.2/Vivado\lib\classes\syntheticaAddons-3.3.1-105.jar;C:/Program/2025.2/Vivado\lib\classes\syntheticaDark-3.3.1-105.jar;C:/Program/2025.2/Vivado\lib\classes\syntheticaPlain-3.3.1-105.jar;C:/Program/2025.2/Vivado\lib\classes\syntheticaPlainAddon-3.3.1-105.jar;C:/Program/2025.2/Vivado\lib\classes\sysgen.jar;C:/Program/2025.2/Vivado\lib\classes\va-shared-1.0.0-665.jar;C:/Program/2025.2/Vivado\lib\classes\VlmGUI.jar;C:/Program/2025.2/Vivado\lib\classes\xml-apis-ext-1.0.0-105.jar;C:/Program/2025.2/Vivado\lib\classes\xmlbeans-3.1.0-3.8.0-105.jar;C:/Program/2025.2/Vivado\lib\classes\xmlgraphics-commons-1.0.0-105.jar;C:/Program/2025.2/Vivado\lib\classes\yfiles-for-java-swing-3.3.0-105.jar;C:/Program/2025.2/Vivado\lib\classes\windows\gluegen-rt-95.0.4638.69.jar;C:/Program/2025.2/Vivado\lib\classes\windows\gluegen-rt-natives-windows-amd64-95.0.4638.69.jar;C:/Program/2025.2/Vivado\lib\classes\windows\javafx-swt-21.0.5.jar;C:/Program/2025.2/Vivado\lib\classes\windows\javafx.base-21.0.5.jar;C:/Program/2025.2/Vivado\lib\classes\windows\javafx.controls-21.0.5.jar;C:/Program/2025.2/Vivado\lib\classes\windows\javafx.fxml-21.0.5.jar;C:/Program/2025.2/Vivado\lib\classes\windows\javafx.graphics-21.0.5.jar;C:/Program/2025.2/Vivado\lib\classes\windows\javafx.media-21.0.5.jar;C:/Program/2025.2/Vivado\lib\classes\windows\javafx.swing-21.0.5.jar;C:/Program/2025.2/Vivado\lib\classes\windows\javafx.web-21.0.5.jar;C:/Program/2025.2/Vivado\lib\classes\windows\jogl-all-95.0.4638.69.jar;C:/Program/2025.2/Vivado\lib\classes\windows\jogl-all-natives-windows-amd64-95.0.4638.69.jar
Launcher Type: generic

[Global flags]
     intx CICompilerCount                          = 4                                         {product} {ergonomic}
     uint ConcGCThreads                            = 1                                         {product} {ergonomic}
     uint G1ConcRefinementThreads                  = 4                                         {product} {ergonomic}
   size_t G1HeapRegionSize                         = 4194304                                   {product} {ergonomic}
    uintx GCDrainStackTargetSize                   = 64                                        {product} {ergonomic}
   size_t InitialHeapSize                          = 851443712                                 {product} {command line}
   size_t MarkStackSize                            = 4194304                                   {product} {ergonomic}
    uintx MaxGCPauseMillis                         = 200                                       {product} {command line}
   size_t MaxHeapSize                              = 6442450944                                {product} {command line}
   size_t MaxNewSize                               = 83886080                                  {product} {command line}
   size_t MinHeapDeltaBytes                        = 4194304                                   {product} {ergonomic}
   size_t MinHeapSize                              = 851443712                                 {product} {command line}
   size_t NewSize                                  = 83886080                                  {product} {command line}
    uintx NonNMethodCodeHeapSize                   = 5839372                                {pd product} {ergonomic}
    uintx NonProfiledCodeHeapSize                  = 122909434                              {pd product} {ergonomic}
     uint ParallelGCThreads                        = 4                                         {product} {command line}
     bool ParallelRefProcEnabled                   = true                                      {product} {command line}
    uintx ProfiledCodeHeapSize                     = 122909434                              {pd product} {ergonomic}
    uintx ReservedCodeCacheSize                    = 251658240                              {pd product} {ergonomic}
     bool SegmentedCodeCache                       = true                                      {product} {ergonomic}
   size_t SoftMaxHeapSize                          = 6442450944                             {manageable} {ergonomic}
    uintx StringTableSize                          = 4072                                      {product} {command line}
     intx ThreadStackSize                          = 10240                                  {pd product} {command line}
     bool UseCompressedOops                        = true                           {product lp64_product} {ergonomic}
     bool UseG1GC                                  = true                                      {product} {ergonomic}
     bool UseLargePagesIndividualAllocation        = false                                  {pd product} {ergonomic}
     bool UsePerfData                              = false                                     {product} {command line}
     bool UseStringDeduplication                   = true                                      {product} {command line}

Logging:
Log output configuration:
 #0: stdout all=warning uptime,level,tags foldmultilines=false
 #1: stderr all=off uptime,level,tags foldmultilines=false

Environment Variables:
PATH=C:/Program/2025.2/Vivado\tps\win64\python-3.13.0;C:/Program/2025.2/Vivado\tps\win64\python-3.13.0\bin;C:/Program/2025.2/Vivado\tps\win64\python-3.13.0\lib;C:/Program/2025.2/Vivado\tps\win64\python-3.13.0\lib\site-packages;C:/Program/2025.2/Vivado\gnuwin\bin;C:/Program/2025.2/Vivado\gnu\microblaze\nt\bin;C:/Program/2025.2/Vivado/bin;C:/Program/2025.2/Vivado\tps\win64;C:/Program/2025.2/Vivado/tps/win64/java-cef-95.0.4638.69/bin/lib/win64;C:/Program/2025.2/Vivado/tps/win64/javafx-sdk-21.0.5/lib;C:/Program/2025.2/Vivado/tps/win64/javafx-sdk-21.0.5/bin;C:/Program/2025.2/Vivado/lib/win64.o;C:/Program/2025.2/Vivado/tps/win64/jre21.0.5_11/bin/server;C:/Program/2025.2/Vivado/tps/win64/jre21.0.5_11/bin;C:/Program/2025.2/Vitis/bin;C:/Program/2025.2/Vivado/ids_lite/ISE/bin/nt64;C:/Program/2025.2/Vivado/ids_lite/ISE/lib/nt64;C:\Program Files (x86)\VMware\VMware Workstation\bin\;C:\Python314\Scripts\;C:\Python314\;C:\WINDOWS\system32;C:\WINDOWS;C:\WINDOWS\System32\Wbem;C:\WINDOWS\System32\WindowsPowerShell\v1.0\;C:\WINDOWS\System32\OpenSSH\;C:\WINDOWS\AtlasModules;C:\WINDOWS\AtlasModules\Tools;C:\WINDOWS\AtlasModules\Scripts;C:\Program Files\nodejs\;C:\ProgramData\chocolatey\bin;C:\Program Files\WireGuard\;C:\Program Files (x86)\NVIDIA Corporation\PhysX\Common;C:\Program Files\Git\cmd;C:\Program Files\Zero Install;C:\Program Files\PuTTY\;C:\Program Files\dotnet\;C:\Program Files\DisplayMagician\;C:\Program Files\ExifTool;C:\Users\flavi\AppData\Local\Microsoft\WindowsApps;C:\Users\flavi\AppData\Local\PowerToys\DSCModules\;C:\Users\flavi\AppData\Roaming\npm;C:\Program Files\Microsoft VS Code\bin;C:/Program/2025.2/Vivado\tps\mingw\6.2.0\win64.o\nt\bin;C:/Program/2025.2/Vivado\tps\mingw\6.2.0\win64.o\nt\libexec\gcc\x86_64-w64-mingw32\6.2.0
USERNAME=flavi
OS=Windows_NT
PROCESSOR_IDENTIFIER=AMD64 Family 23 Model 113 Stepping 0, AuthenticAMD
TMP=C:\Users\flavi\AppData\Local\Temp
TEMP=C:\Users\flavi\AppData\Local\Temp




Periodic native trim disabled

---------------  S Y S T E M  ---------------

OS:
 Windows 11 , 64 bit Build 26100 (10.0.26100.7623)
OS uptime: 0 days 6:40 hours
Hyper-V role detected

CPU: total 12 (initial active 12) (12 cores per cpu, 2 threads per core) family 23 model 113 stepping 0 microcode 0x8701021, cx8, cmov, fxsr, ht, mmx, 3dnowpref, sse, sse2, sse3, ssse3, sse4a, sse4.1, sse4.2, popcnt, lzcnt, tsc, tscinvbit, avx, avx2, aes, clmul, bmi1, bmi2, adx, sha, fma, vzeroupper, clflush, clflushopt, hv, rdtscp, rdpid, f16c
Processor Information for all 12 processors :
  Max Mhz: 3801, Current Mhz: 3801, Mhz Limit: 3801

Memory: 4k page, system-wide physical 32693M (19903M free)
TotalPageFile size 34741M (AvailPageFile size 16375M)
current process WorkingSet (physical memory assigned to process): 1338M, peak: 1418M
current process commit charge ("private bytes"): 1872M, peak: 2051M

vm_info: OpenJDK 64-Bit Server VM (21.0.5+11-LTS) for windows-amd64 JRE (21.0.5+11-LTS), built on 2024-10-15T00:00:00Z by "admin" with MS VC++ 17.7 (VS2022)

END.
