#-----------------------------------------------------------
# Vivado v2025.2 (64-bit)
# SW Build 6299465 on Fri Nov 14 19:35:11 GMT 2025
# IP Build 6300035 on Fri Nov 14 10:48:45 MST 2025
# SharedData Build 6298862 on Thu Nov 13 04:50:51 MST 2025
# Start of session at: Thu Jan 29 15:43:08 2026
# Process ID         : 18524
# Current directory  : C:/Users/flavi/Desktop/Perceptron_network/MLP
# Command line       : vivado.exe -gui_launcher_event rodinguilauncherevent2316 C:\Users\flavi\Desktop\Perceptron_network\MLP\MLP.xpr
# Log file           : C:/Users/flavi/Desktop/Perceptron_network/MLP/vivado.log
# Journal file       : C:/Users/flavi/Desktop/Perceptron_network/MLP\vivado.jou
# Running On         : fixe_flavien
# Platform           : Windows Server 2016 or Windows 10
# Operating System   : 26200
# Processor Detail   : AMD Ryzen 5 3600X 6-Core Processor             
# CPU Frequency      : 3800 MHz
# CPU Physical cores : 6
# CPU Logical cores  : 12
# Host memory        : 34281 MB
# Swap memory        : 2147 MB
# Total Virtual      : 36429 MB
# Available Virtual  : 19107 MB
#-----------------------------------------------------------
start_gui
open_project C:/Users/flavi/Desktop/Perceptron_network/MLP/MLP.xpr
WARNING: [Board 49-26] cannot add Board Part digilentinc.com:arty-s7-25:part0:1.1 available at C:/Program/2025.2/data/boards/board_files\arty-s7-25\E.0\board.xml as part xc7s25csga324-1 specified in board_part file is either invalid or not available
WARNING: [Board 49-26] cannot add Board Part digilentinc.com:arty-s7-50:part0:1.1 available at C:/Program/2025.2/data/boards/board_files\arty-s7-50\B.0\board.xml as part xc7s50csga324-1 specified in board_part file is either invalid or not available
WARNING: [Board 49-26] cannot add Board Part digilentinc.com:arty-z7-10:part0:1.1 available at C:/Program/2025.2/data/boards/board_files\arty-z7-10\A.0\board.xml as part xc7z010clg400-1 specified in board_part file is either invalid or not available
WARNING: [Board 49-26] cannot add Board Part digilentinc.com:arty-z7-20:part0:1.1 available at C:/Program/2025.2/data/boards/board_files\arty-z7-20\A.0\board.xml as part xc7z020clg400-1 specified in board_part file is either invalid or not available
WARNING: [Board 49-26] cannot add Board Part digilentinc.com:cmod-s7-25:part0:1.0 available at C:/Program/2025.2/data/boards/board_files\cmod-s7-25\B.0\board.xml as part xc7s25csga225-1 specified in board_part file is either invalid or not available
WARNING: [Board 49-26] cannot add Board Part digilentinc.com:cora-z7-07s:part0:1.1 available at C:/Program/2025.2/data/boards/board_files\cora-z7-07s\B.0\board.xml as part xc7z007sclg400-1 specified in board_part file is either invalid or not available
WARNING: [Board 49-26] cannot add Board Part digilentinc.com:cora-z7-10:part0:1.1 available at C:/Program/2025.2/data/boards/board_files\cora-z7-10\B.0\board.xml as part xc7z010clg400-1 specified in board_part file is either invalid or not available
WARNING: [Board 49-26] cannot add Board Part digilentinc.com:eclypse-z7:part0:1.0 available at C:/Program/2025.2/data/boards/board_files\eclypse-z7\A.0\board.xml as part xc7z020clg484-1 specified in board_part file is either invalid or not available
WARNING: [Board 49-26] cannot add Board Part digilentinc.com:eclypse-z7:part0:1.1 available at C:/Program/2025.2/data/boards/board_files\eclypse-z7\B.0\board.xml as part xc7z020clg484-1 specified in board_part file is either invalid or not available
WARNING: [Board 49-26] cannot add Board Part digilentinc.com:genesys2:part0:1.1 available at C:/Program/2025.2/data/boards/board_files\genesys2\H\board.xml as part xc7k325tffg900-2 specified in board_part file is either invalid or not available
WARNING: [Board 49-26] cannot add Board Part digilentinc.com:gzu_3eg:part0:1.0 available at C:/Program/2025.2/data/boards/board_files\genesys-zu-3eg\B.0\board.xml as part xczu3eg-sfvc784-1-e specified in board_part file is either invalid or not available
WARNING: [Board 49-26] cannot add Board Part digilentinc.com:gzu_3eg:part0:1.1 available at C:/Program/2025.2/data/boards/board_files\genesys-zu-3eg\D.0\board.xml as part xczu3eg-sfvc784-1-e specified in board_part file is either invalid or not available
WARNING: [Board 49-26] cannot add Board Part digilentinc.com:gzu_5ev:part0:1.1 available at C:/Program/2025.2/data/boards/board_files\genesys-zu-5ev\C.0\board.xml as part xczu5ev-sfvc784-1-e specified in board_part file is either invalid or not available
WARNING: [Board 49-26] cannot add Board Part digilentinc.com:sword:part0:1.0 available at C:/Program/2025.2/data/boards/board_files\sword\C.0\board.xml as part xc7k325tffg900-2 specified in board_part file is either invalid or not available
WARNING: [Board 49-26] cannot add Board Part digilentinc.com:zedboard:part0:1.1 available at C:/Program/2025.2/data/boards/board_files\zedboard\1.3\board.xml as part xc7z020clg484-1 specified in board_part file is either invalid or not available
WARNING: [Board 49-26] cannot add Board Part digilentinc.com:zybo-z7-10:part0:1.2 available at C:/Program/2025.2/data/boards/board_files\zybo-z7-10\A.0\board.xml as part xc7z010clg400-1 specified in board_part file is either invalid or not available
WARNING: [Board 49-26] cannot add Board Part digilentinc.com:zybo-z7-20:part0:1.2 available at C:/Program/2025.2/data/boards/board_files\zybo-z7-20\A.0\board.xml as part xc7z020clg400-1 specified in board_part file is either invalid or not available
WARNING: [Board 49-26] cannot add Board Part digilentinc.com:zybo:part0:1.0 available at C:/Program/2025.2/data/boards/board_files\zybo\B.3\board.xml as part xc7z010clg400-1 specified in board_part file is either invalid or not available
WARNING: [Board 49-26] cannot add Board Part digilentinc.com:zybo:part0:2.0 available at C:/Program/2025.2/data/boards/board_files\zybo\B.4\board.xml as part xc7z010clg400-1 specified in board_part file is either invalid or not available
WARNING: [Board 49-26] cannot add Board Part xilinx.com:emb-plus-vpr-4616:part0:1.0 available at C:/Program/2025.2/data/xhub/boards\XilinxBoardStore\boards\Xilinx\emb-plus-vpr-4616\1.0\board.xml as part xcve2302-sfva784-2mp-e-s specified in board_part file is either invalid or not available
WARNING: [Board 49-26] cannot add Board Part xilinx.com:emb-plus-vpr-4616:part0:1.1 available at C:/Program/2025.2/data/xhub/boards\XilinxBoardStore\boards\Xilinx\emb-plus-vpr-4616\1.1\board.xml as part xcve2302-sfva784-2mp-e-s specified in board_part file is either invalid or not available
WARNING: [Board 49-26] cannot add Board Part xilinx.com:k24c:part0:1.0 available at C:/Program/2025.2/data/xhub/boards\XilinxBoardStore\boards\Xilinx\k24c\1.0\board.xml as part xck24-ubva530-2lv-c specified in board_part file is either invalid or not available
WARNING: [Board 49-26] cannot add Board Part xilinx.com:k24c:part0:1.1 available at C:/Program/2025.2/data/xhub/boards\XilinxBoardStore\boards\Xilinx\k24c\1.1\board.xml as part xck24-ubva530-2lv-c specified in board_part file is either invalid or not available
WARNING: [Board 49-26] cannot add Board Part xilinx.com:k24i:part0:1.0 available at C:/Program/2025.2/data/xhub/boards\XilinxBoardStore\boards\Xilinx\k24i\1.0\board.xml as part xck24-ubva530-2lvi-i specified in board_part file is either invalid or not available
WARNING: [Board 49-26] cannot add Board Part xilinx.com:k26c:part0:1.2 available at C:/Program/2025.2/data/xhub/boards\XilinxBoardStore\boards\Xilinx\k26c\1.2\board.xml as part xck26-sfvc784-2lv-c specified in board_part file is either invalid or not available
WARNING: [Board 49-26] cannot add Board Part xilinx.com:k26c:part0:1.3 available at C:/Program/2025.2/data/xhub/boards\XilinxBoardStore\boards\Xilinx\k26c\1.3\board.xml as part xck26-sfvc784-2lv-c specified in board_part file is either invalid or not available
WARNING: [Board 49-26] cannot add Board Part xilinx.com:k26c:part0:1.4 available at C:/Program/2025.2/data/xhub/boards\XilinxBoardStore\boards\Xilinx\k26c\1.4\board.xml as part xck26-sfvc784-2lv-c specified in board_part file is either invalid or not available
WARNING: [Board 49-26] cannot add Board Part xilinx.com:k26i:part0:1.2 available at C:/Program/2025.2/data/xhub/boards\XilinxBoardStore\boards\Xilinx\k26i\1.2\board.xml as part xck26-sfvc784-2lvi-i specified in board_part file is either invalid or not available
WARNING: [Board 49-26] cannot add Board Part xilinx.com:k26i:part0:1.3 available at C:/Program/2025.2/data/xhub/boards\XilinxBoardStore\boards\Xilinx\k26i\1.3\board.xml as part xck26-sfvc784-2lvi-i specified in board_part file is either invalid or not available
WARNING: [Board 49-26] cannot add Board Part xilinx.com:k26i:part0:1.4 available at C:/Program/2025.2/data/xhub/boards\XilinxBoardStore\boards\Xilinx\k26i\1.4\board.xml as part xck26-sfvc784-2lvi-i specified in board_part file is either invalid or not available
WARNING: [Board 49-26] cannot add Board Part xilinx.com:kc705:part0:1.6 available at C:/Program/2025.2/data/xhub/boards\XilinxBoardStore\boards\Xilinx\kc705\1.6\board.xml as part xc7k325tffg900-2 specified in board_part file is either invalid or not available
WARNING: [Board 49-26] cannot add Board Part xilinx.com:kc705:part0:1.7 available at C:/Program/2025.2/data/xhub/boards\XilinxBoardStore\boards\Xilinx\kc705\1.7\board.xml as part xc7k325tffg900-2 specified in board_part file is either invalid or not available
WARNING: [Board 49-26] cannot add Board Part xilinx.com:kcu105:part0:1.6 available at C:/Program/2025.2/data/xhub/boards\XilinxBoardStore\boards\Xilinx\kcu105\1.6\board.xml as part xcku040-ffva1156-2-e specified in board_part file is either invalid or not available
WARNING: [Board 49-26] cannot add Board Part xilinx.com:kcu105:part0:1.7 available at C:/Program/2025.2/data/xhub/boards\XilinxBoardStore\boards\Xilinx\kcu105\1.7\board.xml as part xcku040-ffva1156-2-e specified in board_part file is either invalid or not available
WARNING: [Board 49-26] cannot add Board Part xilinx.com:kcu116:part0:1.4 available at C:/Program/2025.2/data/xhub/boards\XilinxBoardStore\boards\Xilinx\kcu116\1.4\board.xml as part xcku5p-ffvb676-2-e specified in board_part file is either invalid or not available
WARNING: [Board 49-26] cannot add Board Part xilinx.com:kcu116:part0:1.5 available at C:/Program/2025.2/data/xhub/boards\XilinxBoardStore\boards\Xilinx\kcu116\1.5\board.xml as part xcku5p-ffvb676-2-e specified in board_part file is either invalid or not available
WARNING: [Board 49-26] cannot add Board Part xilinx.com:kcu1500:part0:1.2 available at C:/Program/2025.2/data/xhub/boards\XilinxBoardStore\boards\Xilinx\kcu1500\1.2\board.xml as part xcku115-flvb2104-2-e specified in board_part file is either invalid or not available
WARNING: [Board 49-26] cannot add Board Part xilinx.com:kd240_som:part0:1.0 available at C:/Program/2025.2/data/xhub/boards\XilinxBoardStore\boards\Xilinx\kd240_som\1.0\board.xml as part xck24-ubva530-2lv-c specified in board_part file is either invalid or not available
WARNING: [Board 49-26] cannot add Board Part xilinx.com:kd240_som:part0:1.1 available at C:/Program/2025.2/data/xhub/boards\XilinxBoardStore\boards\Xilinx\kd240_som\1.1\board.xml as part xck24-ubva530-2lv-c specified in board_part file is either invalid or not available
WARNING: [Board 49-26] cannot add Board Part xilinx.com:kr260_som:part0:1.0 available at C:/Program/2025.2/data/xhub/boards\XilinxBoardStore\boards\Xilinx\kr260_som\1.0\board.xml as part xck26-sfvc784-2lv-c specified in board_part file is either invalid or not available
WARNING: [Board 49-26] cannot add Board Part xilinx.com:kr260_som:part0:1.1 available at C:/Program/2025.2/data/xhub/boards\XilinxBoardStore\boards\Xilinx\kr260_som\1.1\board.xml as part xck26-sfvc784-2lv-c specified in board_part file is either invalid or not available
WARNING: [Board 49-26] cannot add Board Part xilinx.com:kv260_som:part0:1.2 available at C:/Program/2025.2/data/xhub/boards\XilinxBoardStore\boards\Xilinx\kv260_som\1.2\board.xml as part xck26-sfvc784-2lv-c specified in board_part file is either invalid or not available
WARNING: [Board 49-26] cannot add Board Part xilinx.com:kv260_som:part0:1.3 available at C:/Program/2025.2/data/xhub/boards\XilinxBoardStore\boards\Xilinx\kv260_som\1.3\board.xml as part xck26-sfvc784-2lv-c specified in board_part file is either invalid or not available
WARNING: [Board 49-26] cannot add Board Part xilinx.com:kv260_som:part0:1.4 available at C:/Program/2025.2/data/xhub/boards\XilinxBoardStore\boards\Xilinx\kv260_som\1.4\board.xml as part xck26-sfvc784-2lv-c specified in board_part file is either invalid or not available
WARNING: [Board 49-26] cannot add Board Part xilinx.com:scu35:part0:1.0 available at C:/Program/2025.2/data/xhub/boards\XilinxBoardStore\boards\Xilinx\scu35\1.0\board.xml as part xcsu35p-sbvb625-2-e specified in board_part file is either invalid or not available
WARNING: [Board 49-26] cannot add Board Part xilinx.com:sp701:part0:1.0 available at C:/Program/2025.2/data/xhub/boards\XilinxBoardStore\boards\Xilinx\sp701\1.0\board.xml as part xc7s100fgga676-2 specified in board_part file is either invalid or not available
WARNING: [Board 49-26] cannot add Board Part xilinx.com:sp701:part0:1.1 available at C:/Program/2025.2/data/xhub/boards\XilinxBoardStore\boards\Xilinx\sp701\1.1\board.xml as part xc7s100fgga676-2 specified in board_part file is either invalid or not available
WARNING: [Board 49-26] cannot add Board Part xilinx.com:v80:part0:1.0 available at C:/Program/2025.2/data/xhub/boards\XilinxBoardStore\boards\Xilinx\v80\1.0\board.xml as part xcv80-lsva4737-2mhp-e-s specified in board_part file is either invalid or not available
WARNING: [Board 49-26] cannot add Board Part xilinx.com:vc707:part0:1.4 available at C:/Program/2025.2/data/xhub/boards\XilinxBoardStore\boards\Xilinx\vc707\1.4\board.xml as part xc7vx485tffg1761-2 specified in board_part file is either invalid or not available
WARNING: [Board 49-26] cannot add Board Part xilinx.com:vc707:part0:1.5 available at C:/Program/2025.2/data/xhub/boards\XilinxBoardStore\boards\Xilinx\vc707\1.5\board.xml as part xc7vx485tffg1761-2 specified in board_part file is either invalid or not available
WARNING: [Board 49-26] cannot add Board Part xilinx.com:vc709:part0:1.8 available at C:/Program/2025.2/data/xhub/boards\XilinxBoardStore\boards\Xilinx\vc709\1.8\board.xml as part xc7vx690tffg1761-2 specified in board_part file is either invalid or not available
WARNING: [Board 49-26] cannot add Board Part xilinx.com:vck190:part0:2.2 available at C:/Program/2025.2/data/xhub/boards\XilinxBoardStore\boards\Xilinx\vck190\production\2.2\board.xml as part xcvc1902-vsva2197-2mp-e-s specified in board_part file is either invalid or not available
WARNING: [Board 49-26] cannot add Board Part xilinx.com:vck190:part0:3.0 available at C:/Program/2025.2/data/xhub/boards\XilinxBoardStore\boards\Xilinx\vck190\production\3.0\board.xml as part xcvc1902-vsva2197-2mp-e-s specified in board_part file is either invalid or not available
WARNING: [Board 49-26] cannot add Board Part xilinx.com:vck190:part0:3.1 available at C:/Program/2025.2/data/xhub/boards\XilinxBoardStore\boards\Xilinx\vck190\production\3.1\board.xml as part xcvc1902-vsva2197-2mp-e-s specified in board_part file is either invalid or not available
WARNING: [Board 49-26] cannot add Board Part xilinx.com:vck190:part0:3.2 available at C:/Program/2025.2/data/xhub/boards\XilinxBoardStore\boards\Xilinx\vck190\production\3.2\board.xml as part xcvc1902-vsva2197-2mp-e-s specified in board_part file is either invalid or not available
WARNING: [Board 49-26] cannot add Board Part xilinx.com:vck190:part0:3.3 available at C:/Program/2025.2/data/xhub/boards\XilinxBoardStore\boards\Xilinx\vck190\production\3.3\board.xml as part xcvc1902-vsva2197-2mp-e-s specified in board_part file is either invalid or not available
WARNING: [Board 49-26] cannot add Board Part xilinx.com:vck190:part0:3.4 available at C:/Program/2025.2/data/xhub/boards\XilinxBoardStore\boards\Xilinx\vck190\production\3.4\board.xml as part xcvc1902-vsva2197-2mp-e-s specified in board_part file is either invalid or not available
WARNING: [Board 49-26] cannot add Board Part xilinx.com:vck190_newl:part0:1.0 available at C:/Program/2025.2/data/xhub/boards\XilinxBoardStore\boards\Xilinx\vck190_newl\production\1.0\board.xml as part xcvc1902-vsva2197-2mp-e-s specified in board_part file is either invalid or not available
WARNING: [Board 49-26] cannot add Board Part xilinx.com:vck190_newl:part0:1.1 available at C:/Program/2025.2/data/xhub/boards\XilinxBoardStore\boards\Xilinx\vck190_newl\production\1.1\board.xml as part xcvc1902-vsva2197-2mp-e-s specified in board_part file is either invalid or not available
WARNING: [Board 49-26] cannot add Board Part xilinx.com:vck190_newl:part0:1.2 available at C:/Program/2025.2/data/xhub/boards\XilinxBoardStore\boards\Xilinx\vck190_newl\production\1.2\board.xml as part xcvc1902-vsva2197-2mp-e-s specified in board_part file is either invalid or not available
WARNING: [Board 49-26] cannot add Board Part xilinx.com:vck190_newl:part0:1.3 available at C:/Program/2025.2/data/xhub/boards\XilinxBoardStore\boards\Xilinx\vck190_newl\production\1.3\board.xml as part xcvc1902-vsva2197-2mp-e-s specified in board_part file is either invalid or not available
WARNING: [Board 49-26] cannot add Board Part xilinx.com:vcu108:part0:1.6 available at C:/Program/2025.2/data/xhub/boards\XilinxBoardStore\boards\Xilinx\vcu108\1.6\board.xml as part xcvu095-ffva2104-2-e specified in board_part file is either invalid or not available
WARNING: [Board 49-26] cannot add Board Part xilinx.com:vcu108:part0:1.7 available at C:/Program/2025.2/data/xhub/boards\XilinxBoardStore\boards\Xilinx\vcu108\1.7\board.xml as part xcvu095-ffva2104-2-e specified in board_part file is either invalid or not available
WARNING: [Board 49-26] cannot add Board Part xilinx.com:vcu110:part0:1.4 available at C:/Program/2025.2/data/xhub/boards\XilinxBoardStore\boards\Xilinx\vcu110\1.4\board.xml as part xcvu190-flgc2104-2-e specified in board_part file is either invalid or not available
WARNING: [Board 49-26] cannot add Board Part xilinx.com:vcu118:part0:2.0 available at C:/Program/2025.2/data/xhub/boards\XilinxBoardStore\boards\Xilinx\vcu118\2.0\board.xml as part xcvu9p-flga2104-2l-e specified in board_part file is either invalid or not available
WARNING: [Board 49-26] cannot add Board Part xilinx.com:vcu118:part0:2.3 available at C:/Program/2025.2/data/xhub/boards\XilinxBoardStore\boards\Xilinx\vcu118\2.3\board.xml as part xcvu9p-flga2104-2l-e specified in board_part file is either invalid or not available
WARNING: [Board 49-26] cannot add Board Part xilinx.com:vcu118:part0:2.4 available at C:/Program/2025.2/data/xhub/boards\XilinxBoardStore\boards\Xilinx\vcu118\2.4\board.xml as part xcvu9p-flga2104-2l-e specified in board_part file is either invalid or not available
WARNING: [Board 49-26] cannot add Board Part xilinx.com:vcu128:part0:1.0 available at C:/Program/2025.2/data/xhub/boards\XilinxBoardStore\boards\Xilinx\vcu128\production\1.0\board.xml as part xcvu37p-fsvh2892-2l-e specified in board_part file is either invalid or not available
WARNING: [Board 49-26] cannot add Board Part xilinx.com:vcu129:part0:1.0 available at C:/Program/2025.2/data/xhub/boards\XilinxBoardStore\boards\Xilinx\vcu129\production\1.0\board.xml as part xcvu29p-fsga2577-2l-e specified in board_part file is either invalid or not available
WARNING: [Board 49-26] cannot add Board Part xilinx.com:vcu1525:part0:1.3 available at C:/Program/2025.2/data/xhub/boards\XilinxBoardStore\boards\Xilinx\vcu1525\1.3\board.xml as part xcvu9p-fsgd2104-2l-e specified in board_part file is either invalid or not available
WARNING: [Board 49-26] cannot add Board Part xilinx.com:vek280:part0:1.0 available at C:/Program/2025.2/data/xhub/boards\XilinxBoardStore\boards\Xilinx\vek280\production\1.0\board.xml as part xcve2802-vsvh1760-2mp-e-s specified in board_part file is either invalid or not available
WARNING: [Board 49-26] cannot add Board Part xilinx.com:vek280:part0:1.1 available at C:/Program/2025.2/data/xhub/boards\XilinxBoardStore\boards\Xilinx\vek280\production\1.1\board.xml as part xcve2802-vsvh1760-2mp-e-s specified in board_part file is either invalid or not available
WARNING: [Board 49-26] cannot add Board Part xilinx.com:vek280:part0:1.2 available at C:/Program/2025.2/data/xhub/boards\XilinxBoardStore\boards\Xilinx\vek280\production\1.2\board.xml as part xcve2802-vsvh1760-2mp-e-s specified in board_part file is either invalid or not available
WARNING: [Board 49-26] cannot add Board Part xilinx.com:vek385:part0:1.0 available at C:/Program/2025.2/data/xhub/boards\XilinxBoardStore\boards\Xilinx\vek385\1.0\board.xml as part xc2ve3858-ssva2112-2mp-e-s specified in board_part file is either invalid or not available
WARNING: [Board 49-26] cannot add Board Part xilinx.com:vek385:part0:1.1 available at C:/Program/2025.2/data/xhub/boards\XilinxBoardStore\boards\Xilinx\vek385\1.1\board.xml as part xc2ve3858-ssva2112-2mp-e-s specified in board_part file is either invalid or not available
WARNING: [Board 49-26] cannot add Board Part xilinx.com:vek385_1:part0:1.0 available at C:/Program/2025.2/data/xhub/boards\XilinxBoardStore\boards\Xilinx\vek385_2\1.0\board.xml as part xc2ve3858-ssva2112-2mp-e-s specified in board_part file is either invalid or not available
WARNING: [Board 49-26] cannot add Board Part xilinx.com:vermeo_t1_mpsoc:part0:1.0 available at C:/Program/2025.2/data/xhub/boards\XilinxBoardStore\boards\Xilinx\vermeo_t1_mpsoc\1.0\board.xml as part xczu19eg-ffvd1760-2l-e specified in board_part file is either invalid or not available
WARNING: [Board 49-26] cannot add Board Part xilinx.com:vermeo_t1_rfsoc:part0:1.0 available at C:/Program/2025.2/data/xhub/boards\XilinxBoardStore\boards\Xilinx\vermeo_t1_rfsoc\1.0\board.xml as part xczu21dr-ffvd1156-2l-e specified in board_part file is either invalid or not available
WARNING: [Board 49-26] cannot add Board Part xilinx.com:vhk158:part0:1.0 available at C:/Program/2025.2/data/xhub/boards\XilinxBoardStore\boards\Xilinx\vhk158\production\1.0\board.xml as part xcvh1582-vsva3697-2mp-e-s specified in board_part file is either invalid or not available
WARNING: [Board 49-26] cannot add Board Part xilinx.com:vhk158:part0:1.1 available at C:/Program/2025.2/data/xhub/boards\XilinxBoardStore\boards\Xilinx\vhk158\production\1.1\board.xml as part xcvh1582-vsva3697-2mp-e-s specified in board_part file is either invalid or not available
WARNING: [Board 49-26] cannot add Board Part xilinx.com:vhk158:part0:1.2 available at C:/Program/2025.2/data/xhub/boards\XilinxBoardStore\boards\Xilinx\vhk158\production\1.2\board.xml as part xcvh1582-vsva3697-2mp-e-s specified in board_part file is either invalid or not available
WARNING: [Board 49-26] cannot add Board Part xilinx.com:vmk180:part0:2.2 available at C:/Program/2025.2/data/xhub/boards\XilinxBoardStore\boards\Xilinx\vmk180\production\2.2\board.xml as part xcvm1802-vsva2197-2mp-e-s specified in board_part file is either invalid or not available
WARNING: [Board 49-26] cannot add Board Part xilinx.com:vmk180:part0:3.0 available at C:/Program/2025.2/data/xhub/boards\XilinxBoardStore\boards\Xilinx\vmk180\production\3.0\board.xml as part xcvm1802-vsva2197-2mp-e-s specified in board_part file is either invalid or not available
WARNING: [Board 49-26] cannot add Board Part xilinx.com:vmk180:part0:3.1 available at C:/Program/2025.2/data/xhub/boards\XilinxBoardStore\boards\Xilinx\vmk180\production\3.1\board.xml as part xcvm1802-vsva2197-2mp-e-s specified in board_part file is either invalid or not available
WARNING: [Board 49-26] cannot add Board Part xilinx.com:vmk180:part0:3.2 available at C:/Program/2025.2/data/xhub/boards\XilinxBoardStore\boards\Xilinx\vmk180\production\3.2\board.xml as part xcvm1802-vsva2197-2mp-e-s specified in board_part file is either invalid or not available
WARNING: [Board 49-26] cannot add Board Part xilinx.com:vmk180:part0:3.3 available at C:/Program/2025.2/data/xhub/boards\XilinxBoardStore\boards\Xilinx\vmk180\production\3.3\board.xml as part xcvm1802-vsva2197-2mp-e-s specified in board_part file is either invalid or not available
WARNING: [Board 49-26] cannot add Board Part xilinx.com:vmk180_newl:part0:1.0 available at C:/Program/2025.2/data/xhub/boards\XilinxBoardStore\boards\Xilinx\vmk180_newl\production\1.0\board.xml as part xcvm1802-vsva2197-2mp-e-s specified in board_part file is either invalid or not available
WARNING: [Board 49-26] cannot add Board Part xilinx.com:vmk180_newl:part0:1.1 available at C:/Program/2025.2/data/xhub/boards\XilinxBoardStore\boards\Xilinx\vmk180_newl\production\1.1\board.xml as part xcvm1802-vsva2197-2mp-e-s specified in board_part file is either invalid or not available
WARNING: [Board 49-26] cannot add Board Part xilinx.com:vpk120:part0:1.0 available at C:/Program/2025.2/data/xhub/boards\XilinxBoardStore\boards\Xilinx\vpk120\production\1.0\board.xml as part xcvp1202-vsva2785-2mp-e-s specified in board_part file is either invalid or not available
WARNING: [Board 49-26] cannot add Board Part xilinx.com:vpk120:part0:1.1 available at C:/Program/2025.2/data/xhub/boards\XilinxBoardStore\boards\Xilinx\vpk120\production\1.1\board.xml as part xcvp1202-vsva2785-2mp-e-s specified in board_part file is either invalid or not available
WARNING: [Board 49-26] cannot add Board Part xilinx.com:vpk120:part0:1.2 available at C:/Program/2025.2/data/xhub/boards\XilinxBoardStore\boards\Xilinx\vpk120\production\1.2\board.xml as part xcvp1202-vsva2785-2mp-e-s specified in board_part file is either invalid or not available
WARNING: [Board 49-26] cannot add Board Part xilinx.com:vpk180:part0:1.0 available at C:/Program/2025.2/data/xhub/boards\XilinxBoardStore\boards\Xilinx\vpk180\production\1.0\board.xml as part xcvp1802-lsvc4072-2mp-e-s specified in board_part file is either invalid or not available
WARNING: [Board 49-26] cannot add Board Part xilinx.com:vpk180:part0:1.1 available at C:/Program/2025.2/data/xhub/boards\XilinxBoardStore\boards\Xilinx\vpk180\production\1.1\board.xml as part xcvp1802-lsvc4072-2mp-e-s specified in board_part file is either invalid or not available
WARNING: [Board 49-26] cannot add Board Part xilinx.com:vpk180:part0:1.2 available at C:/Program/2025.2/data/xhub/boards\XilinxBoardStore\boards\Xilinx\vpk180\production\1.2\board.xml as part xcvp1802-lsvc4072-2mp-e-s specified in board_part file is either invalid or not available
WARNING: [Board 49-26] cannot add Board Part xilinx.com:vrk160:part0:1.0 available at C:/Program/2025.2/data/xhub/boards\XilinxBoardStore\boards\Xilinx\vrk160\1.0\board.xml as part xcvr1602-vsva2488-2mp-e-s-es1 specified in board_part file is either invalid or not available
WARNING: [Board 49-26] cannot add Board Part xilinx.com:vrk160:part0:1.1 available at C:/Program/2025.2/data/xhub/boards\XilinxBoardStore\boards\Xilinx\vrk160\1.1\board.xml as part xcvr1602-vsva2488-2mp-e-s-es1 specified in board_part file is either invalid or not available
WARNING: [Board 49-26] cannot add Board Part xilinx.com:zc702:part0:1.4 available at C:/Program/2025.2/data/xhub/boards\XilinxBoardStore\boards\Xilinx\zc702\1.4\board.xml as part xc7z020clg484-1 specified in board_part file is either invalid or not available
WARNING: [Board 49-26] cannot add Board Part xilinx.com:zc706:part0:1.4 available at C:/Program/2025.2/data/xhub/boards\XilinxBoardStore\boards\Xilinx\zc706\1.4\board.xml as part xc7z045ffg900-2 specified in board_part file is either invalid or not available
WARNING: [Board 49-26] cannot add Board Part xilinx.com:zc706:part0:1.5 available at C:/Program/2025.2/data/xhub/boards\XilinxBoardStore\boards\Xilinx\zc706\1.5\board.xml as part xc7z045ffg900-2 specified in board_part file is either invalid or not available
WARNING: [Board 49-26] cannot add Board Part xilinx.com:zcu102:part0:3.3 available at C:/Program/2025.2/data/xhub/boards\XilinxBoardStore\boards\Xilinx\zcu102\3.3\board.xml as part xczu9eg-ffvb1156-2-e specified in board_part file is either invalid or not available
INFO: [Common 17-14] Message 'Board 49-26' appears 100 times and further instances of the messages will be disabled. Use the Tcl command set_msg_config to change the current settings.
Scanning sources...
Finished scanning sources
INFO: [IP_Flow 19-234] Refreshing IP repositories
INFO: [IP_Flow 19-1704] No user IP repositories specified
INFO: [IP_Flow 19-2313] Loaded Vivado IP repository 'C:/Program/2025.2/Vivado/data/ip'.
open_project: Time (s): cpu = 00:00:21 ; elapsed = 00:00:10 . Memory (MB): peak = 1680.875 ; gain = 253.328
set_property source_mgmt_mode None [current_project]
CRITICAL WARNING: [filemgmt 56-176] Module references are not supported in manual compile order mode and will be ignored.
generate_target Simulation [get_files C:/Users/flavi/Desktop/Perceptron_network/MLP/MLP.srcs/sources_1/bd/design_1/design_1.bd]
CRITICAL WARNING: [filemgmt 56-176] Module references are not supported in manual compile order mode and will be ignored.
CRITICAL WARNING: [BD 41-1726] Unable to resolve module-source for block '/Perceptron_BRAM_0'.
Given inputs for module-source, Top-module name : Perceptron_BRAM, Module Type : RTL.
Please review and update or add design-sources to this project to resolve this module-reference.
ERROR: [BD 41-758] The following clock pins are not connected to a valid clock source: 
/Perceptron_BRAM_0/Clock

ERROR: [BD 41-1031] Hdl Generation failed for the IP Integrator design C:/Users/flavi/Desktop/Perceptron_network/MLP/MLP.srcs/sources_1/bd/design_1/design_1.bd 
ERROR: [Common 17-39] 'generate_target' failed due to earlier errors.
export_ip_user_files -of_objects  [get_files C:/Users/flavi/Desktop/Perceptron_network/MLP/MLP.srcs/sources_1/bd/design_1/design_1.bd] -no_script -reset -force -quiet
remove_files  C:/Users/flavi/Desktop/Perceptron_network/MLP/MLP.srcs/sources_1/bd/design_1/design_1.bd
CRITICAL WARNING: [filemgmt 56-176] Module references are not supported in manual compile order mode and will be ignored.
launch_simulation
Command: launch_simulation 
INFO: [Vivado 12-25911] Executing simulation for 'XSim' simulator
INFO: [Vivado 12-28535] Process started - Thu Jan 29 15:45:18 2026

INFO: [Vivado 12-12493] Simulation top is 'simulation_Layer'
INFO: [Vivado 12-5682] Launching behavioral simulation in 'C:/Users/flavi/Desktop/Perceptron_network/MLP/MLP.sim/sim_1/behav/xsim'
INFO: [SIM-utils-51] Simulation object is 'sim_1'
INFO: [SIM-utils-72] Using boost library from 'C:/Program/2025.2/Vivado/tps/boost_1_72_0'
INFO: [SIM-utils-54] Inspecting design source files for 'simulation_Layer' in fileset 'sim_1'...
INFO: [USF-XSim-97] Finding global include files...
INFO: [USF-XSim-100] Fetching design files from 'sources_1'...(this may take a while)...
INFO: [USF-XSim-101] Fetching design files from 'sim_1'...
INFO: [USF-XSim-2] XSim::Compile design
INFO: [USF-XSim-61] Executing 'COMPILE and ANALYZE' step in 'C:/Users/flavi/Desktop/Perceptron_network/MLP/MLP.sim/sim_1/behav/xsim'
"xvhdl --incr --relax -prj simulation_Layer_vhdl.prj"
INFO: [VRFC 10-163] Analyzing VHDL file "C:/Users/flavi/Desktop/Perceptron_network/MLP/MLP.srcs/sources_1/new/BRAM_user.vhd" into library xil_defaultlib
INFO: [VRFC 10-3107] analyzing entity 'BRAM_user'
INFO: [VRFC 10-163] Analyzing VHDL file "C:/Users/flavi/Desktop/Perceptron_network/MLP/MLP.srcs/sources_1/new/MLP.vhd" into library xil_defaultlib
INFO: [VRFC 10-3107] analyzing entity 'MLP'
INFO: [VRFC 10-163] Analyzing VHDL file "C:/Users/flavi/Desktop/Perceptron_network/MLP/MLP.srcs/sources_1/new/Perceptron.vhd" into library xil_defaultlib
INFO: [VRFC 10-3107] analyzing entity 'Perceptron'
INFO: [VRFC 10-163] Analyzing VHDL file "C:/Users/flavi/Desktop/Perceptron_network/MLP/MLP.srcs/sim_1/new/simulation_Perceptron.vhd" into library xil_defaultlib
INFO: [VRFC 10-3107] analyzing entity 'simulation_Perceptron'
INFO: [USF-XSim-69] 'compile' step finished in '1' seconds
INFO: [USF-XSim-3] XSim::Elaborate design
INFO: [USF-XSim-61] Executing 'ELABORATE' step in 'C:/Users/flavi/Desktop/Perceptron_network/MLP/MLP.sim/sim_1/behav/xsim'
"xelab --incr --debug typical --relax --mt 2 -L xil_defaultlib -L secureip --snapshot simulation_Layer_behav xil_defaultlib.simulation_Layer -log elaborate.log"
Vivado Simulator v2025.2
Copyright 1986-2022 Xilinx, Inc. All Rights Reserved.
Copyright 2022-2025 Advanced Micro Devices, Inc. All Rights Reserved.
Running: C:/Program/2025.2/Vivado/bin/unwrapped/win64.o/xelab.exe --incr --debug typical --relax --mt 2 -L xil_defaultlib -L secureip --snapshot simulation_Layer_behav xil_defaultlib.simulation_Layer -log elaborate.log 
Using 2 slave threads.
Starting static elaboration
Completed static elaboration
Starting simulation data flow analysis
Completed simulation data flow analysis
Time Resolution for simulation is 1ps
Compiling package std.standard
Compiling package std.textio
Compiling package ieee.std_logic_1164
Compiling package ieee.std_logic_arith
Compiling package ieee.std_logic_unsigned
Compiling package ieee.numeric_std
Compiling architecture behavioral of entity xil_defaultlib.Perceptron_BRAM [perceptron_bram_default]
Compiling architecture rtl of entity xil_defaultlib.WEIGHTS [weights_default]
Compiling architecture behavioral of entity xil_defaultlib.Layer [layer_default]
Compiling architecture bench of entity xil_defaultlib.simulation_layer
Built simulation snapshot simulation_Layer_behav
INFO: [USF-XSim-69] 'elaborate' step finished in '2' seconds
INFO: [USF-XSim-4] XSim::Simulate design
INFO: [USF-XSim-61] Executing 'SIMULATE' step in 'C:/Users/flavi/Desktop/Perceptron_network/MLP/MLP.sim/sim_1/behav/xsim'
INFO: [USF-XSim-98] *** Running xsim
   with args "simulation_Layer_behav -key {Behavioral:sim_1:Functional:simulation_Layer} -tclbatch {simulation_Layer.tcl} -view {C:/Users/flavi/Desktop/Perceptron_network/MLP/simulation_Perceptron_CONFIG.wcfg} -log {simulate.log}"
INFO: [USF-XSim-8] Loading simulator feature
Time resolution is 1 ps
open_wave_config C:/Users/flavi/Desktop/Perceptron_network/MLP/simulation_Perceptron_CONFIG.wcfg
source simulation_Layer.tcl
# set curr_wave [current_wave_config]
# if { [string length $curr_wave] == 0 } {
#   if { [llength [get_objects]] > 0} {
#     add_wave /
#     set_property needs_save false [current_wave_config]
#   } else {
#      send_msg_id Add_Wave-1 WARNING "No top level signals found. Simulator will start without a wave window. If you want to open a wave window go to 'File->New Waveform Configuration' or type 'create_wave_config' in the TCL console."
#   }
# }
# run 1000ns
INFO: [USF-XSim-96] XSim completed. Design snapshot 'simulation_Layer_behav' loaded.
INFO: [USF-XSim-97] XSim simulation ran for 1000ns
launch_simulation: Time (s): cpu = 00:00:05 ; elapsed = 00:00:07 . Memory (MB): peak = 1746.574 ; gain = 20.867
relaunch_sim
Command: launch_simulation -step compile -simset sim_1 -mode behavioral
INFO: [Vivado 12-25911] Executing simulation for 'XSim' simulator
INFO: [Vivado 12-28535] Process started - Thu Jan 29 15:55:39 2026

INFO: [Vivado 12-12493] Simulation top is 'simulation_Layer'
INFO: [Vivado 12-5682] Launching behavioral simulation in 'C:/Users/flavi/Desktop/Perceptron_network/MLP/MLP.sim/sim_1/behav/xsim'
INFO: [SIM-utils-51] Simulation object is 'sim_1'
INFO: [SIM-utils-72] Using boost library from 'C:/Program/2025.2/Vivado/tps/boost_1_72_0'
INFO: [SIM-utils-54] Inspecting design source files for 'simulation_Layer' in fileset 'sim_1'...
INFO: [USF-XSim-97] Finding global include files...
INFO: [USF-XSim-100] Fetching design files from 'sources_1'...(this may take a while)...
INFO: [USF-XSim-101] Fetching design files from 'sim_1'...
INFO: [USF-XSim-2] XSim::Compile design
INFO: [USF-XSim-61] Executing 'COMPILE and ANALYZE' step in 'C:/Users/flavi/Desktop/Perceptron_network/MLP/MLP.sim/sim_1/behav/xsim'
"xvhdl --incr --relax -prj simulation_Layer_vhdl.prj"
INFO: [USF-XSim-69] 'compile' step finished in '1' seconds
Command: launch_simulation -step elaborate -simset sim_1 -mode behavioral
INFO: [Vivado 12-25911] Executing simulation for 'XSim' simulator
INFO: [Vivado 12-28535] Process started - Thu Jan 29 15:55:40 2026

INFO: [Vivado 12-12493] Simulation top is 'simulation_Layer'
INFO: [Vivado 12-5682] Launching behavioral simulation in 'C:/Users/flavi/Desktop/Perceptron_network/MLP/MLP.sim/sim_1/behav/xsim'
INFO: [SIM-utils-51] Simulation object is 'sim_1'
INFO: [USF-XSim-3] XSim::Elaborate design
INFO: [USF-XSim-61] Executing 'ELABORATE' step in 'C:/Users/flavi/Desktop/Perceptron_network/MLP/MLP.sim/sim_1/behav/xsim'
"xelab --incr --debug typical --relax --mt 2 -L xil_defaultlib -L secureip --snapshot simulation_Layer_behav xil_defaultlib.simulation_Layer -log elaborate.log"
Vivado Simulator v2025.2
Copyright 1986-2022 Xilinx, Inc. All Rights Reserved.
Copyright 2022-2025 Advanced Micro Devices, Inc. All Rights Reserved.
Running: C:/Program/2025.2/Vivado/bin/unwrapped/win64.o/xelab.exe --incr --debug typical --relax --mt 2 -L xil_defaultlib -L secureip --snapshot simulation_Layer_behav xil_defaultlib.simulation_Layer -log elaborate.log 
Using 2 slave threads.
Starting static elaboration
Completed static elaboration
INFO: [XSIM 43-4323] No Change in HDL. Linking previously generated obj files to create kernel
INFO: [USF-XSim-69] 'elaborate' step finished in '1' seconds
Time resolution is 1 ps
save_wave_config {C:/Users/flavi/Desktop/Perceptron_network/MLP/simulation_Perceptron_CONFIG.wcfg}
close_sim
INFO: [Simtcl 6-16] Simulation closed
launch_simulation
Command: launch_simulation 
INFO: [Vivado 12-25911] Executing simulation for 'XSim' simulator
INFO: [Vivado 12-28535] Process started - Thu Jan 29 15:56:51 2026

INFO: [Vivado 12-12493] Simulation top is 'simulation_Layer'
INFO: [Vivado 12-5682] Launching behavioral simulation in 'C:/Users/flavi/Desktop/Perceptron_network/MLP/MLP.sim/sim_1/behav/xsim'
INFO: [SIM-utils-51] Simulation object is 'sim_1'
INFO: [SIM-utils-72] Using boost library from 'C:/Program/2025.2/Vivado/tps/boost_1_72_0'
INFO: [SIM-utils-54] Inspecting design source files for 'simulation_Layer' in fileset 'sim_1'...
INFO: [USF-XSim-97] Finding global include files...
INFO: [USF-XSim-100] Fetching design files from 'sources_1'...(this may take a while)...
INFO: [USF-XSim-101] Fetching design files from 'sim_1'...
INFO: [USF-XSim-2] XSim::Compile design
INFO: [USF-XSim-61] Executing 'COMPILE and ANALYZE' step in 'C:/Users/flavi/Desktop/Perceptron_network/MLP/MLP.sim/sim_1/behav/xsim'
"xvhdl --incr --relax -prj simulation_Layer_vhdl.prj"
INFO: [VRFC 10-163] Analyzing VHDL file "C:/Users/flavi/Desktop/Perceptron_network/MLP/MLP.srcs/sim_1/new/simulation_Layer.vhd" into library xil_defaultlib
INFO: [VRFC 10-3107] analyzing entity 'simulation_Layer'
INFO: [USF-XSim-69] 'compile' step finished in '1' seconds
INFO: [USF-XSim-3] XSim::Elaborate design
INFO: [USF-XSim-61] Executing 'ELABORATE' step in 'C:/Users/flavi/Desktop/Perceptron_network/MLP/MLP.sim/sim_1/behav/xsim'
"xelab --incr --debug typical --relax --mt 2 -L xil_defaultlib -L secureip --snapshot simulation_Layer_behav xil_defaultlib.simulation_Layer -log elaborate.log"
Vivado Simulator v2025.2
Copyright 1986-2022 Xilinx, Inc. All Rights Reserved.
Copyright 2022-2025 Advanced Micro Devices, Inc. All Rights Reserved.
Running: C:/Program/2025.2/Vivado/bin/unwrapped/win64.o/xelab.exe --incr --debug typical --relax --mt 2 -L xil_defaultlib -L secureip --snapshot simulation_Layer_behav xil_defaultlib.simulation_Layer -log elaborate.log 
Using 2 slave threads.
Starting static elaboration
Completed static elaboration
Starting simulation data flow analysis
Completed simulation data flow analysis
Time Resolution for simulation is 1ps
Compiling package std.standard
Compiling package std.textio
Compiling package ieee.std_logic_1164
Compiling package ieee.std_logic_arith
Compiling package ieee.std_logic_unsigned
Compiling package ieee.numeric_std
Compiling architecture behavioral of entity xil_defaultlib.Perceptron_BRAM [perceptron_bram_default]
Compiling architecture rtl of entity xil_defaultlib.WEIGHTS [weights_default]
Compiling architecture behavioral of entity xil_defaultlib.Layer [layer_default]
Compiling architecture bench of entity xil_defaultlib.simulation_layer
Built simulation snapshot simulation_Layer_behav
INFO: [USF-XSim-69] 'elaborate' step finished in '2' seconds
INFO: [USF-XSim-4] XSim::Simulate design
INFO: [USF-XSim-61] Executing 'SIMULATE' step in 'C:/Users/flavi/Desktop/Perceptron_network/MLP/MLP.sim/sim_1/behav/xsim'
INFO: [USF-XSim-98] *** Running xsim
   with args "simulation_Layer_behav -key {Behavioral:sim_1:Functional:simulation_Layer} -tclbatch {simulation_Layer.tcl} -view {C:/Users/flavi/Desktop/Perceptron_network/MLP/simulation_Perceptron_CONFIG.wcfg} -log {simulate.log}"
INFO: [USF-XSim-8] Loading simulator feature
Time resolution is 1 ps
open_wave_config C:/Users/flavi/Desktop/Perceptron_network/MLP/simulation_Perceptron_CONFIG.wcfg
source simulation_Layer.tcl
# set curr_wave [current_wave_config]
# if { [string length $curr_wave] == 0 } {
#   if { [llength [get_objects]] > 0} {
#     add_wave /
#     set_property needs_save false [current_wave_config]
#   } else {
#      send_msg_id Add_Wave-1 WARNING "No top level signals found. Simulator will start without a wave window. If you want to open a wave window go to 'File->New Waveform Configuration' or type 'create_wave_config' in the TCL console."
#   }
# }
# run 1000ns
INFO: [USF-XSim-96] XSim completed. Design snapshot 'simulation_Layer_behav' loaded.
INFO: [USF-XSim-97] XSim simulation ran for 1000ns
launch_simulation: Time (s): cpu = 00:00:03 ; elapsed = 00:00:06 . Memory (MB): peak = 1786.191 ; gain = 0.000
relaunch_sim
Command: launch_simulation -step compile -simset sim_1 -mode behavioral
INFO: [Vivado 12-25911] Executing simulation for 'XSim' simulator
INFO: [Vivado 12-28535] Process started - Thu Jan 29 16:02:45 2026

INFO: [Vivado 12-12493] Simulation top is 'simulation_Layer'
INFO: [Vivado 12-5682] Launching behavioral simulation in 'C:/Users/flavi/Desktop/Perceptron_network/MLP/MLP.sim/sim_1/behav/xsim'
INFO: [SIM-utils-51] Simulation object is 'sim_1'
INFO: [USF-XSim-2] XSim::Compile design
INFO: [USF-XSim-61] Executing 'COMPILE and ANALYZE' step in 'C:/Users/flavi/Desktop/Perceptron_network/MLP/MLP.sim/sim_1/behav/xsim'
"xvhdl --incr --relax -prj simulation_Layer_vhdl.prj"
INFO: [USF-XSim-69] 'compile' step finished in '1' seconds
Command: launch_simulation -step elaborate -simset sim_1 -mode behavioral
INFO: [Vivado 12-25911] Executing simulation for 'XSim' simulator
INFO: [Vivado 12-28535] Process started - Thu Jan 29 16:02:46 2026

INFO: [Vivado 12-12493] Simulation top is 'simulation_Layer'
INFO: [Vivado 12-5682] Launching behavioral simulation in 'C:/Users/flavi/Desktop/Perceptron_network/MLP/MLP.sim/sim_1/behav/xsim'
INFO: [SIM-utils-51] Simulation object is 'sim_1'
INFO: [USF-XSim-3] XSim::Elaborate design
INFO: [USF-XSim-61] Executing 'ELABORATE' step in 'C:/Users/flavi/Desktop/Perceptron_network/MLP/MLP.sim/sim_1/behav/xsim'
"xelab --incr --debug typical --relax --mt 2 -L xil_defaultlib -L secureip --snapshot simulation_Layer_behav xil_defaultlib.simulation_Layer -log elaborate.log"
Vivado Simulator v2025.2
Copyright 1986-2022 Xilinx, Inc. All Rights Reserved.
Copyright 2022-2025 Advanced Micro Devices, Inc. All Rights Reserved.
Running: C:/Program/2025.2/Vivado/bin/unwrapped/win64.o/xelab.exe --incr --debug typical --relax --mt 2 -L xil_defaultlib -L secureip --snapshot simulation_Layer_behav xil_defaultlib.simulation_Layer -log elaborate.log 
Using 2 slave threads.
Starting static elaboration
Completed static elaboration
INFO: [XSIM 43-4323] No Change in HDL. Linking previously generated obj files to create kernel
INFO: [USF-XSim-69] 'elaborate' step finished in '1' seconds
Time resolution is 1 ps
save_wave_config {C:/Users/flavi/Desktop/Perceptron_network/MLP/simulation_Perceptron_CONFIG.wcfg}
close_sim
INFO: [Simtcl 6-16] Simulation closed
WARNING: [filemgmt 56-199] Attempt to get parsing info during refresh. "On-the-fly" syntax checking information may be incorrect. [C:\Users\flavi\Desktop\Perceptron_network\MLP\MLP.srcs\sources_1\new\Layer.vhd:]
WARNING: [filemgmt 56-199] Attempt to get parsing info during refresh. "On-the-fly" syntax checking information may be incorrect. [C:\Users\flavi\Desktop\Perceptron_network\MLP\MLP.srcs\sim_1\new\simulation_Layer.vhd:]
WARNING: [filemgmt 56-199] Attempt to get parsing info during refresh. "On-the-fly" syntax checking information may be incorrect. [C:\Users\flavi\Desktop\Perceptron_network\MLP\MLP.srcs\sources_1\new\Layer.vhd:]
WARNING: [filemgmt 56-199] Attempt to get parsing info during refresh. "On-the-fly" syntax checking information may be incorrect. [C:\Users\flavi\Desktop\Perceptron_network\MLP\MLP.srcs\sources_1\new\Layer.vhd:]
ERROR: [Common 17-180] Spawn failed: The operation completed successfully.

WARNING: [filemgmt 56-199] Attempt to get parsing info during refresh. "On-the-fly" syntax checking information may be incorrect. [C:\Users\flavi\Desktop\Perceptron_network\MLP\MLP.srcs\sources_1\new\Layer.vhd:]
WARNING: [filemgmt 56-199] Attempt to get parsing info during refresh. "On-the-fly" syntax checking information may be incorrect. [C:\Users\flavi\Desktop\Perceptron_network\MLP\MLP.srcs\sources_1\new\Perceptron.vhd:]
WARNING: [filemgmt 56-199] Attempt to get parsing info during refresh. "On-the-fly" syntax checking information may be incorrect. [C:\Users\flavi\Desktop\Perceptron_network\MLP\MLP.srcs\sim_1\new\simulation_Layer.vhd:]
WARNING: [filemgmt 56-199] Attempt to get parsing info during refresh. "On-the-fly" syntax checking information may be incorrect. [C:\Users\flavi\Desktop\Perceptron_network\MLP\MLP.srcs\sources_1\new\Perceptron_BRAM.vhd:]
WARNING: [filemgmt 56-199] Attempt to get parsing info during refresh. "On-the-fly" syntax checking information may be incorrect. [C:\Users\flavi\Desktop\Perceptron_network\MLP\MLP.srcs\sim_1\new\simulation_Layer.vhd:]
WARNING: [filemgmt 56-199] Attempt to get parsing info during refresh. "On-the-fly" syntax checking information may be incorrect. [C:\Users\flavi\Desktop\Perceptron_network\MLP\MLP.srcs\sim_1\new\simulation_Layer.vhd:]
WARNING: [filemgmt 56-199] Attempt to get parsing info during refresh. "On-the-fly" syntax checking information may be incorrect. [C:\Users\flavi\Desktop\Perceptron_network\MLP\MLP.srcs\sources_1\new\Layer.vhd:]
WARNING: [filemgmt 56-199] Attempt to get parsing info during refresh. "On-the-fly" syntax checking information may be incorrect. [C:\Users\flavi\Desktop\Perceptron_network\MLP\MLP.srcs\sources_1\new\Perceptron.vhd:]
WARNING: [filemgmt 56-199] Attempt to get parsing info during refresh. "On-the-fly" syntax checking information may be incorrect. [C:\Users\flavi\Desktop\Perceptron_network\MLP\MLP.srcs\sim_1\new\simulation_Layer.vhd:]
WARNING: [filemgmt 56-199] Attempt to get parsing info during refresh. "On-the-fly" syntax checking information may be incorrect. [C:\Users\flavi\Desktop\Perceptron_network\MLP\MLP.srcs\sources_1\new\Perceptron_BRAM.vhd:]
WARNING: [filemgmt 56-199] Attempt to get parsing info during refresh. "On-the-fly" syntax checking information may be incorrect. [C:\Users\flavi\Desktop\Perceptron_network\MLP\MLP.srcs\sources_1\new\Layer.vhd:]
WARNING: [filemgmt 56-199] Attempt to get parsing info during refresh. "On-the-fly" syntax checking information may be incorrect. [C:\Users\flavi\Desktop\Perceptron_network\MLP\MLP.srcs\sources_1\new\Layer.vhd:]
WARNING: [filemgmt 56-199] Attempt to get parsing info during refresh. "On-the-fly" syntax checking information may be incorrect. [C:\Users\flavi\Desktop\Perceptron_network\MLP\MLP.srcs\sources_1\new\Layer.vhd:]
WARNING: [filemgmt 56-199] Attempt to get parsing info during refresh. "On-the-fly" syntax checking information may be incorrect. [C:\Users\flavi\Desktop\Perceptron_network\MLP\MLP.srcs\sources_1\new\Perceptron.vhd:]
WARNING: [filemgmt 56-199] Attempt to get parsing info during refresh. "On-the-fly" syntax checking information may be incorrect. [C:\Users\flavi\Desktop\Perceptron_network\MLP\MLP.srcs\sim_1\new\simulation_Layer.vhd:]
WARNING: [filemgmt 56-199] Attempt to get parsing info during refresh. "On-the-fly" syntax checking information may be incorrect. [C:\Users\flavi\Desktop\Perceptron_network\MLP\MLP.srcs\sources_1\new\Perceptron_BRAM.vhd:]
WARNING: [filemgmt 56-199] Attempt to get parsing info during refresh. "On-the-fly" syntax checking information may be incorrect. [C:\Users\flavi\Desktop\Perceptron_network\MLP\MLP.srcs\sources_1\new\Perceptron.vhd:]
WARNING: [filemgmt 56-199] Attempt to get parsing info during refresh. "On-the-fly" syntax checking information may be incorrect. [C:\Users\flavi\Desktop\Perceptron_network\MLP\MLP.srcs\sources_1\new\Perceptron.vhd:]
launch_simulation
Command: launch_simulation 
INFO: [Vivado 12-25911] Executing simulation for 'XSim' simulator
INFO: [Vivado 12-28535] Process started - Thu Jan 29 16:11:57 2026

INFO: [Vivado 12-12493] Simulation top is 'simulation_Layer'
INFO: [Vivado 12-5682] Launching behavioral simulation in 'C:/Users/flavi/Desktop/Perceptron_network/MLP/MLP.sim/sim_1/behav/xsim'
INFO: [SIM-utils-51] Simulation object is 'sim_1'
INFO: [SIM-utils-72] Using boost library from 'C:/Program/2025.2/Vivado/tps/boost_1_72_0'
INFO: [SIM-utils-54] Inspecting design source files for 'simulation_Layer' in fileset 'sim_1'...
INFO: [USF-XSim-97] Finding global include files...
INFO: [USF-XSim-100] Fetching design files from 'sources_1'...(this may take a while)...
INFO: [USF-XSim-101] Fetching design files from 'sim_1'...
INFO: [USF-XSim-2] XSim::Compile design
INFO: [USF-XSim-61] Executing 'COMPILE and ANALYZE' step in 'C:/Users/flavi/Desktop/Perceptron_network/MLP/MLP.sim/sim_1/behav/xsim'
"xvhdl --incr --relax -prj simulation_Layer_vhdl.prj"
INFO: [VRFC 10-163] Analyzing VHDL file "C:/Users/flavi/Desktop/Perceptron_network/MLP/MLP.srcs/sources_1/new/Perceptron_BRAM.vhd" into library xil_defaultlib
INFO: [VRFC 10-3107] analyzing entity 'Perceptron_BRAM'
INFO: [VRFC 10-163] Analyzing VHDL file "C:/Users/flavi/Desktop/Perceptron_network/MLP/MLP.srcs/sources_1/new/Layer.vhd" into library xil_defaultlib
INFO: [VRFC 10-3107] analyzing entity 'Layer'
INFO: [USF-XSim-69] 'compile' step finished in '1' seconds
INFO: [USF-XSim-3] XSim::Elaborate design
INFO: [USF-XSim-61] Executing 'ELABORATE' step in 'C:/Users/flavi/Desktop/Perceptron_network/MLP/MLP.sim/sim_1/behav/xsim'
"xelab --incr --debug typical --relax --mt 2 -L xil_defaultlib -L secureip --snapshot simulation_Layer_behav xil_defaultlib.simulation_Layer -log elaborate.log"
Vivado Simulator v2025.2
Copyright 1986-2022 Xilinx, Inc. All Rights Reserved.
Copyright 2022-2025 Advanced Micro Devices, Inc. All Rights Reserved.
Running: C:/Program/2025.2/Vivado/bin/unwrapped/win64.o/xelab.exe --incr --debug typical --relax --mt 2 -L xil_defaultlib -L secureip --snapshot simulation_Layer_behav xil_defaultlib.simulation_Layer -log elaborate.log 
Using 2 slave threads.
Starting static elaboration
Completed static elaboration
Starting simulation data flow analysis
Completed simulation data flow analysis
Time Resolution for simulation is 1ps
Compiling package std.standard
Compiling package std.textio
Compiling package ieee.std_logic_1164
Compiling package ieee.std_logic_arith
Compiling package ieee.std_logic_unsigned
Compiling package ieee.numeric_std
Compiling architecture behavioral of entity xil_defaultlib.Perceptron_BRAM [perceptron_bram_default]
Compiling architecture rtl of entity xil_defaultlib.WEIGHTS [weights_default]
Compiling architecture behavioral of entity xil_defaultlib.Layer [layer_default]
Compiling architecture bench of entity xil_defaultlib.simulation_layer
Built simulation snapshot simulation_Layer_behav
INFO: [USF-XSim-69] 'elaborate' step finished in '2' seconds
INFO: [USF-XSim-4] XSim::Simulate design
INFO: [USF-XSim-61] Executing 'SIMULATE' step in 'C:/Users/flavi/Desktop/Perceptron_network/MLP/MLP.sim/sim_1/behav/xsim'
INFO: [USF-XSim-98] *** Running xsim
   with args "simulation_Layer_behav -key {Behavioral:sim_1:Functional:simulation_Layer} -tclbatch {simulation_Layer.tcl} -view {C:/Users/flavi/Desktop/Perceptron_network/MLP/simulation_Perceptron_CONFIG.wcfg} -log {simulate.log}"
INFO: [USF-XSim-8] Loading simulator feature
Time resolution is 1 ps
open_wave_config C:/Users/flavi/Desktop/Perceptron_network/MLP/simulation_Perceptron_CONFIG.wcfg
source simulation_Layer.tcl
# set curr_wave [current_wave_config]
# if { [string length $curr_wave] == 0 } {
#   if { [llength [get_objects]] > 0} {
#     add_wave /
#     set_property needs_save false [current_wave_config]
#   } else {
#      send_msg_id Add_Wave-1 WARNING "No top level signals found. Simulator will start without a wave window. If you want to open a wave window go to 'File->New Waveform Configuration' or type 'create_wave_config' in the TCL console."
#   }
# }
# run 1000ns
INFO: [USF-XSim-96] XSim completed. Design snapshot 'simulation_Layer_behav' loaded.
INFO: [USF-XSim-97] XSim simulation ran for 1000ns
close_sim
INFO: [Simtcl 6-16] Simulation closed
launch_simulation
Command: launch_simulation 
INFO: [Vivado 12-25911] Executing simulation for 'XSim' simulator
INFO: [Vivado 12-28535] Process started - Thu Jan 29 17:01:11 2026

INFO: [Vivado 12-12493] Simulation top is 'simulation_Layer'
INFO: [Vivado 12-5682] Launching behavioral simulation in 'C:/Users/flavi/Desktop/Perceptron_network/MLP/MLP.sim/sim_1/behav/xsim'
INFO: [SIM-utils-51] Simulation object is 'sim_1'
INFO: [SIM-utils-72] Using boost library from 'C:/Program/2025.2/Vivado/tps/boost_1_72_0'
INFO: [SIM-utils-54] Inspecting design source files for 'simulation_Layer' in fileset 'sim_1'...
INFO: [USF-XSim-97] Finding global include files...
INFO: [USF-XSim-100] Fetching design files from 'sources_1'...(this may take a while)...
INFO: [USF-XSim-101] Fetching design files from 'sim_1'...
INFO: [USF-XSim-2] XSim::Compile design
INFO: [USF-XSim-61] Executing 'COMPILE and ANALYZE' step in 'C:/Users/flavi/Desktop/Perceptron_network/MLP/MLP.sim/sim_1/behav/xsim'
WARNING: [filemgmt 56-199] Attempt to get parsing info during refresh. "On-the-fly" syntax checking information may be incorrect. [C:\Users\flavi\Desktop\Perceptron_network\MLP\MLP.srcs\sources_1\new\WEIGHTS.vhd:]
WARNING: [filemgmt 56-199] Attempt to get parsing info during refresh. "On-the-fly" syntax checking information may be incorrect. [C:\Users\flavi\Desktop\Perceptron_network\MLP\MLP.srcs\sources_1\new\Layer.vhd:]
WARNING: [filemgmt 56-199] Attempt to get parsing info during refresh. "On-the-fly" syntax checking information may be incorrect. [C:\Users\flavi\Desktop\Perceptron_network\MLP\MLP.srcs\sources_1\new\Perceptron.vhd:]
WARNING: [filemgmt 56-199] Attempt to get parsing info during refresh. "On-the-fly" syntax checking information may be incorrect. [C:\Users\flavi\Desktop\Perceptron_network\MLP\MLP.srcs\sim_1\new\simulation_Layer.vhd:]
WARNING: [filemgmt 56-199] Attempt to get parsing info during refresh. "On-the-fly" syntax checking information may be incorrect. [C:\Users\flavi\Desktop\Perceptron_network\MLP\MLP.srcs\sources_1\new\Perceptron_BRAM.vhd:]
WARNING: [filemgmt 56-199] Attempt to get parsing info during refresh. "On-the-fly" syntax checking information may be incorrect. [C:\Users\flavi\Desktop\Perceptron_network\MLP\MLP.srcs\sources_1\new\Perceptron.vhd:]
WARNING: [filemgmt 56-199] Attempt to get parsing info during refresh. "On-the-fly" syntax checking information may be incorrect. [C:\Users\flavi\Desktop\Perceptron_network\MLP\MLP.srcs\sources_1\new\Perceptron.vhd:]
WARNING: [filemgmt 56-199] Attempt to get parsing info during refresh. "On-the-fly" syntax checking information may be incorrect. [C:\Users\flavi\Desktop\Perceptron_network\MLP\MLP.srcs\sources_1\new\WEIGHTS.vhd:]
WARNING: [filemgmt 56-199] Attempt to get parsing info during refresh. "On-the-fly" syntax checking information may be incorrect. [C:\Users\flavi\Desktop\Perceptron_network\MLP\MLP.srcs\sources_1\new\Layer.vhd:]
WARNING: [filemgmt 56-199] Attempt to get parsing info during refresh. "On-the-fly" syntax checking information may be incorrect. [C:\Users\flavi\Desktop\Perceptron_network\MLP\MLP.srcs\sources_1\new\Perceptron.vhd:]
WARNING: [filemgmt 56-199] Attempt to get parsing info during refresh. "On-the-fly" syntax checking information may be incorrect. [C:\Users\flavi\Desktop\Perceptron_network\MLP\MLP.srcs\sim_1\new\simulation_Layer.vhd:]
WARNING: [filemgmt 56-199] Attempt to get parsing info during refresh. "On-the-fly" syntax checking information may be incorrect. [C:\Users\flavi\Desktop\Perceptron_network\MLP\MLP.srcs\sources_1\new\Perceptron_BRAM.vhd:]
WARNING: [filemgmt 56-199] Attempt to get parsing info during refresh. "On-the-fly" syntax checking information may be incorrect. [C:\Users\flavi\Desktop\Perceptron_network\MLP\MLP.srcs\sources_1\new\WEIGHTS.vhd:]
WARNING: [filemgmt 56-199] Attempt to get parsing info during refresh. "On-the-fly" syntax checking information may be incorrect. [C:\Users\flavi\Desktop\Perceptron_network\MLP\MLP.srcs\sources_1\new\WEIGHTS.vhd:]
"xvhdl --incr --relax -prj simulation_Layer_vhdl.prj"
INFO: [VRFC 10-163] Analyzing VHDL file "C:/Users/flavi/Desktop/Perceptron_network/MLP/MLP.srcs/sim_1/new/simulation_Layer.vhd" into library xil_defaultlib
INFO: [VRFC 10-3107] analyzing entity 'simulation_Layer'
INFO: [USF-XSim-69] 'compile' step finished in '2' seconds
INFO: [USF-XSim-3] XSim::Elaborate design
ERROR: [Common 17-180] Spawn failed: The operation completed successfully.

INFO: [USF-XSim-61] Executing 'ELABORATE' step in 'C:/Users/flavi/Desktop/Perceptron_network/MLP/MLP.sim/sim_1/behav/xsim'
WARNING: [filemgmt 56-199] Attempt to get parsing info during refresh. "On-the-fly" syntax checking information may be incorrect. [C:\Users\flavi\Desktop\Perceptron_network\MLP\MLP.srcs\sources_1\new\WEIGHTS.vhd:]
WARNING: [filemgmt 56-199] Attempt to get parsing info during refresh. "On-the-fly" syntax checking information may be incorrect. [C:\Users\flavi\Desktop\Perceptron_network\MLP\MLP.srcs\sources_1\new\Layer.vhd:]
WARNING: [filemgmt 56-199] Attempt to get parsing info during refresh. "On-the-fly" syntax checking information may be incorrect. [C:\Users\flavi\Desktop\Perceptron_network\MLP\MLP.srcs\sources_1\new\Perceptron.vhd:]
WARNING: [filemgmt 56-199] Attempt to get parsing info during refresh. "On-the-fly" syntax checking information may be incorrect. [C:\Users\flavi\Desktop\Perceptron_network\MLP\MLP.srcs\sim_1\new\simulation_Layer.vhd:]
WARNING: [filemgmt 56-199] Attempt to get parsing info during refresh. "On-the-fly" syntax checking information may be incorrect. [C:\Users\flavi\Desktop\Perceptron_network\MLP\MLP.srcs\sources_1\new\Perceptron_BRAM.vhd:]
WARNING: [filemgmt 56-199] Attempt to get parsing info during refresh. "On-the-fly" syntax checking information may be incorrect. [C:\Users\flavi\Desktop\Perceptron_network\MLP\MLP.srcs\sources_1\new\Layer.vhd:]
WARNING: [filemgmt 56-199] Attempt to get parsing info during refresh. "On-the-fly" syntax checking information may be incorrect. [C:\Users\flavi\Desktop\Perceptron_network\MLP\MLP.srcs\sources_1\new\Layer.vhd:]
ERROR: [Common 17-180] Spawn failed: The operation completed successfully.

"xelab --incr --debug typical --relax --mt 2 -L xil_defaultlib -L secureip --snapshot simulation_Layer_behav xil_defaultlib.simulation_Layer -log elaborate.log"
Vivado Simulator v2025.2
Copyright 1986-2022 Xilinx, Inc. All Rights Reserved.
Copyright 2022-2025 Advanced Micro Devices, Inc. All Rights Reserved.
Running: C:/Program/2025.2/Vivado/bin/unwrapped/win64.o/xelab.exe --incr --debug typical --relax --mt 2 -L xil_defaultlib -L secureip --snapshot simulation_Layer_behav xil_defaultlib.simulation_Layer -log elaborate.log 
Using 2 slave threads.
Starting static elaboration
Completed static elaboration
Starting simulation data flow analysis
Completed simulation data flow analysis
Time Resolution for simulation is 1ps
Compiling package std.standard
Compiling package std.textio
Compiling package ieee.std_logic_1164
Compiling package ieee.std_logic_arith
Compiling package ieee.std_logic_unsigned
Compiling package ieee.numeric_std
Compiling architecture behavioral of entity xil_defaultlib.Perceptron_BRAM [perceptron_bram_default]
Compiling architecture rtl of entity xil_defaultlib.WEIGHTS [weights_default]
Compiling architecture behavioral of entity xil_defaultlib.Layer [layer_default]
Compiling architecture bench of entity xil_defaultlib.simulation_layer
Built simulation snapshot simulation_Layer_behav
INFO: [USF-XSim-69] 'elaborate' step finished in '2' seconds
ERROR: [USF-XSim-62] 'elaborate' step failed with error(s) while executing 'C:/Users/flavi/Desktop/Perceptron_network/MLP/MLP.sim/sim_1/behav/xsim/elaborate.bat' script. Please check that the file has the correct 'read/write/execute' permissions and the Tcl console output for any other possible errors or warnings.
ERROR: [Vivado 12-4473] Detected error while running simulation. Please correct the issue and retry this operation.
ERROR: [Common 17-39] 'launch_simulation' failed due to earlier errors.
WARNING: [filemgmt 56-199] Attempt to get parsing info during refresh. "On-the-fly" syntax checking information may be incorrect. [C:\Users\flavi\Desktop\Perceptron_network\MLP\MLP.srcs\sources_1\new\WEIGHTS.vhd:]
WARNING: [filemgmt 56-199] Attempt to get parsing info during refresh. "On-the-fly" syntax checking information may be incorrect. [C:\Users\flavi\Desktop\Perceptron_network\MLP\MLP.srcs\sources_1\new\Layer.vhd:]
WARNING: [filemgmt 56-199] Attempt to get parsing info during refresh. "On-the-fly" syntax checking information may be incorrect. [C:\Users\flavi\Desktop\Perceptron_network\MLP\MLP.srcs\sources_1\new\Perceptron.vhd:]
WARNING: [filemgmt 56-199] Attempt to get parsing info during refresh. "On-the-fly" syntax checking information may be incorrect. [C:\Users\flavi\Desktop\Perceptron_network\MLP\MLP.srcs\sim_1\new\simulation_Layer.vhd:]
WARNING: [filemgmt 56-199] Attempt to get parsing info during refresh. "On-the-fly" syntax checking information may be incorrect. [C:\Users\flavi\Desktop\Perceptron_network\MLP\MLP.srcs\sources_1\new\Perceptron_BRAM.vhd:]
WARNING: [filemgmt 56-199] Attempt to get parsing info during refresh. "On-the-fly" syntax checking information may be incorrect. [C:\Users\flavi\Desktop\Perceptron_network\MLP\MLP.srcs\sim_1\new\simulation_Layer.vhd:]
WARNING: [filemgmt 56-199] Attempt to get parsing info during refresh. "On-the-fly" syntax checking information may be incorrect. [C:\Users\flavi\Desktop\Perceptron_network\MLP\MLP.srcs\sim_1\new\simulation_Layer.vhd:]
WARNING: [filemgmt 56-199] Attempt to get parsing info during refresh. "On-the-fly" syntax checking information may be incorrect. [C:\Users\flavi\Desktop\Perceptron_network\MLP\MLP.srcs\sources_1\new\WEIGHTS.vhd:]
WARNING: [filemgmt 56-199] Attempt to get parsing info during refresh. "On-the-fly" syntax checking information may be incorrect. [C:\Users\flavi\Desktop\Perceptron_network\MLP\MLP.srcs\sources_1\new\Layer.vhd:]
WARNING: [filemgmt 56-199] Attempt to get parsing info during refresh. "On-the-fly" syntax checking information may be incorrect. [C:\Users\flavi\Desktop\Perceptron_network\MLP\MLP.srcs\sources_1\new\Perceptron.vhd:]
WARNING: [filemgmt 56-199] Attempt to get parsing info during refresh. "On-the-fly" syntax checking information may be incorrect. [C:\Users\flavi\Desktop\Perceptron_network\MLP\MLP.srcs\sim_1\new\simulation_Layer.vhd:]
WARNING: [filemgmt 56-199] Attempt to get parsing info during refresh. "On-the-fly" syntax checking information may be incorrect. [C:\Users\flavi\Desktop\Perceptron_network\MLP\MLP.srcs\sources_1\new\Perceptron_BRAM.vhd:]
WARNING: [filemgmt 56-199] Attempt to get parsing info during refresh. "On-the-fly" syntax checking information may be incorrect. [C:\Users\flavi\Desktop\Perceptron_network\MLP\MLP.srcs\sources_1\new\Layer.vhd:]
WARNING: [filemgmt 56-199] Attempt to get parsing info during refresh. "On-the-fly" syntax checking information may be incorrect. [C:\Users\flavi\Desktop\Perceptron_network\MLP\MLP.srcs\sources_1\new\Layer.vhd:]
WARNING: [filemgmt 56-199] Attempt to get parsing info during refresh. "On-the-fly" syntax checking information may be incorrect. [C:\Users\flavi\Desktop\Perceptron_network\MLP\MLP.srcs\sources_1\new\WEIGHTS.vhd:]
WARNING: [filemgmt 56-199] Attempt to get parsing info during refresh. "On-the-fly" syntax checking information may be incorrect. [C:\Users\flavi\Desktop\Perceptron_network\MLP\MLP.srcs\sources_1\new\Layer.vhd:]
WARNING: [filemgmt 56-199] Attempt to get parsing info during refresh. "On-the-fly" syntax checking information may be incorrect. [C:\Users\flavi\Desktop\Perceptron_network\MLP\MLP.srcs\sources_1\new\Perceptron.vhd:]
WARNING: [filemgmt 56-199] Attempt to get parsing info during refresh. "On-the-fly" syntax checking information may be incorrect. [C:\Users\flavi\Desktop\Perceptron_network\MLP\MLP.srcs\sim_1\new\simulation_Layer.vhd:]
WARNING: [filemgmt 56-199] Attempt to get parsing info during refresh. "On-the-fly" syntax checking information may be incorrect. [C:\Users\flavi\Desktop\Perceptron_network\MLP\MLP.srcs\sources_1\new\Perceptron_BRAM.vhd:]
WARNING: [filemgmt 56-199] Attempt to get parsing info during refresh. "On-the-fly" syntax checking information may be incorrect. [C:\Users\flavi\Desktop\Perceptron_network\MLP\MLP.srcs\sources_1\new\Perceptron.vhd:]
WARNING: [filemgmt 56-199] Attempt to get parsing info during refresh. "On-the-fly" syntax checking information may be incorrect. [C:\Users\flavi\Desktop\Perceptron_network\MLP\MLP.srcs\sources_1\new\Perceptron.vhd:]
WARNING: [filemgmt 56-199] Attempt to get parsing info during refresh. "On-the-fly" syntax checking information may be incorrect. [C:\Users\flavi\Desktop\Perceptron_network\MLP\MLP.srcs\sources_1\new\WEIGHTS.vhd:]
WARNING: [filemgmt 56-199] Attempt to get parsing info during refresh. "On-the-fly" syntax checking information may be incorrect. [C:\Users\flavi\Desktop\Perceptron_network\MLP\MLP.srcs\sources_1\new\Layer.vhd:]
WARNING: [filemgmt 56-199] Attempt to get parsing info during refresh. "On-the-fly" syntax checking information may be incorrect. [C:\Users\flavi\Desktop\Perceptron_network\MLP\MLP.srcs\sources_1\new\Perceptron.vhd:]
WARNING: [filemgmt 56-199] Attempt to get parsing info during refresh. "On-the-fly" syntax checking information may be incorrect. [C:\Users\flavi\Desktop\Perceptron_network\MLP\MLP.srcs\sim_1\new\simulation_Layer.vhd:]
WARNING: [filemgmt 56-199] Attempt to get parsing info during refresh. "On-the-fly" syntax checking information may be incorrect. [C:\Users\flavi\Desktop\Perceptron_network\MLP\MLP.srcs\sources_1\new\Perceptron_BRAM.vhd:]
WARNING: [filemgmt 56-199] Attempt to get parsing info during refresh. "On-the-fly" syntax checking information may be incorrect. [C:\Users\flavi\Desktop\Perceptron_network\MLP\MLP.srcs\sources_1\new\WEIGHTS.vhd:]
WARNING: [filemgmt 56-199] Attempt to get parsing info during refresh. "On-the-fly" syntax checking information may be incorrect. [C:\Users\flavi\Desktop\Perceptron_network\MLP\MLP.srcs\sources_1\new\WEIGHTS.vhd:]
ERROR: [Common 17-180] Spawn failed: The operation completed successfully.

launch_simulation
Command: launch_simulation 
INFO: [Vivado 12-25911] Executing simulation for 'XSim' simulator
INFO: [Vivado 12-28535] Process started - Thu Jan 29 17:01:59 2026

INFO: [Vivado 12-12493] Simulation top is 'simulation_Layer'
INFO: [Vivado 12-5682] Launching behavioral simulation in 'C:/Users/flavi/Desktop/Perceptron_network/MLP/MLP.sim/sim_1/behav/xsim'
INFO: [SIM-utils-51] Simulation object is 'sim_1'
INFO: [SIM-utils-72] Using boost library from 'C:/Program/2025.2/Vivado/tps/boost_1_72_0'
INFO: [SIM-utils-54] Inspecting design source files for 'simulation_Layer' in fileset 'sim_1'...
INFO: [USF-XSim-97] Finding global include files...
INFO: [USF-XSim-100] Fetching design files from 'sources_1'...(this may take a while)...
INFO: [USF-XSim-101] Fetching design files from 'sim_1'...
INFO: [USF-XSim-2] XSim::Compile design
INFO: [USF-XSim-61] Executing 'COMPILE and ANALYZE' step in 'C:/Users/flavi/Desktop/Perceptron_network/MLP/MLP.sim/sim_1/behav/xsim'
"xvhdl --incr --relax -prj simulation_Layer_vhdl.prj"
INFO: [VRFC 10-163] Analyzing VHDL file "C:/Users/flavi/Desktop/Perceptron_network/MLP/MLP.srcs/sim_1/new/simulation_Layer.vhd" into library xil_defaultlib
INFO: [VRFC 10-3107] analyzing entity 'simulation_Layer'
INFO: [USF-XSim-69] 'compile' step finished in '1' seconds
INFO: [USF-XSim-3] XSim::Elaborate design
INFO: [USF-XSim-61] Executing 'ELABORATE' step in 'C:/Users/flavi/Desktop/Perceptron_network/MLP/MLP.sim/sim_1/behav/xsim'
"xelab --incr --debug typical --relax --mt 2 -L xil_defaultlib -L secureip --snapshot simulation_Layer_behav xil_defaultlib.simulation_Layer -log elaborate.log"
Vivado Simulator v2025.2
Copyright 1986-2022 Xilinx, Inc. All Rights Reserved.
Copyright 2022-2025 Advanced Micro Devices, Inc. All Rights Reserved.
Running: C:/Program/2025.2/Vivado/bin/unwrapped/win64.o/xelab.exe --incr --debug typical --relax --mt 2 -L xil_defaultlib -L secureip --snapshot simulation_Layer_behav xil_defaultlib.simulation_Layer -log elaborate.log 
Using 2 slave threads.
Starting static elaboration
Completed static elaboration
Starting simulation data flow analysis
Completed simulation data flow analysis
Time Resolution for simulation is 1ps
Compiling package std.standard
Compiling package std.textio
Compiling package ieee.std_logic_1164
Compiling package ieee.std_logic_arith
Compiling package ieee.std_logic_unsigned
Compiling package ieee.numeric_std
Compiling architecture behavioral of entity xil_defaultlib.Perceptron_BRAM [perceptron_bram_default]
Compiling architecture rtl of entity xil_defaultlib.WEIGHTS [weights_default]
Compiling architecture behavioral of entity xil_defaultlib.Layer [layer_default]
Compiling architecture bench of entity xil_defaultlib.simulation_layer
Built simulation snapshot simulation_Layer_behav
INFO: [USF-XSim-69] 'elaborate' step finished in '1' seconds
INFO: [USF-XSim-4] XSim::Simulate design
INFO: [USF-XSim-61] Executing 'SIMULATE' step in 'C:/Users/flavi/Desktop/Perceptron_network/MLP/MLP.sim/sim_1/behav/xsim'
INFO: [USF-XSim-98] *** Running xsim
   with args "simulation_Layer_behav -key {Behavioral:sim_1:Functional:simulation_Layer} -tclbatch {simulation_Layer.tcl} -view {C:/Users/flavi/Desktop/Perceptron_network/MLP/simulation_Perceptron_CONFIG.wcfg} -log {simulate.log}"
INFO: [USF-XSim-8] Loading simulator feature
Time resolution is 1 ps
open_wave_config C:/Users/flavi/Desktop/Perceptron_network/MLP/simulation_Perceptron_CONFIG.wcfg
source simulation_Layer.tcl
# set curr_wave [current_wave_config]
# if { [string length $curr_wave] == 0 } {
#   if { [llength [get_objects]] > 0} {
#     add_wave /
#     set_property needs_save false [current_wave_config]
#   } else {
#      send_msg_id Add_Wave-1 WARNING "No top level signals found. Simulator will start without a wave window. If you want to open a wave window go to 'File->New Waveform Configuration' or type 'create_wave_config' in the TCL console."
#   }
# }
# run 1000ns
INFO: [USF-XSim-96] XSim completed. Design snapshot 'simulation_Layer_behav' loaded.
INFO: [USF-XSim-97] XSim simulation ran for 1000ns
close_sim
INFO: [Simtcl 6-16] Simulation closed
WARNING: [filemgmt 56-199] Attempt to get parsing info during refresh. "On-the-fly" syntax checking information may be incorrect. [C:\Users\flavi\Desktop\Perceptron_network\MLP\MLP.srcs\sources_1\new\WEIGHTS.vhd:]
WARNING: [filemgmt 56-199] Attempt to get parsing info during refresh. "On-the-fly" syntax checking information may be incorrect. [C:\Users\flavi\Desktop\Perceptron_network\MLP\MLP.srcs\sources_1\new\Layer.vhd:]
WARNING: [filemgmt 56-199] Attempt to get parsing info during refresh. "On-the-fly" syntax checking information may be incorrect. [C:\Users\flavi\Desktop\Perceptron_network\MLP\MLP.srcs\sources_1\new\Perceptron.vhd:]
WARNING: [filemgmt 56-199] Attempt to get parsing info during refresh. "On-the-fly" syntax checking information may be incorrect. [C:\Users\flavi\Desktop\Perceptron_network\MLP\MLP.srcs\sim_1\new\simulation_Layer.vhd:]
WARNING: [filemgmt 56-199] Attempt to get parsing info during refresh. "On-the-fly" syntax checking information may be incorrect. [C:\Users\flavi\Desktop\Perceptron_network\MLP\MLP.srcs\sources_1\new\Perceptron_BRAM.vhd:]
WARNING: [filemgmt 56-199] Attempt to get parsing info during refresh. "On-the-fly" syntax checking information may be incorrect. [C:\Users\flavi\Desktop\Perceptron_network\MLP\MLP.srcs\sources_1\new\Layer.vhd:]
WARNING: [filemgmt 56-199] Attempt to get parsing info during refresh. "On-the-fly" syntax checking information may be incorrect. [C:\Users\flavi\Desktop\Perceptron_network\MLP\MLP.srcs\sources_1\new\Layer.vhd:]
WARNING: [filemgmt 56-199] Attempt to get parsing info during refresh. "On-the-fly" syntax checking information may be incorrect. [C:\Users\flavi\Desktop\Perceptron_network\MLP\MLP.srcs\sources_1\new\WEIGHTS.vhd:]
WARNING: [filemgmt 56-199] Attempt to get parsing info during refresh. "On-the-fly" syntax checking information may be incorrect. [C:\Users\flavi\Desktop\Perceptron_network\MLP\MLP.srcs\sources_1\new\Layer.vhd:]
WARNING: [filemgmt 56-199] Attempt to get parsing info during refresh. "On-the-fly" syntax checking information may be incorrect. [C:\Users\flavi\Desktop\Perceptron_network\MLP\MLP.srcs\sources_1\new\Perceptron.vhd:]
WARNING: [filemgmt 56-199] Attempt to get parsing info during refresh. "On-the-fly" syntax checking information may be incorrect. [C:\Users\flavi\Desktop\Perceptron_network\MLP\MLP.srcs\sim_1\new\simulation_Layer.vhd:]
WARNING: [filemgmt 56-199] Attempt to get parsing info during refresh. "On-the-fly" syntax checking information may be incorrect. [C:\Users\flavi\Desktop\Perceptron_network\MLP\MLP.srcs\sources_1\new\Perceptron_BRAM.vhd:]
WARNING: [filemgmt 56-199] Attempt to get parsing info during refresh. "On-the-fly" syntax checking information may be incorrect. [C:\Users\flavi\Desktop\Perceptron_network\MLP\MLP.srcs\sources_1\new\Perceptron_BRAM.vhd:]
WARNING: [filemgmt 56-199] Attempt to get parsing info during refresh. "On-the-fly" syntax checking information may be incorrect. [C:\Users\flavi\Desktop\Perceptron_network\MLP\MLP.srcs\sources_1\new\Perceptron_BRAM.vhd:]
WARNING: [filemgmt 56-199] Attempt to get parsing info during refresh. "On-the-fly" syntax checking information may be incorrect. [C:\Users\flavi\Desktop\Perceptron_network\MLP\MLP.srcs\sources_1\new\WEIGHTS.vhd:]
WARNING: [filemgmt 56-199] Attempt to get parsing info during refresh. "On-the-fly" syntax checking information may be incorrect. [C:\Users\flavi\Desktop\Perceptron_network\MLP\MLP.srcs\sources_1\new\Layer.vhd:]
WARNING: [filemgmt 56-199] Attempt to get parsing info during refresh. "On-the-fly" syntax checking information may be incorrect. [C:\Users\flavi\Desktop\Perceptron_network\MLP\MLP.srcs\sources_1\new\Perceptron.vhd:]
WARNING: [filemgmt 56-199] Attempt to get parsing info during refresh. "On-the-fly" syntax checking information may be incorrect. [C:\Users\flavi\Desktop\Perceptron_network\MLP\MLP.srcs\sim_1\new\simulation_Layer.vhd:]
WARNING: [filemgmt 56-199] Attempt to get parsing info during refresh. "On-the-fly" syntax checking information may be incorrect. [C:\Users\flavi\Desktop\Perceptron_network\MLP\MLP.srcs\sources_1\new\Perceptron_BRAM.vhd:]
WARNING: [filemgmt 56-199] Attempt to get parsing info during refresh. "On-the-fly" syntax checking information may be incorrect. [C:\Users\flavi\Desktop\Perceptron_network\MLP\MLP.srcs\sources_1\new\Perceptron.vhd:]
WARNING: [filemgmt 56-199] Attempt to get parsing info during refresh. "On-the-fly" syntax checking information may be incorrect. [C:\Users\flavi\Desktop\Perceptron_network\MLP\MLP.srcs\sources_1\new\Perceptron.vhd:]
WARNING: [filemgmt 56-199] Attempt to get parsing info during refresh. "On-the-fly" syntax checking information may be incorrect. [C:\Users\flavi\Desktop\Perceptron_network\MLP\MLP.srcs\sources_1\new\WEIGHTS.vhd:]
WARNING: [filemgmt 56-199] Attempt to get parsing info during refresh. "On-the-fly" syntax checking information may be incorrect. [C:\Users\flavi\Desktop\Perceptron_network\MLP\MLP.srcs\sources_1\new\Layer.vhd:]
WARNING: [filemgmt 56-199] Attempt to get parsing info during refresh. "On-the-fly" syntax checking information may be incorrect. [C:\Users\flavi\Desktop\Perceptron_network\MLP\MLP.srcs\sources_1\new\Perceptron.vhd:]
WARNING: [filemgmt 56-199] Attempt to get parsing info during refresh. "On-the-fly" syntax checking information may be incorrect. [C:\Users\flavi\Desktop\Perceptron_network\MLP\MLP.srcs\sim_1\new\simulation_Layer.vhd:]
WARNING: [filemgmt 56-199] Attempt to get parsing info during refresh. "On-the-fly" syntax checking information may be incorrect. [C:\Users\flavi\Desktop\Perceptron_network\MLP\MLP.srcs\sources_1\new\Perceptron_BRAM.vhd:]
WARNING: [filemgmt 56-199] Attempt to get parsing info during refresh. "On-the-fly" syntax checking information may be incorrect. [C:\Users\flavi\Desktop\Perceptron_network\MLP\MLP.srcs\sim_1\new\simulation_Layer.vhd:]
WARNING: [filemgmt 56-199] Attempt to get parsing info during refresh. "On-the-fly" syntax checking information may be incorrect. [C:\Users\flavi\Desktop\Perceptron_network\MLP\MLP.srcs\sim_1\new\simulation_Layer.vhd:]
WARNING: [filemgmt 56-199] Attempt to get parsing info during refresh. "On-the-fly" syntax checking information may be incorrect. [C:\Users\flavi\Desktop\Perceptron_network\MLP\MLP.srcs\sources_1\new\WEIGHTS.vhd:]
WARNING: [filemgmt 56-199] Attempt to get parsing info during refresh. "On-the-fly" syntax checking information may be incorrect. [C:\Users\flavi\Desktop\Perceptron_network\MLP\MLP.srcs\sources_1\new\Layer.vhd:]
WARNING: [filemgmt 56-199] Attempt to get parsing info during refresh. "On-the-fly" syntax checking information may be incorrect. [C:\Users\flavi\Desktop\Perceptron_network\MLP\MLP.srcs\sources_1\new\Perceptron.vhd:]
WARNING: [filemgmt 56-199] Attempt to get parsing info during refresh. "On-the-fly" syntax checking information may be incorrect. [C:\Users\flavi\Desktop\Perceptron_network\MLP\MLP.srcs\sim_1\new\simulation_Layer.vhd:]
WARNING: [filemgmt 56-199] Attempt to get parsing info during refresh. "On-the-fly" syntax checking information may be incorrect. [C:\Users\flavi\Desktop\Perceptron_network\MLP\MLP.srcs\sources_1\new\Perceptron_BRAM.vhd:]
WARNING: [filemgmt 56-199] Attempt to get parsing info during refresh. "On-the-fly" syntax checking information may be incorrect. [C:\Users\flavi\Desktop\Perceptron_network\MLP\MLP.srcs\sources_1\new\WEIGHTS.vhd:]
WARNING: [filemgmt 56-199] Attempt to get parsing info during refresh. "On-the-fly" syntax checking information may be incorrect. [C:\Users\flavi\Desktop\Perceptron_network\MLP\MLP.srcs\sources_1\new\WEIGHTS.vhd:]
ERROR: [Common 17-180] Spawn failed: The operation completed successfully.

WARNING: [filemgmt 56-199] Attempt to get parsing info during refresh. "On-the-fly" syntax checking information may be incorrect. [C:\Users\flavi\Desktop\Perceptron_network\MLP\MLP.srcs\sources_1\new\WEIGHTS.vhd:]
WARNING: [filemgmt 56-199] Attempt to get parsing info during refresh. "On-the-fly" syntax checking information may be incorrect. [C:\Users\flavi\Desktop\Perceptron_network\MLP\MLP.srcs\sources_1\new\Layer.vhd:]
WARNING: [filemgmt 56-199] Attempt to get parsing info during refresh. "On-the-fly" syntax checking information may be incorrect. [C:\Users\flavi\Desktop\Perceptron_network\MLP\MLP.srcs\sources_1\new\Perceptron.vhd:]
WARNING: [filemgmt 56-199] Attempt to get parsing info during refresh. "On-the-fly" syntax checking information may be incorrect. [C:\Users\flavi\Desktop\Perceptron_network\MLP\MLP.srcs\sim_1\new\simulation_Layer.vhd:]
WARNING: [filemgmt 56-199] Attempt to get parsing info during refresh. "On-the-fly" syntax checking information may be incorrect. [C:\Users\flavi\Desktop\Perceptron_network\MLP\MLP.srcs\sources_1\new\Perceptron_BRAM.vhd:]
WARNING: [filemgmt 56-199] Attempt to get parsing info during refresh. "On-the-fly" syntax checking information may be incorrect. [C:\Users\flavi\Desktop\Perceptron_network\MLP\MLP.srcs\sources_1\new\Layer.vhd:]
WARNING: [filemgmt 56-199] Attempt to get parsing info during refresh. "On-the-fly" syntax checking information may be incorrect. [C:\Users\flavi\Desktop\Perceptron_network\MLP\MLP.srcs\sources_1\new\Layer.vhd:]
WARNING: [filemgmt 56-199] Attempt to get parsing info during refresh. "On-the-fly" syntax checking information may be incorrect. [C:\Users\flavi\Desktop\Perceptron_network\MLP\MLP.srcs\sources_1\new\WEIGHTS.vhd:]
WARNING: [filemgmt 56-199] Attempt to get parsing info during refresh. "On-the-fly" syntax checking information may be incorrect. [C:\Users\flavi\Desktop\Perceptron_network\MLP\MLP.srcs\sources_1\new\Layer.vhd:]
WARNING: [filemgmt 56-199] Attempt to get parsing info during refresh. "On-the-fly" syntax checking information may be incorrect. [C:\Users\flavi\Desktop\Perceptron_network\MLP\MLP.srcs\sources_1\new\Perceptron.vhd:]
WARNING: [filemgmt 56-199] Attempt to get parsing info during refresh. "On-the-fly" syntax checking information may be incorrect. [C:\Users\flavi\Desktop\Perceptron_network\MLP\MLP.srcs\sim_1\new\simulation_Layer.vhd:]
WARNING: [filemgmt 56-199] Attempt to get parsing info during refresh. "On-the-fly" syntax checking information may be incorrect. [C:\Users\flavi\Desktop\Perceptron_network\MLP\MLP.srcs\sources_1\new\Perceptron_BRAM.vhd:]
WARNING: [filemgmt 56-199] Attempt to get parsing info during refresh. "On-the-fly" syntax checking information may be incorrect. [C:\Users\flavi\Desktop\Perceptron_network\MLP\MLP.srcs\sources_1\new\Perceptron.vhd:]
WARNING: [filemgmt 56-199] Attempt to get parsing info during refresh. "On-the-fly" syntax checking information may be incorrect. [C:\Users\flavi\Desktop\Perceptron_network\MLP\MLP.srcs\sources_1\new\Perceptron.vhd:]
WARNING: [filemgmt 56-199] Attempt to get parsing info during refresh. "On-the-fly" syntax checking information may be incorrect. [C:\Users\flavi\Desktop\Perceptron_network\MLP\MLP.srcs\sources_1\new\WEIGHTS.vhd:]
WARNING: [filemgmt 56-199] Attempt to get parsing info during refresh. "On-the-fly" syntax checking information may be incorrect. [C:\Users\flavi\Desktop\Perceptron_network\MLP\MLP.srcs\sources_1\new\Layer.vhd:]
WARNING: [filemgmt 56-199] Attempt to get parsing info during refresh. "On-the-fly" syntax checking information may be incorrect. [C:\Users\flavi\Desktop\Perceptron_network\MLP\MLP.srcs\sources_1\new\Perceptron.vhd:]
WARNING: [filemgmt 56-199] Attempt to get parsing info during refresh. "On-the-fly" syntax checking information may be incorrect. [C:\Users\flavi\Desktop\Perceptron_network\MLP\MLP.srcs\sim_1\new\simulation_Layer.vhd:]
WARNING: [filemgmt 56-199] Attempt to get parsing info during refresh. "On-the-fly" syntax checking information may be incorrect. [C:\Users\flavi\Desktop\Perceptron_network\MLP\MLP.srcs\sources_1\new\Perceptron_BRAM.vhd:]
WARNING: [filemgmt 56-199] Attempt to get parsing info during refresh. "On-the-fly" syntax checking information may be incorrect. [C:\Users\flavi\Desktop\Perceptron_network\MLP\MLP.srcs\sources_1\new\WEIGHTS.vhd:]
WARNING: [filemgmt 56-199] Attempt to get parsing info during refresh. "On-the-fly" syntax checking information may be incorrect. [C:\Users\flavi\Desktop\Perceptron_network\MLP\MLP.srcs\sources_1\new\WEIGHTS.vhd:]
ERROR: [Common 17-180] Spawn failed: The operation completed successfully.

WARNING: [filemgmt 56-199] Attempt to get parsing info during refresh. "On-the-fly" syntax checking information may be incorrect. [C:\Users\flavi\Desktop\Perceptron_network\MLP\MLP.srcs\sources_1\new\WEIGHTS.vhd:]
WARNING: [filemgmt 56-199] Attempt to get parsing info during refresh. "On-the-fly" syntax checking information may be incorrect. [C:\Users\flavi\Desktop\Perceptron_network\MLP\MLP.srcs\sources_1\new\Layer.vhd:]
WARNING: [filemgmt 56-199] Attempt to get parsing info during refresh. "On-the-fly" syntax checking information may be incorrect. [C:\Users\flavi\Desktop\Perceptron_network\MLP\MLP.srcs\sources_1\new\Perceptron.vhd:]
WARNING: [filemgmt 56-199] Attempt to get parsing info during refresh. "On-the-fly" syntax checking information may be incorrect. [C:\Users\flavi\Desktop\Perceptron_network\MLP\MLP.srcs\sim_1\new\simulation_Layer.vhd:]
WARNING: [filemgmt 56-199] Attempt to get parsing info during refresh. "On-the-fly" syntax checking information may be incorrect. [C:\Users\flavi\Desktop\Perceptron_network\MLP\MLP.srcs\sources_1\new\Perceptron_BRAM.vhd:]
WARNING: [filemgmt 56-199] Attempt to get parsing info during refresh. "On-the-fly" syntax checking information may be incorrect. [C:\Users\flavi\Desktop\Perceptron_network\MLP\MLP.srcs\sim_1\new\simulation_Layer.vhd:]
WARNING: [filemgmt 56-199] Attempt to get parsing info during refresh. "On-the-fly" syntax checking information may be incorrect. [C:\Users\flavi\Desktop\Perceptron_network\MLP\MLP.srcs\sim_1\new\simulation_Layer.vhd:]
WARNING: [filemgmt 56-199] Attempt to get parsing info during refresh. "On-the-fly" syntax checking information may be incorrect. [C:\Users\flavi\Desktop\Perceptron_network\MLP\MLP.srcs\sources_1\new\WEIGHTS.vhd:]
WARNING: [filemgmt 56-199] Attempt to get parsing info during refresh. "On-the-fly" syntax checking information may be incorrect. [C:\Users\flavi\Desktop\Perceptron_network\MLP\MLP.srcs\sources_1\new\Layer.vhd:]
WARNING: [filemgmt 56-199] Attempt to get parsing info during refresh. "On-the-fly" syntax checking information may be incorrect. [C:\Users\flavi\Desktop\Perceptron_network\MLP\MLP.srcs\sources_1\new\Perceptron.vhd:]
WARNING: [filemgmt 56-199] Attempt to get parsing info during refresh. "On-the-fly" syntax checking information may be incorrect. [C:\Users\flavi\Desktop\Perceptron_network\MLP\MLP.srcs\sim_1\new\simulation_Layer.vhd:]
WARNING: [filemgmt 56-199] Attempt to get parsing info during refresh. "On-the-fly" syntax checking information may be incorrect. [C:\Users\flavi\Desktop\Perceptron_network\MLP\MLP.srcs\sources_1\new\Perceptron_BRAM.vhd:]
WARNING: [filemgmt 56-199] Attempt to get parsing info during refresh. "On-the-fly" syntax checking information may be incorrect. [C:\Users\flavi\Desktop\Perceptron_network\MLP\MLP.srcs\sources_1\new\Layer.vhd:]
WARNING: [filemgmt 56-199] Attempt to get parsing info during refresh. "On-the-fly" syntax checking information may be incorrect. [C:\Users\flavi\Desktop\Perceptron_network\MLP\MLP.srcs\sources_1\new\Layer.vhd:]
WARNING: [filemgmt 56-199] Attempt to get parsing info during refresh. "On-the-fly" syntax checking information may be incorrect. [C:\Users\flavi\Desktop\Perceptron_network\MLP\MLP.srcs\sources_1\new\WEIGHTS.vhd:]
WARNING: [filemgmt 56-199] Attempt to get parsing info during refresh. "On-the-fly" syntax checking information may be incorrect. [C:\Users\flavi\Desktop\Perceptron_network\MLP\MLP.srcs\sources_1\new\Layer.vhd:]
WARNING: [filemgmt 56-199] Attempt to get parsing info during refresh. "On-the-fly" syntax checking information may be incorrect. [C:\Users\flavi\Desktop\Perceptron_network\MLP\MLP.srcs\sources_1\new\Perceptron.vhd:]
WARNING: [filemgmt 56-199] Attempt to get parsing info during refresh. "On-the-fly" syntax checking information may be incorrect. [C:\Users\flavi\Desktop\Perceptron_network\MLP\MLP.srcs\sim_1\new\simulation_Layer.vhd:]
WARNING: [filemgmt 56-199] Attempt to get parsing info during refresh. "On-the-fly" syntax checking information may be incorrect. [C:\Users\flavi\Desktop\Perceptron_network\MLP\MLP.srcs\sources_1\new\Perceptron_BRAM.vhd:]
WARNING: [filemgmt 56-199] Attempt to get parsing info during refresh. "On-the-fly" syntax checking information may be incorrect. [C:\Users\flavi\Desktop\Perceptron_network\MLP\MLP.srcs\sources_1\new\Perceptron_BRAM.vhd:]
WARNING: [filemgmt 56-199] Attempt to get parsing info during refresh. "On-the-fly" syntax checking information may be incorrect. [C:\Users\flavi\Desktop\Perceptron_network\MLP\MLP.srcs\sources_1\new\Perceptron_BRAM.vhd:]
WARNING: [filemgmt 56-199] Attempt to get parsing info during refresh. "On-the-fly" syntax checking information may be incorrect. [C:\Users\flavi\Desktop\Perceptron_network\MLP\MLP.srcs\sources_1\new\WEIGHTS.vhd:]
WARNING: [filemgmt 56-199] Attempt to get parsing info during refresh. "On-the-fly" syntax checking information may be incorrect. [C:\Users\flavi\Desktop\Perceptron_network\MLP\MLP.srcs\sources_1\new\Layer.vhd:]
WARNING: [filemgmt 56-199] Attempt to get parsing info during refresh. "On-the-fly" syntax checking information may be incorrect. [C:\Users\flavi\Desktop\Perceptron_network\MLP\MLP.srcs\sources_1\new\Perceptron.vhd:]
WARNING: [filemgmt 56-199] Attempt to get parsing info during refresh. "On-the-fly" syntax checking information may be incorrect. [C:\Users\flavi\Desktop\Perceptron_network\MLP\MLP.srcs\sim_1\new\simulation_Layer.vhd:]
WARNING: [filemgmt 56-199] Attempt to get parsing info during refresh. "On-the-fly" syntax checking information may be incorrect. [C:\Users\flavi\Desktop\Perceptron_network\MLP\MLP.srcs\sources_1\new\Perceptron_BRAM.vhd:]
WARNING: [filemgmt 56-199] Attempt to get parsing info during refresh. "On-the-fly" syntax checking information may be incorrect. [C:\Users\flavi\Desktop\Perceptron_network\MLP\MLP.srcs\sources_1\new\Perceptron.vhd:]
WARNING: [filemgmt 56-199] Attempt to get parsing info during refresh. "On-the-fly" syntax checking information may be incorrect. [C:\Users\flavi\Desktop\Perceptron_network\MLP\MLP.srcs\sources_1\new\WEIGHTS.vhd:]
WARNING: [filemgmt 56-199] Attempt to get parsing info during refresh. "On-the-fly" syntax checking information may be incorrect. [C:\Users\flavi\Desktop\Perceptron_network\MLP\MLP.srcs\sources_1\new\Layer.vhd:]
WARNING: [filemgmt 56-199] Attempt to get parsing info during refresh. "On-the-fly" syntax checking information may be incorrect. [C:\Users\flavi\Desktop\Perceptron_network\MLP\MLP.srcs\sources_1\new\Perceptron.vhd:]
WARNING: [filemgmt 56-199] Attempt to get parsing info during refresh. "On-the-fly" syntax checking information may be incorrect. [C:\Users\flavi\Desktop\Perceptron_network\MLP\MLP.srcs\sim_1\new\simulation_Layer.vhd:]
WARNING: [filemgmt 56-199] Attempt to get parsing info during refresh. "On-the-fly" syntax checking information may be incorrect. [C:\Users\flavi\Desktop\Perceptron_network\MLP\MLP.srcs\sources_1\new\Perceptron_BRAM.vhd:]
WARNING: [filemgmt 56-199] Attempt to get parsing info during refresh. "On-the-fly" syntax checking information may be incorrect. [C:\Users\flavi\Desktop\Perceptron_network\MLP\MLP.srcs\sources_1\new\Layer.vhd:]
WARNING: [filemgmt 56-199] Attempt to get parsing info during refresh. "On-the-fly" syntax checking information may be incorrect. [C:\Users\flavi\Desktop\Perceptron_network\MLP\MLP.srcs\sources_1\new\Layer.vhd:]
WARNING: [filemgmt 56-199] Attempt to get parsing info during refresh. "On-the-fly" syntax checking information may be incorrect. [C:\Users\flavi\Desktop\Perceptron_network\MLP\MLP.srcs\sources_1\new\WEIGHTS.vhd:]
WARNING: [filemgmt 56-199] Attempt to get parsing info during refresh. "On-the-fly" syntax checking information may be incorrect. [C:\Users\flavi\Desktop\Perceptron_network\MLP\MLP.srcs\sources_1\new\Layer.vhd:]
WARNING: [filemgmt 56-199] Attempt to get parsing info during refresh. "On-the-fly" syntax checking information may be incorrect. [C:\Users\flavi\Desktop\Perceptron_network\MLP\MLP.srcs\sources_1\new\Perceptron.vhd:]
WARNING: [filemgmt 56-199] Attempt to get parsing info during refresh. "On-the-fly" syntax checking information may be incorrect. [C:\Users\flavi\Desktop\Perceptron_network\MLP\MLP.srcs\sim_1\new\simulation_Layer.vhd:]
WARNING: [filemgmt 56-199] Attempt to get parsing info during refresh. "On-the-fly" syntax checking information may be incorrect. [C:\Users\flavi\Desktop\Perceptron_network\MLP\MLP.srcs\sources_1\new\Perceptron_BRAM.vhd:]
WARNING: [filemgmt 56-199] Attempt to get parsing info during refresh. "On-the-fly" syntax checking information may be incorrect. [C:\Users\flavi\Desktop\Perceptron_network\MLP\MLP.srcs\sources_1\new\Perceptron.vhd:]
WARNING: [filemgmt 56-199] Attempt to get parsing info during refresh. "On-the-fly" syntax checking information may be incorrect. [C:\Users\flavi\Desktop\Perceptron_network\MLP\MLP.srcs\sources_1\new\Perceptron.vhd:]
ERROR: [Common 17-180] Spawn failed: The operation completed successfully.

WARNING: [filemgmt 56-199] Attempt to get parsing info during refresh. "On-the-fly" syntax checking information may be incorrect. [C:\Users\flavi\Desktop\Perceptron_network\MLP\MLP.srcs\sources_1\new\WEIGHTS.vhd:]
WARNING: [filemgmt 56-199] Attempt to get parsing info during refresh. "On-the-fly" syntax checking information may be incorrect. [C:\Users\flavi\Desktop\Perceptron_network\MLP\MLP.srcs\sources_1\new\Layer.vhd:]
WARNING: [filemgmt 56-199] Attempt to get parsing info during refresh. "On-the-fly" syntax checking information may be incorrect. [C:\Users\flavi\Desktop\Perceptron_network\MLP\MLP.srcs\sources_1\new\Perceptron.vhd:]
WARNING: [filemgmt 56-199] Attempt to get parsing info during refresh. "On-the-fly" syntax checking information may be incorrect. [C:\Users\flavi\Desktop\Perceptron_network\MLP\MLP.srcs\sim_1\new\simulation_Layer.vhd:]
WARNING: [filemgmt 56-199] Attempt to get parsing info during refresh. "On-the-fly" syntax checking information may be incorrect. [C:\Users\flavi\Desktop\Perceptron_network\MLP\MLP.srcs\sources_1\new\Perceptron_BRAM.vhd:]
WARNING: [filemgmt 56-199] Attempt to get parsing info during refresh. "On-the-fly" syntax checking information may be incorrect. [C:\Users\flavi\Desktop\Perceptron_network\MLP\MLP.srcs\sim_1\new\simulation_Layer.vhd:]
WARNING: [filemgmt 56-199] Attempt to get parsing info during refresh. "On-the-fly" syntax checking information may be incorrect. [C:\Users\flavi\Desktop\Perceptron_network\MLP\MLP.srcs\sim_1\new\simulation_Layer.vhd:]
WARNING: [filemgmt 56-199] Attempt to get parsing info during refresh. "On-the-fly" syntax checking information may be incorrect. [C:\Users\flavi\Desktop\Perceptron_network\MLP\MLP.srcs\sources_1\new\WEIGHTS.vhd:]
WARNING: [filemgmt 56-199] Attempt to get parsing info during refresh. "On-the-fly" syntax checking information may be incorrect. [C:\Users\flavi\Desktop\Perceptron_network\MLP\MLP.srcs\sources_1\new\Layer.vhd:]
WARNING: [filemgmt 56-199] Attempt to get parsing info during refresh. "On-the-fly" syntax checking information may be incorrect. [C:\Users\flavi\Desktop\Perceptron_network\MLP\MLP.srcs\sources_1\new\Perceptron.vhd:]
WARNING: [filemgmt 56-199] Attempt to get parsing info during refresh. "On-the-fly" syntax checking information may be incorrect. [C:\Users\flavi\Desktop\Perceptron_network\MLP\MLP.srcs\sim_1\new\simulation_Layer.vhd:]
WARNING: [filemgmt 56-199] Attempt to get parsing info during refresh. "On-the-fly" syntax checking information may be incorrect. [C:\Users\flavi\Desktop\Perceptron_network\MLP\MLP.srcs\sources_1\new\Perceptron_BRAM.vhd:]
WARNING: [filemgmt 56-199] Attempt to get parsing info during refresh. "On-the-fly" syntax checking information may be incorrect. [C:\Users\flavi\Desktop\Perceptron_network\MLP\MLP.srcs\sources_1\new\Perceptron_BRAM.vhd:]
WARNING: [filemgmt 56-199] Attempt to get parsing info during refresh. "On-the-fly" syntax checking information may be incorrect. [C:\Users\flavi\Desktop\Perceptron_network\MLP\MLP.srcs\sources_1\new\Perceptron_BRAM.vhd:]
ERROR: [Common 17-180] Spawn failed: The operation completed successfully.

WARNING: [filemgmt 56-199] Attempt to get parsing info during refresh. "On-the-fly" syntax checking information may be incorrect. [C:\Users\flavi\Desktop\Perceptron_network\MLP\MLP.srcs\sources_1\new\WEIGHTS.vhd:]
WARNING: [filemgmt 56-199] Attempt to get parsing info during refresh. "On-the-fly" syntax checking information may be incorrect. [C:\Users\flavi\Desktop\Perceptron_network\MLP\MLP.srcs\sources_1\new\Layer.vhd:]
WARNING: [filemgmt 56-199] Attempt to get parsing info during refresh. "On-the-fly" syntax checking information may be incorrect. [C:\Users\flavi\Desktop\Perceptron_network\MLP\MLP.srcs\sources_1\new\Perceptron.vhd:]
WARNING: [filemgmt 56-199] Attempt to get parsing info during refresh. "On-the-fly" syntax checking information may be incorrect. [C:\Users\flavi\Desktop\Perceptron_network\MLP\MLP.srcs\sim_1\new\simulation_Layer.vhd:]
WARNING: [filemgmt 56-199] Attempt to get parsing info during refresh. "On-the-fly" syntax checking information may be incorrect. [C:\Users\flavi\Desktop\Perceptron_network\MLP\MLP.srcs\sources_1\new\Perceptron_BRAM.vhd:]
WARNING: [filemgmt 56-199] Attempt to get parsing info during refresh. "On-the-fly" syntax checking information may be incorrect. [C:\Users\flavi\Desktop\Perceptron_network\MLP\MLP.srcs\sources_1\new\Layer.vhd:]
WARNING: [filemgmt 56-199] Attempt to get parsing info during refresh. "On-the-fly" syntax checking information may be incorrect. [C:\Users\flavi\Desktop\Perceptron_network\MLP\MLP.srcs\sources_1\new\Layer.vhd:]
WARNING: [filemgmt 56-199] Attempt to get parsing info during refresh. "On-the-fly" syntax checking information may be incorrect. [C:\Users\flavi\Desktop\Perceptron_network\MLP\MLP.srcs\sources_1\new\WEIGHTS.vhd:]
WARNING: [filemgmt 56-199] Attempt to get parsing info during refresh. "On-the-fly" syntax checking information may be incorrect. [C:\Users\flavi\Desktop\Perceptron_network\MLP\MLP.srcs\sources_1\new\Layer.vhd:]
WARNING: [filemgmt 56-199] Attempt to get parsing info during refresh. "On-the-fly" syntax checking information may be incorrect. [C:\Users\flavi\Desktop\Perceptron_network\MLP\MLP.srcs\sources_1\new\Perceptron.vhd:]
WARNING: [filemgmt 56-199] Attempt to get parsing info during refresh. "On-the-fly" syntax checking information may be incorrect. [C:\Users\flavi\Desktop\Perceptron_network\MLP\MLP.srcs\sim_1\new\simulation_Layer.vhd:]
WARNING: [filemgmt 56-199] Attempt to get parsing info during refresh. "On-the-fly" syntax checking information may be incorrect. [C:\Users\flavi\Desktop\Perceptron_network\MLP\MLP.srcs\sources_1\new\Perceptron_BRAM.vhd:]
WARNING: [filemgmt 56-199] Attempt to get parsing info during refresh. "On-the-fly" syntax checking information may be incorrect. [C:\Users\flavi\Desktop\Perceptron_network\MLP\MLP.srcs\sources_1\new\WEIGHTS.vhd:]
WARNING: [filemgmt 56-199] Attempt to get parsing info during refresh. "On-the-fly" syntax checking information may be incorrect. [C:\Users\flavi\Desktop\Perceptron_network\MLP\MLP.srcs\sources_1\new\WEIGHTS.vhd:]
ERROR: [Common 17-180] Spawn failed: The operation completed successfully.

WARNING: [filemgmt 56-199] Attempt to get parsing info during refresh. "On-the-fly" syntax checking information may be incorrect. [C:\Users\flavi\Desktop\Perceptron_network\MLP\MLP.srcs\sources_1\new\WEIGHTS.vhd:]
WARNING: [filemgmt 56-199] Attempt to get parsing info during refresh. "On-the-fly" syntax checking information may be incorrect. [C:\Users\flavi\Desktop\Perceptron_network\MLP\MLP.srcs\sources_1\new\Layer.vhd:]
WARNING: [filemgmt 56-199] Attempt to get parsing info during refresh. "On-the-fly" syntax checking information may be incorrect. [C:\Users\flavi\Desktop\Perceptron_network\MLP\MLP.srcs\sources_1\new\Perceptron.vhd:]
WARNING: [filemgmt 56-199] Attempt to get parsing info during refresh. "On-the-fly" syntax checking information may be incorrect. [C:\Users\flavi\Desktop\Perceptron_network\MLP\MLP.srcs\sim_1\new\simulation_Layer.vhd:]
WARNING: [filemgmt 56-199] Attempt to get parsing info during refresh. "On-the-fly" syntax checking information may be incorrect. [C:\Users\flavi\Desktop\Perceptron_network\MLP\MLP.srcs\sources_1\new\Perceptron_BRAM.vhd:]
WARNING: [filemgmt 56-199] Attempt to get parsing info during refresh. "On-the-fly" syntax checking information may be incorrect. [C:\Users\flavi\Desktop\Perceptron_network\MLP\MLP.srcs\sources_1\new\Perceptron.vhd:]
WARNING: [filemgmt 56-199] Attempt to get parsing info during refresh. "On-the-fly" syntax checking information may be incorrect. [C:\Users\flavi\Desktop\Perceptron_network\MLP\MLP.srcs\sources_1\new\Perceptron.vhd:]
WARNING: [filemgmt 56-199] Attempt to get parsing info during refresh. "On-the-fly" syntax checking information may be incorrect. [C:\Users\flavi\Desktop\Perceptron_network\MLP\MLP.srcs\sources_1\new\WEIGHTS.vhd:]
WARNING: [filemgmt 56-199] Attempt to get parsing info during refresh. "On-the-fly" syntax checking information may be incorrect. [C:\Users\flavi\Desktop\Perceptron_network\MLP\MLP.srcs\sources_1\new\Layer.vhd:]
WARNING: [filemgmt 56-199] Attempt to get parsing info during refresh. "On-the-fly" syntax checking information may be incorrect. [C:\Users\flavi\Desktop\Perceptron_network\MLP\MLP.srcs\sources_1\new\Perceptron.vhd:]
WARNING: [filemgmt 56-199] Attempt to get parsing info during refresh. "On-the-fly" syntax checking information may be incorrect. [C:\Users\flavi\Desktop\Perceptron_network\MLP\MLP.srcs\sim_1\new\simulation_Layer.vhd:]
WARNING: [filemgmt 56-199] Attempt to get parsing info during refresh. "On-the-fly" syntax checking information may be incorrect. [C:\Users\flavi\Desktop\Perceptron_network\MLP\MLP.srcs\sources_1\new\Perceptron_BRAM.vhd:]
WARNING: [filemgmt 56-199] Attempt to get parsing info during refresh. "On-the-fly" syntax checking information may be incorrect. [C:\Users\flavi\Desktop\Perceptron_network\MLP\MLP.srcs\sources_1\new\Perceptron.vhd:]
WARNING: [filemgmt 56-199] Attempt to get parsing info during refresh. "On-the-fly" syntax checking information may be incorrect. [C:\Users\flavi\Desktop\Perceptron_network\MLP\MLP.srcs\sources_1\new\Perceptron.vhd:]
ERROR: [Common 17-180] Spawn failed: The operation completed successfully.

WARNING: [filemgmt 56-199] Attempt to get parsing info during refresh. "On-the-fly" syntax checking information may be incorrect. [C:\Users\flavi\Desktop\Perceptron_network\MLP\MLP.srcs\sources_1\new\WEIGHTS.vhd:]
WARNING: [filemgmt 56-199] Attempt to get parsing info during refresh. "On-the-fly" syntax checking information may be incorrect. [C:\Users\flavi\Desktop\Perceptron_network\MLP\MLP.srcs\sources_1\new\Layer.vhd:]
WARNING: [filemgmt 56-199] Attempt to get parsing info during refresh. "On-the-fly" syntax checking information may be incorrect. [C:\Users\flavi\Desktop\Perceptron_network\MLP\MLP.srcs\sources_1\new\Perceptron.vhd:]
WARNING: [filemgmt 56-199] Attempt to get parsing info during refresh. "On-the-fly" syntax checking information may be incorrect. [C:\Users\flavi\Desktop\Perceptron_network\MLP\MLP.srcs\sim_1\new\simulation_Layer.vhd:]
WARNING: [filemgmt 56-199] Attempt to get parsing info during refresh. "On-the-fly" syntax checking information may be incorrect. [C:\Users\flavi\Desktop\Perceptron_network\MLP\MLP.srcs\sources_1\new\Perceptron_BRAM.vhd:]
WARNING: [filemgmt 56-199] Attempt to get parsing info during refresh. "On-the-fly" syntax checking information may be incorrect. [C:\Users\flavi\Desktop\Perceptron_network\MLP\MLP.srcs\sources_1\new\Layer.vhd:]
WARNING: [filemgmt 56-199] Attempt to get parsing info during refresh. "On-the-fly" syntax checking information may be incorrect. [C:\Users\flavi\Desktop\Perceptron_network\MLP\MLP.srcs\sources_1\new\Layer.vhd:]
WARNING: [filemgmt 56-199] Attempt to get parsing info during refresh. "On-the-fly" syntax checking information may be incorrect. [C:\Users\flavi\Desktop\Perceptron_network\MLP\MLP.srcs\sources_1\new\WEIGHTS.vhd:]
WARNING: [filemgmt 56-199] Attempt to get parsing info during refresh. "On-the-fly" syntax checking information may be incorrect. [C:\Users\flavi\Desktop\Perceptron_network\MLP\MLP.srcs\sources_1\new\Layer.vhd:]
WARNING: [filemgmt 56-199] Attempt to get parsing info during refresh. "On-the-fly" syntax checking information may be incorrect. [C:\Users\flavi\Desktop\Perceptron_network\MLP\MLP.srcs\sources_1\new\Perceptron.vhd:]
WARNING: [filemgmt 56-199] Attempt to get parsing info during refresh. "On-the-fly" syntax checking information may be incorrect. [C:\Users\flavi\Desktop\Perceptron_network\MLP\MLP.srcs\sim_1\new\simulation_Layer.vhd:]
WARNING: [filemgmt 56-199] Attempt to get parsing info during refresh. "On-the-fly" syntax checking information may be incorrect. [C:\Users\flavi\Desktop\Perceptron_network\MLP\MLP.srcs\sources_1\new\Perceptron_BRAM.vhd:]
WARNING: [filemgmt 56-199] Attempt to get parsing info during refresh. "On-the-fly" syntax checking information may be incorrect. [C:\Users\flavi\Desktop\Perceptron_network\MLP\MLP.srcs\sources_1\new\Perceptron_BRAM.vhd:]
WARNING: [filemgmt 56-199] Attempt to get parsing info during refresh. "On-the-fly" syntax checking information may be incorrect. [C:\Users\flavi\Desktop\Perceptron_network\MLP\MLP.srcs\sources_1\new\Perceptron_BRAM.vhd:]
ERROR: [Common 17-180] Spawn failed: The operation completed successfully.

launch_simulation
Command: launch_simulation 
INFO: [Vivado 12-25911] Executing simulation for 'XSim' simulator
INFO: [Vivado 12-28535] Process started - Thu Jan 29 17:22:41 2026

INFO: [Vivado 12-12493] Simulation top is 'simulation_Layer'
INFO: [Vivado 12-5682] Launching behavioral simulation in 'C:/Users/flavi/Desktop/Perceptron_network/MLP/MLP.sim/sim_1/behav/xsim'
INFO: [SIM-utils-51] Simulation object is 'sim_1'
INFO: [SIM-utils-72] Using boost library from 'C:/Program/2025.2/Vivado/tps/boost_1_72_0'
INFO: [SIM-utils-54] Inspecting design source files for 'simulation_Layer' in fileset 'sim_1'...
INFO: [USF-XSim-97] Finding global include files...
INFO: [USF-XSim-100] Fetching design files from 'sources_1'...(this may take a while)...
INFO: [USF-XSim-101] Fetching design files from 'sim_1'...
INFO: [USF-XSim-2] XSim::Compile design
INFO: [USF-XSim-61] Executing 'COMPILE and ANALYZE' step in 'C:/Users/flavi/Desktop/Perceptron_network/MLP/MLP.sim/sim_1/behav/xsim'
"xvhdl --incr --relax -prj simulation_Layer_vhdl.prj"
INFO: [VRFC 10-163] Analyzing VHDL file "C:/Users/flavi/Desktop/Perceptron_network/MLP/MLP.srcs/sim_1/new/simulation_Layer.vhd" into library xil_defaultlib
INFO: [VRFC 10-3107] analyzing entity 'simulation_Layer'
INFO: [USF-XSim-69] 'compile' step finished in '1' seconds
INFO: [USF-XSim-3] XSim::Elaborate design
INFO: [USF-XSim-61] Executing 'ELABORATE' step in 'C:/Users/flavi/Desktop/Perceptron_network/MLP/MLP.sim/sim_1/behav/xsim'
"xelab --incr --debug typical --relax --mt 2 -L xil_defaultlib -L secureip --snapshot simulation_Layer_behav xil_defaultlib.simulation_Layer -log elaborate.log"
Vivado Simulator v2025.2
Copyright 1986-2022 Xilinx, Inc. All Rights Reserved.
Copyright 2022-2025 Advanced Micro Devices, Inc. All Rights Reserved.
Running: C:/Program/2025.2/Vivado/bin/unwrapped/win64.o/xelab.exe --incr --debug typical --relax --mt 2 -L xil_defaultlib -L secureip --snapshot simulation_Layer_behav xil_defaultlib.simulation_Layer -log elaborate.log 
Using 2 slave threads.
Starting static elaboration
Completed static elaboration
Starting simulation data flow analysis
Completed simulation data flow analysis
Time Resolution for simulation is 1ps
Compiling package std.standard
Compiling package std.textio
Compiling package ieee.std_logic_1164
Compiling package ieee.std_logic_arith
Compiling package ieee.std_logic_unsigned
Compiling package ieee.numeric_std
Compiling architecture behavioral of entity xil_defaultlib.Perceptron_BRAM [perceptron_bram_default]
Compiling architecture rtl of entity xil_defaultlib.WEIGHTS [weights_default]
Compiling architecture behavioral of entity xil_defaultlib.Layer [layer_default]
Compiling architecture bench of entity xil_defaultlib.simulation_layer
Built simulation snapshot simulation_Layer_behav
INFO: [USF-XSim-69] 'elaborate' step finished in '2' seconds
INFO: [USF-XSim-4] XSim::Simulate design
INFO: [USF-XSim-61] Executing 'SIMULATE' step in 'C:/Users/flavi/Desktop/Perceptron_network/MLP/MLP.sim/sim_1/behav/xsim'
INFO: [USF-XSim-98] *** Running xsim
   with args "simulation_Layer_behav -key {Behavioral:sim_1:Functional:simulation_Layer} -tclbatch {simulation_Layer.tcl} -view {C:/Users/flavi/Desktop/Perceptron_network/MLP/simulation_Perceptron_CONFIG.wcfg} -log {simulate.log}"
INFO: [USF-XSim-8] Loading simulator feature
Time resolution is 1 ps
open_wave_config C:/Users/flavi/Desktop/Perceptron_network/MLP/simulation_Perceptron_CONFIG.wcfg
source simulation_Layer.tcl
# set curr_wave [current_wave_config]
# if { [string length $curr_wave] == 0 } {
#   if { [llength [get_objects]] > 0} {
#     add_wave /
#     set_property needs_save false [current_wave_config]
#   } else {
#      send_msg_id Add_Wave-1 WARNING "No top level signals found. Simulator will start without a wave window. If you want to open a wave window go to 'File->New Waveform Configuration' or type 'create_wave_config' in the TCL console."
#   }
# }
# run 1000ns
INFO: [USF-XSim-96] XSim completed. Design snapshot 'simulation_Layer_behav' loaded.
INFO: [USF-XSim-97] XSim simulation ran for 1000ns
launch_simulation: Time (s): cpu = 00:00:02 ; elapsed = 00:00:06 . Memory (MB): peak = 3424.109 ; gain = 0.000
run all
run: Time (s): cpu = 00:00:26 ; elapsed = 00:00:38 . Memory (MB): peak = 3424.109 ; gain = 0.000
run 15 us
WARNING: [filemgmt 56-199] Attempt to get parsing info during refresh. "On-the-fly" syntax checking information may be incorrect. [C:\Users\flavi\Desktop\Perceptron_network\MLP\MLP.srcs\sources_1\new\Layer.vhd:]
WARNING: [filemgmt 56-199] Attempt to get parsing info during refresh. "On-the-fly" syntax checking information may be incorrect. [C:\Users\flavi\Desktop\Perceptron_network\MLP\MLP.srcs\sources_1\new\Perceptron.vhd:]
WARNING: [filemgmt 56-199] Attempt to get parsing info during refresh. "On-the-fly" syntax checking information may be incorrect. [C:\Users\flavi\Desktop\Perceptron_network\MLP\MLP.srcs\sim_1\new\simulation_Layer.vhd:]
WARNING: [filemgmt 56-199] Attempt to get parsing info during refresh. "On-the-fly" syntax checking information may be incorrect. [C:\Users\flavi\Desktop\Perceptron_network\MLP\MLP.srcs\sources_1\new\Perceptron_BRAM.vhd:]
WARNING: [filemgmt 56-199] Attempt to get parsing info during refresh. "On-the-fly" syntax checking information may be incorrect. [C:\Users\flavi\Desktop\Perceptron_network\MLP\MLP.srcs\sources_1\new\Layer.vhd:]
WARNING: [filemgmt 56-199] Attempt to get parsing info during refresh. "On-the-fly" syntax checking information may be incorrect. [C:\Users\flavi\Desktop\Perceptron_network\MLP\MLP.srcs\sources_1\new\Layer.vhd:]
WARNING: [filemgmt 56-199] Attempt to get parsing info during refresh. "On-the-fly" syntax checking information may be incorrect. [C:\Users\flavi\Desktop\Perceptron_network\MLP\MLP.srcs\sources_1\new\Layer.vhd:]
WARNING: [filemgmt 56-199] Attempt to get parsing info during refresh. "On-the-fly" syntax checking information may be incorrect. [C:\Users\flavi\Desktop\Perceptron_network\MLP\MLP.srcs\sources_1\new\Perceptron.vhd:]
WARNING: [filemgmt 56-199] Attempt to get parsing info during refresh. "On-the-fly" syntax checking information may be incorrect. [C:\Users\flavi\Desktop\Perceptron_network\MLP\MLP.srcs\sim_1\new\simulation_Layer.vhd:]
WARNING: [filemgmt 56-199] Attempt to get parsing info during refresh. "On-the-fly" syntax checking information may be incorrect. [C:\Users\flavi\Desktop\Perceptron_network\MLP\MLP.srcs\sources_1\new\Perceptron_BRAM.vhd:]
WARNING: [filemgmt 56-199] Attempt to get parsing info during refresh. "On-the-fly" syntax checking information may be incorrect. [C:\Users\flavi\Desktop\Perceptron_network\MLP\MLP.srcs\sim_1\new\simulation_Layer.vhd:]
WARNING: [filemgmt 56-199] Attempt to get parsing info during refresh. "On-the-fly" syntax checking information may be incorrect. [C:\Users\flavi\Desktop\Perceptron_network\MLP\MLP.srcs\sim_1\new\simulation_Layer.vhd:]
WARNING: [filemgmt 56-199] Attempt to get parsing info during refresh. "On-the-fly" syntax checking information may be incorrect. [C:\Users\flavi\Desktop\Perceptron_network\MLP\MLP.srcs\sources_1\new\Layer.vhd:]
WARNING: [filemgmt 56-199] Attempt to get parsing info during refresh. "On-the-fly" syntax checking information may be incorrect. [C:\Users\flavi\Desktop\Perceptron_network\MLP\MLP.srcs\sources_1\new\Perceptron.vhd:]
WARNING: [filemgmt 56-199] Attempt to get parsing info during refresh. "On-the-fly" syntax checking information may be incorrect. [C:\Users\flavi\Desktop\Perceptron_network\MLP\MLP.srcs\sim_1\new\simulation_Layer.vhd:]
WARNING: [filemgmt 56-199] Attempt to get parsing info during refresh. "On-the-fly" syntax checking information may be incorrect. [C:\Users\flavi\Desktop\Perceptron_network\MLP\MLP.srcs\sources_1\new\Perceptron_BRAM.vhd:]
WARNING: [filemgmt 56-199] Attempt to get parsing info during refresh. "On-the-fly" syntax checking information may be incorrect. [C:\Users\flavi\Desktop\Perceptron_network\MLP\MLP.srcs\sources_1\new\Perceptron.vhd:]
WARNING: [filemgmt 56-199] Attempt to get parsing info during refresh. "On-the-fly" syntax checking information may be incorrect. [C:\Users\flavi\Desktop\Perceptron_network\MLP\MLP.srcs\sources_1\new\Perceptron.vhd:]
ERROR: [Common 17-180] Spawn failed: The operation completed successfully.

WARNING: [filemgmt 56-199] Attempt to get parsing info during refresh. "On-the-fly" syntax checking information may be incorrect. [C:\Users\flavi\Desktop\Perceptron_network\MLP\MLP.srcs\sources_1\new\Layer.vhd:]
WARNING: [filemgmt 56-199] Attempt to get parsing info during refresh. "On-the-fly" syntax checking information may be incorrect. [C:\Users\flavi\Desktop\Perceptron_network\MLP\MLP.srcs\sources_1\new\Perceptron.vhd:]
WARNING: [filemgmt 56-199] Attempt to get parsing info during refresh. "On-the-fly" syntax checking information may be incorrect. [C:\Users\flavi\Desktop\Perceptron_network\MLP\MLP.srcs\sim_1\new\simulation_Layer.vhd:]
WARNING: [filemgmt 56-199] Attempt to get parsing info during refresh. "On-the-fly" syntax checking information may be incorrect. [C:\Users\flavi\Desktop\Perceptron_network\MLP\MLP.srcs\sources_1\new\Perceptron_BRAM.vhd:]
WARNING: [filemgmt 56-199] Attempt to get parsing info during refresh. "On-the-fly" syntax checking information may be incorrect. [C:\Users\flavi\Desktop\Perceptron_network\MLP\MLP.srcs\sources_1\new\Layer.vhd:]
WARNING: [filemgmt 56-199] Attempt to get parsing info during refresh. "On-the-fly" syntax checking information may be incorrect. [C:\Users\flavi\Desktop\Perceptron_network\MLP\MLP.srcs\sources_1\new\Layer.vhd:]
reset_run synth_1
INFO: [Project 1-1161] Replacing file C:/Users/flavi/Desktop/Perceptron_network/MLP/MLP.srcs/utils_1/imports/synth_1/Perceptron.dcp with file C:/Users/flavi/Desktop/Perceptron_network/MLP/MLP.runs/synth_1/Perceptron.dcp
WARNING: [Vivado 12-1017] Problems encountered:
1. Failed to delete one or more files in run directory C:/Users/flavi/Desktop/Perceptron_network/MLP/MLP.runs/synth_1

close_sim
INFO: xsimkernel Simulation Memory Usage: 20220 KB (Peak: 20220 KB), Simulation CPU Usage: 37842 ms
INFO: [Simtcl 6-16] Simulation closed
launch_simulation
Command: launch_simulation 
INFO: [Vivado 12-25911] Executing simulation for 'XSim' simulator
INFO: [Vivado 12-28535] Process started - Thu Jan 29 17:26:20 2026

INFO: [Vivado 12-12493] Simulation top is 'simulation_Layer'
INFO: [Vivado 12-5682] Launching behavioral simulation in 'C:/Users/flavi/Desktop/Perceptron_network/MLP/MLP.sim/sim_1/behav/xsim'
INFO: [SIM-utils-51] Simulation object is 'sim_1'
INFO: [SIM-utils-72] Using boost library from 'C:/Program/2025.2/Vivado/tps/boost_1_72_0'
INFO: [SIM-utils-54] Inspecting design source files for 'simulation_Layer' in fileset 'sim_1'...
INFO: [USF-XSim-97] Finding global include files...
INFO: [USF-XSim-100] Fetching design files from 'sources_1'...(this may take a while)...
INFO: [USF-XSim-101] Fetching design files from 'sim_1'...
INFO: [USF-XSim-2] XSim::Compile design
INFO: [USF-XSim-61] Executing 'COMPILE and ANALYZE' step in 'C:/Users/flavi/Desktop/Perceptron_network/MLP/MLP.sim/sim_1/behav/xsim'
"xvhdl --incr --relax -prj simulation_Layer_vhdl.prj"
INFO: [VRFC 10-163] Analyzing VHDL file "C:/Users/flavi/Desktop/Perceptron_network/MLP/MLP.srcs/sim_1/new/simulation_Layer.vhd" into library xil_defaultlib
INFO: [VRFC 10-3107] analyzing entity 'simulation_Layer'
INFO: [USF-XSim-69] 'compile' step finished in '1' seconds
INFO: [USF-XSim-3] XSim::Elaborate design
INFO: [USF-XSim-61] Executing 'ELABORATE' step in 'C:/Users/flavi/Desktop/Perceptron_network/MLP/MLP.sim/sim_1/behav/xsim'
"xelab --incr --debug typical --relax --mt 2 -L xil_defaultlib -L secureip --snapshot simulation_Layer_behav xil_defaultlib.simulation_Layer -log elaborate.log"
Vivado Simulator v2025.2
Copyright 1986-2022 Xilinx, Inc. All Rights Reserved.
Copyright 2022-2025 Advanced Micro Devices, Inc. All Rights Reserved.
Running: C:/Program/2025.2/Vivado/bin/unwrapped/win64.o/xelab.exe --incr --debug typical --relax --mt 2 -L xil_defaultlib -L secureip --snapshot simulation_Layer_behav xil_defaultlib.simulation_Layer -log elaborate.log 
Using 2 slave threads.
Starting static elaboration
Completed static elaboration
Starting simulation data flow analysis
Completed simulation data flow analysis
Time Resolution for simulation is 1ps
Compiling package std.standard
Compiling package std.textio
Compiling package ieee.std_logic_1164
Compiling package ieee.std_logic_arith
Compiling package ieee.std_logic_unsigned
Compiling package ieee.numeric_std
Compiling architecture behavioral of entity xil_defaultlib.Perceptron_BRAM [perceptron_bram_default]
Compiling architecture rtl of entity xil_defaultlib.WEIGHTS [weights_default]
Compiling architecture behavioral of entity xil_defaultlib.Layer [layer_default]
Compiling architecture bench of entity xil_defaultlib.simulation_layer
Built simulation snapshot simulation_Layer_behav
INFO: [USF-XSim-69] 'elaborate' step finished in '1' seconds
INFO: [USF-XSim-4] XSim::Simulate design
INFO: [USF-XSim-61] Executing 'SIMULATE' step in 'C:/Users/flavi/Desktop/Perceptron_network/MLP/MLP.sim/sim_1/behav/xsim'
INFO: [USF-XSim-98] *** Running xsim
   with args "simulation_Layer_behav -key {Behavioral:sim_1:Functional:simulation_Layer} -tclbatch {simulation_Layer.tcl} -view {C:/Users/flavi/Desktop/Perceptron_network/MLP/simulation_Perceptron_CONFIG.wcfg} -log {simulate.log}"
INFO: [USF-XSim-8] Loading simulator feature
Time resolution is 1 ps
open_wave_config C:/Users/flavi/Desktop/Perceptron_network/MLP/simulation_Perceptron_CONFIG.wcfg
source simulation_Layer.tcl
# set curr_wave [current_wave_config]
# if { [string length $curr_wave] == 0 } {
#   if { [llength [get_objects]] > 0} {
#     add_wave /
#     set_property needs_save false [current_wave_config]
#   } else {
#      send_msg_id Add_Wave-1 WARNING "No top level signals found. Simulator will start without a wave window. If you want to open a wave window go to 'File->New Waveform Configuration' or type 'create_wave_config' in the TCL console."
#   }
# }
# run 1000ns
INFO: [USF-XSim-96] XSim completed. Design snapshot 'simulation_Layer_behav' loaded.
INFO: [USF-XSim-97] XSim simulation ran for 1000ns
WARNING: [filemgmt 56-199] Attempt to get parsing info during refresh. "On-the-fly" syntax checking information may be incorrect. [C:\Users\flavi\Desktop\Perceptron_network\MLP\MLP.srcs\sources_1\new\Layer.vhd:]
WARNING: [filemgmt 56-199] Attempt to get parsing info during refresh. "On-the-fly" syntax checking information may be incorrect. [C:\Users\flavi\Desktop\Perceptron_network\MLP\MLP.srcs\sources_1\new\Perceptron.vhd:]
WARNING: [filemgmt 56-199] Attempt to get parsing info during refresh. "On-the-fly" syntax checking information may be incorrect. [C:\Users\flavi\Desktop\Perceptron_network\MLP\MLP.srcs\sim_1\new\simulation_Layer.vhd:]
WARNING: [filemgmt 56-199] Attempt to get parsing info during refresh. "On-the-fly" syntax checking information may be incorrect. [C:\Users\flavi\Desktop\Perceptron_network\MLP\MLP.srcs\sources_1\new\Perceptron_BRAM.vhd:]
WARNING: [filemgmt 56-199] Attempt to get parsing info during refresh. "On-the-fly" syntax checking information may be incorrect. [C:\Users\flavi\Desktop\Perceptron_network\MLP\MLP.srcs\sources_1\new\Layer.vhd:]
WARNING: [filemgmt 56-199] Attempt to get parsing info during refresh. "On-the-fly" syntax checking information may be incorrect. [C:\Users\flavi\Desktop\Perceptron_network\MLP\MLP.srcs\sources_1\new\Layer.vhd:]
WARNING: [filemgmt 56-199] Attempt to get parsing info during refresh. "On-the-fly" syntax checking information may be incorrect. [C:\Users\flavi\Desktop\Perceptron_network\MLP\MLP.srcs\sources_1\new\Layer.vhd:]
WARNING: [filemgmt 56-199] Attempt to get parsing info during refresh. "On-the-fly" syntax checking information may be incorrect. [C:\Users\flavi\Desktop\Perceptron_network\MLP\MLP.srcs\sources_1\new\Perceptron.vhd:]
WARNING: [filemgmt 56-199] Attempt to get parsing info during refresh. "On-the-fly" syntax checking information may be incorrect. [C:\Users\flavi\Desktop\Perceptron_network\MLP\MLP.srcs\sim_1\new\simulation_Layer.vhd:]
WARNING: [filemgmt 56-199] Attempt to get parsing info during refresh. "On-the-fly" syntax checking information may be incorrect. [C:\Users\flavi\Desktop\Perceptron_network\MLP\MLP.srcs\sources_1\new\Perceptron_BRAM.vhd:]
WARNING: [filemgmt 56-199] Attempt to get parsing info during refresh. "On-the-fly" syntax checking information may be incorrect. [C:\Users\flavi\Desktop\Perceptron_network\MLP\MLP.srcs\sources_1\new\Perceptron.vhd:]
WARNING: [filemgmt 56-199] Attempt to get parsing info during refresh. "On-the-fly" syntax checking information may be incorrect. [C:\Users\flavi\Desktop\Perceptron_network\MLP\MLP.srcs\sources_1\new\Perceptron.vhd:]
close_sim
INFO: [Simtcl 6-16] Simulation closed
launch_simulation
Command: launch_simulation 
INFO: [Vivado 12-25911] Executing simulation for 'XSim' simulator
INFO: [Vivado 12-28535] Process started - Thu Jan 29 17:27:01 2026

INFO: [Vivado 12-12493] Simulation top is 'simulation_Layer'
INFO: [Vivado 12-5682] Launching behavioral simulation in 'C:/Users/flavi/Desktop/Perceptron_network/MLP/MLP.sim/sim_1/behav/xsim'
INFO: [SIM-utils-51] Simulation object is 'sim_1'
INFO: [SIM-utils-72] Using boost library from 'C:/Program/2025.2/Vivado/tps/boost_1_72_0'
INFO: [SIM-utils-54] Inspecting design source files for 'simulation_Layer' in fileset 'sim_1'...
INFO: [USF-XSim-97] Finding global include files...
INFO: [USF-XSim-100] Fetching design files from 'sources_1'...(this may take a while)...
INFO: [USF-XSim-101] Fetching design files from 'sim_1'...
INFO: [USF-XSim-2] XSim::Compile design
INFO: [USF-XSim-61] Executing 'COMPILE and ANALYZE' step in 'C:/Users/flavi/Desktop/Perceptron_network/MLP/MLP.sim/sim_1/behav/xsim'
"xvhdl --incr --relax -prj simulation_Layer_vhdl.prj"
INFO: [VRFC 10-163] Analyzing VHDL file "C:/Users/flavi/Desktop/Perceptron_network/MLP/MLP.srcs/sim_1/new/simulation_Layer.vhd" into library xil_defaultlib
INFO: [VRFC 10-3107] analyzing entity 'simulation_Layer'
INFO: [USF-XSim-69] 'compile' step finished in '1' seconds
INFO: [USF-XSim-3] XSim::Elaborate design
INFO: [USF-XSim-61] Executing 'ELABORATE' step in 'C:/Users/flavi/Desktop/Perceptron_network/MLP/MLP.sim/sim_1/behav/xsim'
"xelab --incr --debug typical --relax --mt 2 -L xil_defaultlib -L secureip --snapshot simulation_Layer_behav xil_defaultlib.simulation_Layer -log elaborate.log"
Vivado Simulator v2025.2
Copyright 1986-2022 Xilinx, Inc. All Rights Reserved.
Copyright 2022-2025 Advanced Micro Devices, Inc. All Rights Reserved.
Running: C:/Program/2025.2/Vivado/bin/unwrapped/win64.o/xelab.exe --incr --debug typical --relax --mt 2 -L xil_defaultlib -L secureip --snapshot simulation_Layer_behav xil_defaultlib.simulation_Layer -log elaborate.log 
Using 2 slave threads.
Starting static elaboration
Completed static elaboration
Starting simulation data flow analysis
Completed simulation data flow analysis
Time Resolution for simulation is 1ps
Compiling package std.standard
Compiling package std.textio
Compiling package ieee.std_logic_1164
Compiling package ieee.std_logic_arith
Compiling package ieee.std_logic_unsigned
Compiling package ieee.numeric_std
Compiling architecture behavioral of entity xil_defaultlib.Perceptron_BRAM [perceptron_bram_default]
Compiling architecture rtl of entity xil_defaultlib.WEIGHTS [weights_default]
Compiling architecture behavioral of entity xil_defaultlib.Layer [layer_default]
Compiling architecture bench of entity xil_defaultlib.simulation_layer
Built simulation snapshot simulation_Layer_behav
INFO: [USF-XSim-69] 'elaborate' step finished in '1' seconds
INFO: [USF-XSim-4] XSim::Simulate design
INFO: [USF-XSim-61] Executing 'SIMULATE' step in 'C:/Users/flavi/Desktop/Perceptron_network/MLP/MLP.sim/sim_1/behav/xsim'
INFO: [USF-XSim-98] *** Running xsim
   with args "simulation_Layer_behav -key {Behavioral:sim_1:Functional:simulation_Layer} -tclbatch {simulation_Layer.tcl} -view {C:/Users/flavi/Desktop/Perceptron_network/MLP/simulation_Perceptron_CONFIG.wcfg} -log {simulate.log}"
INFO: [USF-XSim-8] Loading simulator feature
Time resolution is 1 ps
open_wave_config C:/Users/flavi/Desktop/Perceptron_network/MLP/simulation_Perceptron_CONFIG.wcfg
source simulation_Layer.tcl
# set curr_wave [current_wave_config]
# if { [string length $curr_wave] == 0 } {
#   if { [llength [get_objects]] > 0} {
#     add_wave /
#     set_property needs_save false [current_wave_config]
#   } else {
#      send_msg_id Add_Wave-1 WARNING "No top level signals found. Simulator will start without a wave window. If you want to open a wave window go to 'File->New Waveform Configuration' or type 'create_wave_config' in the TCL console."
#   }
# }
# run 1000ns
INFO: [USF-XSim-96] XSim completed. Design snapshot 'simulation_Layer_behav' loaded.
INFO: [USF-XSim-97] XSim simulation ran for 1000ns
launch_simulation: Time (s): cpu = 00:00:02 ; elapsed = 00:00:06 . Memory (MB): peak = 3424.109 ; gain = 0.000
WARNING: [filemgmt 56-199] Attempt to get parsing info during refresh. "On-the-fly" syntax checking information may be incorrect. [C:\Users\flavi\Desktop\Perceptron_network\MLP\MLP.srcs\sources_1\new\Layer.vhd:]
WARNING: [filemgmt 56-199] Attempt to get parsing info during refresh. "On-the-fly" syntax checking information may be incorrect. [C:\Users\flavi\Desktop\Perceptron_network\MLP\MLP.srcs\sources_1\new\Perceptron.vhd:]
WARNING: [filemgmt 56-199] Attempt to get parsing info during refresh. "On-the-fly" syntax checking information may be incorrect. [C:\Users\flavi\Desktop\Perceptron_network\MLP\MLP.srcs\sim_1\new\simulation_Layer.vhd:]
WARNING: [filemgmt 56-199] Attempt to get parsing info during refresh. "On-the-fly" syntax checking information may be incorrect. [C:\Users\flavi\Desktop\Perceptron_network\MLP\MLP.srcs\sources_1\new\Perceptron_BRAM.vhd:]
WARNING: [filemgmt 56-199] Attempt to get parsing info during refresh. "On-the-fly" syntax checking information may be incorrect. [C:\Users\flavi\Desktop\Perceptron_network\MLP\MLP.srcs\sources_1\new\Perceptron.vhd:]
WARNING: [filemgmt 56-199] Attempt to get parsing info during refresh. "On-the-fly" syntax checking information may be incorrect. [C:\Users\flavi\Desktop\Perceptron_network\MLP\MLP.srcs\sources_1\new\Perceptron.vhd:]
WARNING: [filemgmt 56-199] Attempt to get parsing info during refresh. "On-the-fly" syntax checking information may be incorrect. [C:\Users\flavi\Desktop\Perceptron_network\MLP\MLP.srcs\sources_1\new\Layer.vhd:]
WARNING: [filemgmt 56-199] Attempt to get parsing info during refresh. "On-the-fly" syntax checking information may be incorrect. [C:\Users\flavi\Desktop\Perceptron_network\MLP\MLP.srcs\sources_1\new\Perceptron.vhd:]
WARNING: [filemgmt 56-199] Attempt to get parsing info during refresh. "On-the-fly" syntax checking information may be incorrect. [C:\Users\flavi\Desktop\Perceptron_network\MLP\MLP.srcs\sim_1\new\simulation_Layer.vhd:]
WARNING: [filemgmt 56-199] Attempt to get parsing info during refresh. "On-the-fly" syntax checking information may be incorrect. [C:\Users\flavi\Desktop\Perceptron_network\MLP\MLP.srcs\sources_1\new\Perceptron_BRAM.vhd:]
WARNING: [filemgmt 56-199] Attempt to get parsing info during refresh. "On-the-fly" syntax checking information may be incorrect. [C:\Users\flavi\Desktop\Perceptron_network\MLP\MLP.srcs\sources_1\new\Layer.vhd:]
WARNING: [filemgmt 56-199] Attempt to get parsing info during refresh. "On-the-fly" syntax checking information may be incorrect. [C:\Users\flavi\Desktop\Perceptron_network\MLP\MLP.srcs\sources_1\new\Layer.vhd:]
WARNING: [filemgmt 56-199] Attempt to get parsing info during refresh. "On-the-fly" syntax checking information may be incorrect. [C:\Users\flavi\Desktop\Perceptron_network\MLP\MLP.srcs\sources_1\new\Layer.vhd:]
WARNING: [filemgmt 56-199] Attempt to get parsing info during refresh. "On-the-fly" syntax checking information may be incorrect. [C:\Users\flavi\Desktop\Perceptron_network\MLP\MLP.srcs\sources_1\new\Perceptron.vhd:]
WARNING: [filemgmt 56-199] Attempt to get parsing info during refresh. "On-the-fly" syntax checking information may be incorrect. [C:\Users\flavi\Desktop\Perceptron_network\MLP\MLP.srcs\sim_1\new\simulation_Layer.vhd:]
WARNING: [filemgmt 56-199] Attempt to get parsing info during refresh. "On-the-fly" syntax checking information may be incorrect. [C:\Users\flavi\Desktop\Perceptron_network\MLP\MLP.srcs\sources_1\new\Perceptron_BRAM.vhd:]
WARNING: [filemgmt 56-199] Attempt to get parsing info during refresh. "On-the-fly" syntax checking information may be incorrect. [C:\Users\flavi\Desktop\Perceptron_network\MLP\MLP.srcs\sources_1\new\Perceptron_BRAM.vhd:]
WARNING: [filemgmt 56-199] Attempt to get parsing info during refresh. "On-the-fly" syntax checking information may be incorrect. [C:\Users\flavi\Desktop\Perceptron_network\MLP\MLP.srcs\sources_1\new\Perceptron_BRAM.vhd:]
close_sim
INFO: [Simtcl 6-16] Simulation closed
launch_simulation
Command: launch_simulation 
INFO: [Vivado 12-25911] Executing simulation for 'XSim' simulator
INFO: [Vivado 12-28535] Process started - Thu Jan 29 17:28:38 2026

INFO: [Vivado 12-12493] Simulation top is 'simulation_Layer'
INFO: [Vivado 12-5682] Launching behavioral simulation in 'C:/Users/flavi/Desktop/Perceptron_network/MLP/MLP.sim/sim_1/behav/xsim'
INFO: [SIM-utils-51] Simulation object is 'sim_1'
INFO: [SIM-utils-72] Using boost library from 'C:/Program/2025.2/Vivado/tps/boost_1_72_0'
INFO: [SIM-utils-54] Inspecting design source files for 'simulation_Layer' in fileset 'sim_1'...
INFO: [USF-XSim-97] Finding global include files...
INFO: [USF-XSim-100] Fetching design files from 'sources_1'...(this may take a while)...
INFO: [USF-XSim-101] Fetching design files from 'sim_1'...
INFO: [USF-XSim-2] XSim::Compile design
INFO: [USF-XSim-61] Executing 'COMPILE and ANALYZE' step in 'C:/Users/flavi/Desktop/Perceptron_network/MLP/MLP.sim/sim_1/behav/xsim'
"xvhdl --incr --relax -prj simulation_Layer_vhdl.prj"
INFO: [VRFC 10-163] Analyzing VHDL file "C:/Users/flavi/Desktop/Perceptron_network/MLP/MLP.srcs/sim_1/new/simulation_Layer.vhd" into library xil_defaultlib
INFO: [VRFC 10-3107] analyzing entity 'simulation_Layer'
INFO: [USF-XSim-69] 'compile' step finished in '1' seconds
INFO: [USF-XSim-3] XSim::Elaborate design
INFO: [USF-XSim-61] Executing 'ELABORATE' step in 'C:/Users/flavi/Desktop/Perceptron_network/MLP/MLP.sim/sim_1/behav/xsim'
"xelab --incr --debug typical --relax --mt 2 -L xil_defaultlib -L secureip --snapshot simulation_Layer_behav xil_defaultlib.simulation_Layer -log elaborate.log"
Vivado Simulator v2025.2
Copyright 1986-2022 Xilinx, Inc. All Rights Reserved.
Copyright 2022-2025 Advanced Micro Devices, Inc. All Rights Reserved.
Running: C:/Program/2025.2/Vivado/bin/unwrapped/win64.o/xelab.exe --incr --debug typical --relax --mt 2 -L xil_defaultlib -L secureip --snapshot simulation_Layer_behav xil_defaultlib.simulation_Layer -log elaborate.log 
Using 2 slave threads.
Starting static elaboration
Completed static elaboration
Starting simulation data flow analysis
Completed simulation data flow analysis
Time Resolution for simulation is 1ps
Compiling package std.standard
Compiling package std.textio
Compiling package ieee.std_logic_1164
Compiling package ieee.std_logic_arith
Compiling package ieee.std_logic_unsigned
Compiling package ieee.numeric_std
Compiling architecture behavioral of entity xil_defaultlib.Perceptron_BRAM [perceptron_bram_default]
Compiling architecture rtl of entity xil_defaultlib.WEIGHTS [weights_default]
Compiling architecture behavioral of entity xil_defaultlib.Layer [layer_default]
Compiling architecture bench of entity xil_defaultlib.simulation_layer
Built simulation snapshot simulation_Layer_behav
INFO: [USF-XSim-69] 'elaborate' step finished in '2' seconds
INFO: [USF-XSim-4] XSim::Simulate design
INFO: [USF-XSim-61] Executing 'SIMULATE' step in 'C:/Users/flavi/Desktop/Perceptron_network/MLP/MLP.sim/sim_1/behav/xsim'
INFO: [USF-XSim-98] *** Running xsim
   with args "simulation_Layer_behav -key {Behavioral:sim_1:Functional:simulation_Layer} -tclbatch {simulation_Layer.tcl} -view {C:/Users/flavi/Desktop/Perceptron_network/MLP/simulation_Perceptron_CONFIG.wcfg} -log {simulate.log}"
INFO: [USF-XSim-8] Loading simulator feature
Time resolution is 1 ps
open_wave_config C:/Users/flavi/Desktop/Perceptron_network/MLP/simulation_Perceptron_CONFIG.wcfg
source simulation_Layer.tcl
# set curr_wave [current_wave_config]
# if { [string length $curr_wave] == 0 } {
#   if { [llength [get_objects]] > 0} {
#     add_wave /
#     set_property needs_save false [current_wave_config]
#   } else {
#      send_msg_id Add_Wave-1 WARNING "No top level signals found. Simulator will start without a wave window. If you want to open a wave window go to 'File->New Waveform Configuration' or type 'create_wave_config' in the TCL console."
#   }
# }
# run 1000ns
INFO: [USF-XSim-96] XSim completed. Design snapshot 'simulation_Layer_behav' loaded.
INFO: [USF-XSim-97] XSim simulation ran for 1000ns
launch_simulation: Time (s): cpu = 00:00:02 ; elapsed = 00:00:06 . Memory (MB): peak = 3424.109 ; gain = 0.000
run 15 us
close_sim
INFO: [Simtcl 6-16] Simulation closed
launch_simulation
Command: launch_simulation 
INFO: [Vivado 12-25911] Executing simulation for 'XSim' simulator
INFO: [Vivado 12-28535] Process started - Thu Jan 29 17:30:28 2026

INFO: [Vivado 12-12493] Simulation top is 'simulation_Layer'
INFO: [Vivado 12-5682] Launching behavioral simulation in 'C:/Users/flavi/Desktop/Perceptron_network/MLP/MLP.sim/sim_1/behav/xsim'
INFO: [SIM-utils-51] Simulation object is 'sim_1'
INFO: [SIM-utils-72] Using boost library from 'C:/Program/2025.2/Vivado/tps/boost_1_72_0'
INFO: [SIM-utils-54] Inspecting design source files for 'simulation_Layer' in fileset 'sim_1'...
INFO: [USF-XSim-97] Finding global include files...
INFO: [USF-XSim-100] Fetching design files from 'sources_1'...(this may take a while)...
INFO: [USF-XSim-101] Fetching design files from 'sim_1'...
INFO: [USF-XSim-2] XSim::Compile design
INFO: [USF-XSim-61] Executing 'COMPILE and ANALYZE' step in 'C:/Users/flavi/Desktop/Perceptron_network/MLP/MLP.sim/sim_1/behav/xsim'
"xvhdl --incr --relax -prj simulation_Layer_vhdl.prj"
INFO: [VRFC 10-163] Analyzing VHDL file "C:/Users/flavi/Desktop/Perceptron_network/MLP/MLP.srcs/sim_1/new/simulation_Layer.vhd" into library xil_defaultlib
INFO: [VRFC 10-3107] analyzing entity 'simulation_Layer'
INFO: [USF-XSim-69] 'compile' step finished in '2' seconds
INFO: [USF-XSim-3] XSim::Elaborate design
INFO: [USF-XSim-61] Executing 'ELABORATE' step in 'C:/Users/flavi/Desktop/Perceptron_network/MLP/MLP.sim/sim_1/behav/xsim'
"xelab --incr --debug typical --relax --mt 2 -L xil_defaultlib -L secureip --snapshot simulation_Layer_behav xil_defaultlib.simulation_Layer -log elaborate.log"
Vivado Simulator v2025.2
Copyright 1986-2022 Xilinx, Inc. All Rights Reserved.
Copyright 2022-2025 Advanced Micro Devices, Inc. All Rights Reserved.
Running: C:/Program/2025.2/Vivado/bin/unwrapped/win64.o/xelab.exe --incr --debug typical --relax --mt 2 -L xil_defaultlib -L secureip --snapshot simulation_Layer_behav xil_defaultlib.simulation_Layer -log elaborate.log 
Using 2 slave threads.
Starting static elaboration
Completed static elaboration
Starting simulation data flow analysis
Completed simulation data flow analysis
Time Resolution for simulation is 1ps
Compiling package std.standard
Compiling package std.textio
Compiling package ieee.std_logic_1164
Compiling package ieee.std_logic_arith
Compiling package ieee.std_logic_unsigned
Compiling package ieee.numeric_std
Compiling architecture behavioral of entity xil_defaultlib.Perceptron_BRAM [perceptron_bram_default]
Compiling architecture rtl of entity xil_defaultlib.WEIGHTS [weights_default]
Compiling architecture behavioral of entity xil_defaultlib.Layer [layer_default]
Compiling architecture bench of entity xil_defaultlib.simulation_layer
Built simulation snapshot simulation_Layer_behav
INFO: [USF-XSim-69] 'elaborate' step finished in '1' seconds
INFO: [USF-XSim-4] XSim::Simulate design
INFO: [USF-XSim-61] Executing 'SIMULATE' step in 'C:/Users/flavi/Desktop/Perceptron_network/MLP/MLP.sim/sim_1/behav/xsim'
INFO: [USF-XSim-98] *** Running xsim
   with args "simulation_Layer_behav -key {Behavioral:sim_1:Functional:simulation_Layer} -tclbatch {simulation_Layer.tcl} -view {C:/Users/flavi/Desktop/Perceptron_network/MLP/simulation_Perceptron_CONFIG.wcfg} -log {simulate.log}"
INFO: [USF-XSim-8] Loading simulator feature
Time resolution is 1 ps
open_wave_config C:/Users/flavi/Desktop/Perceptron_network/MLP/simulation_Perceptron_CONFIG.wcfg
source simulation_Layer.tcl
# set curr_wave [current_wave_config]
# if { [string length $curr_wave] == 0 } {
#   if { [llength [get_objects]] > 0} {
#     add_wave /
#     set_property needs_save false [current_wave_config]
#   } else {
#      send_msg_id Add_Wave-1 WARNING "No top level signals found. Simulator will start without a wave window. If you want to open a wave window go to 'File->New Waveform Configuration' or type 'create_wave_config' in the TCL console."
#   }
# }
# run 1000ns
INFO: [USF-XSim-96] XSim completed. Design snapshot 'simulation_Layer_behav' loaded.
INFO: [USF-XSim-97] XSim simulation ran for 1000ns
launch_simulation: Time (s): cpu = 00:00:02 ; elapsed = 00:00:06 . Memory (MB): peak = 3442.445 ; gain = 0.000
run 15 us
close_sim
INFO: [Simtcl 6-16] Simulation closed
launch_simulation
Command: launch_simulation 
INFO: [Vivado 12-25911] Executing simulation for 'XSim' simulator
INFO: [Vivado 12-28535] Process started - Thu Jan 29 17:43:41 2026

INFO: [Vivado 12-12493] Simulation top is 'simulation_Layer'
INFO: [Vivado 12-5682] Launching behavioral simulation in 'C:/Users/flavi/Desktop/Perceptron_network/MLP/MLP.sim/sim_1/behav/xsim'
INFO: [SIM-utils-51] Simulation object is 'sim_1'
INFO: [SIM-utils-72] Using boost library from 'C:/Program/2025.2/Vivado/tps/boost_1_72_0'
INFO: [SIM-utils-54] Inspecting design source files for 'simulation_Layer' in fileset 'sim_1'...
INFO: [USF-XSim-97] Finding global include files...
INFO: [USF-XSim-100] Fetching design files from 'sources_1'...(this may take a while)...
INFO: [USF-XSim-101] Fetching design files from 'sim_1'...
INFO: [USF-XSim-2] XSim::Compile design
INFO: [USF-XSim-61] Executing 'COMPILE and ANALYZE' step in 'C:/Users/flavi/Desktop/Perceptron_network/MLP/MLP.sim/sim_1/behav/xsim'
"xvhdl --incr --relax -prj simulation_Layer_vhdl.prj"
INFO: [VRFC 10-163] Analyzing VHDL file "C:/Users/flavi/Desktop/Perceptron_network/MLP/MLP.srcs/sim_1/new/simulation_Layer.vhd" into library xil_defaultlib
INFO: [VRFC 10-3107] analyzing entity 'simulation_Layer'
INFO: [USF-XSim-69] 'compile' step finished in '1' seconds
INFO: [USF-XSim-3] XSim::Elaborate design
INFO: [USF-XSim-61] Executing 'ELABORATE' step in 'C:/Users/flavi/Desktop/Perceptron_network/MLP/MLP.sim/sim_1/behav/xsim'
"xelab --incr --debug typical --relax --mt 2 -L xil_defaultlib -L secureip --snapshot simulation_Layer_behav xil_defaultlib.simulation_Layer -log elaborate.log"
Vivado Simulator v2025.2
Copyright 1986-2022 Xilinx, Inc. All Rights Reserved.
Copyright 2022-2025 Advanced Micro Devices, Inc. All Rights Reserved.
Running: C:/Program/2025.2/Vivado/bin/unwrapped/win64.o/xelab.exe --incr --debug typical --relax --mt 2 -L xil_defaultlib -L secureip --snapshot simulation_Layer_behav xil_defaultlib.simulation_Layer -log elaborate.log 
Using 2 slave threads.
Starting static elaboration
Completed static elaboration
Starting simulation data flow analysis
Completed simulation data flow analysis
Time Resolution for simulation is 1ps
Compiling package std.standard
Compiling package std.textio
Compiling package ieee.std_logic_1164
Compiling package ieee.std_logic_arith
Compiling package ieee.std_logic_unsigned
Compiling package ieee.numeric_std
Compiling architecture behavioral of entity xil_defaultlib.Perceptron_BRAM [perceptron_bram_default]
Compiling architecture rtl of entity xil_defaultlib.WEIGHTS [weights_default]
Compiling architecture behavioral of entity xil_defaultlib.Layer [layer_default]
Compiling architecture bench of entity xil_defaultlib.simulation_layer
Built simulation snapshot simulation_Layer_behav
INFO: [USF-XSim-69] 'elaborate' step finished in '1' seconds
INFO: [USF-XSim-4] XSim::Simulate design
INFO: [USF-XSim-61] Executing 'SIMULATE' step in 'C:/Users/flavi/Desktop/Perceptron_network/MLP/MLP.sim/sim_1/behav/xsim'
INFO: [USF-XSim-98] *** Running xsim
   with args "simulation_Layer_behav -key {Behavioral:sim_1:Functional:simulation_Layer} -tclbatch {simulation_Layer.tcl} -view {C:/Users/flavi/Desktop/Perceptron_network/MLP/simulation_Perceptron_CONFIG.wcfg} -log {simulate.log}"
INFO: [USF-XSim-8] Loading simulator feature
Time resolution is 1 ps
open_wave_config C:/Users/flavi/Desktop/Perceptron_network/MLP/simulation_Perceptron_CONFIG.wcfg
source simulation_Layer.tcl
# set curr_wave [current_wave_config]
# if { [string length $curr_wave] == 0 } {
#   if { [llength [get_objects]] > 0} {
#     add_wave /
#     set_property needs_save false [current_wave_config]
#   } else {
#      send_msg_id Add_Wave-1 WARNING "No top level signals found. Simulator will start without a wave window. If you want to open a wave window go to 'File->New Waveform Configuration' or type 'create_wave_config' in the TCL console."
#   }
# }
# run 1000ns
INFO: [USF-XSim-96] XSim completed. Design snapshot 'simulation_Layer_behav' loaded.
INFO: [USF-XSim-97] XSim simulation ran for 1000ns
launch_simulation: Time (s): cpu = 00:00:04 ; elapsed = 00:00:06 . Memory (MB): peak = 3442.891 ; gain = 0.000
run 15 us
run all
close_sim
INFO: [Simtcl 6-16] Simulation closed
WARNING: [filemgmt 56-199] Attempt to get parsing info during refresh. "On-the-fly" syntax checking information may be incorrect. [C:\Users\flavi\Desktop\Perceptron_network\MLP\MLP.srcs\sources_1\new\Layer.vhd:]
WARNING: [filemgmt 56-199] Attempt to get parsing info during refresh. "On-the-fly" syntax checking information may be incorrect. [C:\Users\flavi\Desktop\Perceptron_network\MLP\MLP.srcs\sim_1\new\simulation_Layer.vhd:]
WARNING: [filemgmt 56-199] Attempt to get parsing info during refresh. "On-the-fly" syntax checking information may be incorrect. [C:\Users\flavi\Desktop\Perceptron_network\MLP\MLP.srcs\sources_1\new\Perceptron_BRAM.vhd:]
WARNING: [filemgmt 56-199] Attempt to get parsing info during refresh. "On-the-fly" syntax checking information may be incorrect. [C:\Users\flavi\Desktop\Perceptron_network\MLP\MLP.srcs\sources_1\new\Perceptron_BRAM.vhd:]
WARNING: [filemgmt 56-199] Attempt to get parsing info during refresh. "On-the-fly" syntax checking information may be incorrect. [C:\Users\flavi\Desktop\Perceptron_network\MLP\MLP.srcs\sources_1\new\Perceptron_BRAM.vhd:]
ERROR: [Common 17-180] Spawn failed: The operation completed successfully.

launch_simulation
Command: launch_simulation 
INFO: [Vivado 12-25911] Executing simulation for 'XSim' simulator
INFO: [Vivado 12-28535] Process started - Thu Jan 29 17:46:19 2026

INFO: [Vivado 12-12493] Simulation top is 'simulation_Layer'
INFO: [Vivado 12-5682] Launching behavioral simulation in 'C:/Users/flavi/Desktop/Perceptron_network/MLP/MLP.sim/sim_1/behav/xsim'
INFO: [SIM-utils-51] Simulation object is 'sim_1'
INFO: [SIM-utils-72] Using boost library from 'C:/Program/2025.2/Vivado/tps/boost_1_72_0'
INFO: [SIM-utils-54] Inspecting design source files for 'simulation_Layer' in fileset 'sim_1'...
INFO: [USF-XSim-97] Finding global include files...
INFO: [USF-XSim-100] Fetching design files from 'sources_1'...(this may take a while)...
INFO: [USF-XSim-101] Fetching design files from 'sim_1'...
INFO: [USF-XSim-2] XSim::Compile design
INFO: [USF-XSim-61] Executing 'COMPILE and ANALYZE' step in 'C:/Users/flavi/Desktop/Perceptron_network/MLP/MLP.sim/sim_1/behav/xsim'
"xvhdl --incr --relax -prj simulation_Layer_vhdl.prj"
INFO: [VRFC 10-163] Analyzing VHDL file "C:/Users/flavi/Desktop/Perceptron_network/MLP/MLP.srcs/sim_1/new/simulation_Layer.vhd" into library xil_defaultlib
INFO: [VRFC 10-3107] analyzing entity 'simulation_Layer'
INFO: [USF-XSim-69] 'compile' step finished in '1' seconds
INFO: [USF-XSim-3] XSim::Elaborate design
INFO: [USF-XSim-61] Executing 'ELABORATE' step in 'C:/Users/flavi/Desktop/Perceptron_network/MLP/MLP.sim/sim_1/behav/xsim'
"xelab --incr --debug typical --relax --mt 2 -L xil_defaultlib -L secureip --snapshot simulation_Layer_behav xil_defaultlib.simulation_Layer -log elaborate.log"
Vivado Simulator v2025.2
Copyright 1986-2022 Xilinx, Inc. All Rights Reserved.
Copyright 2022-2025 Advanced Micro Devices, Inc. All Rights Reserved.
Running: C:/Program/2025.2/Vivado/bin/unwrapped/win64.o/xelab.exe --incr --debug typical --relax --mt 2 -L xil_defaultlib -L secureip --snapshot simulation_Layer_behav xil_defaultlib.simulation_Layer -log elaborate.log 
Using 2 slave threads.
Starting static elaboration
Completed static elaboration
Starting simulation data flow analysis
Completed simulation data flow analysis
Time Resolution for simulation is 1ps
Compiling package std.standard
Compiling package std.textio
Compiling package ieee.std_logic_1164
Compiling package ieee.std_logic_arith
Compiling package ieee.std_logic_unsigned
Compiling package ieee.numeric_std
Compiling architecture behavioral of entity xil_defaultlib.Perceptron_BRAM [perceptron_bram_default]
Compiling architecture rtl of entity xil_defaultlib.WEIGHTS [weights_default]
Compiling architecture behavioral of entity xil_defaultlib.Layer [layer_default]
Compiling architecture bench of entity xil_defaultlib.simulation_layer
Built simulation snapshot simulation_Layer_behav
INFO: [USF-XSim-69] 'elaborate' step finished in '2' seconds
INFO: [USF-XSim-4] XSim::Simulate design
INFO: [USF-XSim-61] Executing 'SIMULATE' step in 'C:/Users/flavi/Desktop/Perceptron_network/MLP/MLP.sim/sim_1/behav/xsim'
INFO: [USF-XSim-98] *** Running xsim
   with args "simulation_Layer_behav -key {Behavioral:sim_1:Functional:simulation_Layer} -tclbatch {simulation_Layer.tcl} -view {C:/Users/flavi/Desktop/Perceptron_network/MLP/simulation_Perceptron_CONFIG.wcfg} -log {simulate.log}"
INFO: [USF-XSim-8] Loading simulator feature
Time resolution is 1 ps
open_wave_config C:/Users/flavi/Desktop/Perceptron_network/MLP/simulation_Perceptron_CONFIG.wcfg
source simulation_Layer.tcl
# set curr_wave [current_wave_config]
# if { [string length $curr_wave] == 0 } {
#   if { [llength [get_objects]] > 0} {
#     add_wave /
#     set_property needs_save false [current_wave_config]
#   } else {
#      send_msg_id Add_Wave-1 WARNING "No top level signals found. Simulator will start without a wave window. If you want to open a wave window go to 'File->New Waveform Configuration' or type 'create_wave_config' in the TCL console."
#   }
# }
# run 1000ns
INFO: [USF-XSim-96] XSim completed. Design snapshot 'simulation_Layer_behav' loaded.
INFO: [USF-XSim-97] XSim simulation ran for 1000ns
launch_simulation: Time (s): cpu = 00:00:03 ; elapsed = 00:00:06 . Memory (MB): peak = 3442.891 ; gain = 0.000
WARNING: [filemgmt 56-199] Attempt to get parsing info during refresh. "On-the-fly" syntax checking information may be incorrect. [C:\Users\flavi\Desktop\Perceptron_network\MLP\MLP.srcs\sources_1\new\Layer.vhd:]
WARNING: [filemgmt 56-199] Attempt to get parsing info during refresh. "On-the-fly" syntax checking information may be incorrect. [C:\Users\flavi\Desktop\Perceptron_network\MLP\MLP.srcs\sim_1\new\simulation_Layer.vhd:]
WARNING: [filemgmt 56-199] Attempt to get parsing info during refresh. "On-the-fly" syntax checking information may be incorrect. [C:\Users\flavi\Desktop\Perceptron_network\MLP\MLP.srcs\sources_1\new\Perceptron_BRAM.vhd:]
WARNING: [filemgmt 56-199] Attempt to get parsing info during refresh. "On-the-fly" syntax checking information may be incorrect. [C:\Users\flavi\Desktop\Perceptron_network\MLP\MLP.srcs\sources_1\new\Layer.vhd:]
WARNING: [filemgmt 56-199] Attempt to get parsing info during refresh. "On-the-fly" syntax checking information may be incorrect. [C:\Users\flavi\Desktop\Perceptron_network\MLP\MLP.srcs\sources_1\new\Layer.vhd:]
WARNING: [filemgmt 56-199] Attempt to get parsing info during refresh. "On-the-fly" syntax checking information may be incorrect. [C:\Users\flavi\Desktop\Perceptron_network\MLP\MLP.srcs\sources_1\new\Layer.vhd:]
WARNING: [filemgmt 56-199] Attempt to get parsing info during refresh. "On-the-fly" syntax checking information may be incorrect. [C:\Users\flavi\Desktop\Perceptron_network\MLP\MLP.srcs\sim_1\new\simulation_Layer.vhd:]
WARNING: [filemgmt 56-199] Attempt to get parsing info during refresh. "On-the-fly" syntax checking information may be incorrect. [C:\Users\flavi\Desktop\Perceptron_network\MLP\MLP.srcs\sources_1\new\Perceptron_BRAM.vhd:]
WARNING: [filemgmt 56-199] Attempt to get parsing info during refresh. "On-the-fly" syntax checking information may be incorrect. [C:\Users\flavi\Desktop\Perceptron_network\MLP\MLP.srcs\sources_1\new\Layer.vhd:]
WARNING: [filemgmt 56-199] Attempt to get parsing info during refresh. "On-the-fly" syntax checking information may be incorrect. [C:\Users\flavi\Desktop\Perceptron_network\MLP\MLP.srcs\sources_1\new\Layer.vhd:]
WARNING: [filemgmt 56-199] Attempt to get parsing info during refresh. "On-the-fly" syntax checking information may be incorrect. [C:\Users\flavi\Desktop\Perceptron_network\MLP\MLP.srcs\sources_1\new\Layer.vhd:]
WARNING: [filemgmt 56-199] Attempt to get parsing info during refresh. "On-the-fly" syntax checking information may be incorrect. [C:\Users\flavi\Desktop\Perceptron_network\MLP\MLP.srcs\sim_1\new\simulation_Layer.vhd:]
WARNING: [filemgmt 56-199] Attempt to get parsing info during refresh. "On-the-fly" syntax checking information may be incorrect. [C:\Users\flavi\Desktop\Perceptron_network\MLP\MLP.srcs\sources_1\new\Perceptron_BRAM.vhd:]
WARNING: [filemgmt 56-199] Attempt to get parsing info during refresh. "On-the-fly" syntax checking information may be incorrect. [C:\Users\flavi\Desktop\Perceptron_network\MLP\MLP.srcs\sources_1\new\Layer.vhd:]
WARNING: [filemgmt 56-199] Attempt to get parsing info during refresh. "On-the-fly" syntax checking information may be incorrect. [C:\Users\flavi\Desktop\Perceptron_network\MLP\MLP.srcs\sources_1\new\Layer.vhd:]
close_sim
INFO: [Simtcl 6-16] Simulation closed
launch_simulation
Command: launch_simulation 
INFO: [Vivado 12-25911] Executing simulation for 'XSim' simulator
INFO: [Vivado 12-28535] Process started - Thu Jan 29 17:48:03 2026

INFO: [Vivado 12-12493] Simulation top is 'simulation_Layer'
INFO: [Vivado 12-5682] Launching behavioral simulation in 'C:/Users/flavi/Desktop/Perceptron_network/MLP/MLP.sim/sim_1/behav/xsim'
INFO: [SIM-utils-51] Simulation object is 'sim_1'
INFO: [SIM-utils-72] Using boost library from 'C:/Program/2025.2/Vivado/tps/boost_1_72_0'
INFO: [SIM-utils-54] Inspecting design source files for 'simulation_Layer' in fileset 'sim_1'...
INFO: [USF-XSim-97] Finding global include files...
INFO: [USF-XSim-100] Fetching design files from 'sources_1'...(this may take a while)...
INFO: [USF-XSim-101] Fetching design files from 'sim_1'...
INFO: [USF-XSim-2] XSim::Compile design
INFO: [USF-XSim-61] Executing 'COMPILE and ANALYZE' step in 'C:/Users/flavi/Desktop/Perceptron_network/MLP/MLP.sim/sim_1/behav/xsim'
"xvhdl --incr --relax -prj simulation_Layer_vhdl.prj"
INFO: [VRFC 10-163] Analyzing VHDL file "C:/Users/flavi/Desktop/Perceptron_network/MLP/MLP.srcs/sim_1/new/simulation_Layer.vhd" into library xil_defaultlib
INFO: [VRFC 10-3107] analyzing entity 'simulation_Layer'
INFO: [USF-XSim-69] 'compile' step finished in '1' seconds
INFO: [USF-XSim-3] XSim::Elaborate design
INFO: [USF-XSim-61] Executing 'ELABORATE' step in 'C:/Users/flavi/Desktop/Perceptron_network/MLP/MLP.sim/sim_1/behav/xsim'
"xelab --incr --debug typical --relax --mt 2 -L xil_defaultlib -L secureip --snapshot simulation_Layer_behav xil_defaultlib.simulation_Layer -log elaborate.log"
Vivado Simulator v2025.2
Copyright 1986-2022 Xilinx, Inc. All Rights Reserved.
Copyright 2022-2025 Advanced Micro Devices, Inc. All Rights Reserved.
Running: C:/Program/2025.2/Vivado/bin/unwrapped/win64.o/xelab.exe --incr --debug typical --relax --mt 2 -L xil_defaultlib -L secureip --snapshot simulation_Layer_behav xil_defaultlib.simulation_Layer -log elaborate.log 
Using 2 slave threads.
Starting static elaboration
Completed static elaboration
Starting simulation data flow analysis
Completed simulation data flow analysis
Time Resolution for simulation is 1ps
Compiling package std.standard
Compiling package std.textio
Compiling package ieee.std_logic_1164
Compiling package ieee.std_logic_arith
Compiling package ieee.std_logic_unsigned
Compiling package ieee.numeric_std
Compiling architecture behavioral of entity xil_defaultlib.Perceptron_BRAM [perceptron_bram_default]
Compiling architecture rtl of entity xil_defaultlib.WEIGHTS [weights_default]
Compiling architecture behavioral of entity xil_defaultlib.Layer [layer_default]
Compiling architecture bench of entity xil_defaultlib.simulation_layer
Built simulation snapshot simulation_Layer_behav
INFO: [USF-XSim-69] 'elaborate' step finished in '2' seconds
INFO: [USF-XSim-4] XSim::Simulate design
INFO: [USF-XSim-61] Executing 'SIMULATE' step in 'C:/Users/flavi/Desktop/Perceptron_network/MLP/MLP.sim/sim_1/behav/xsim'
INFO: [USF-XSim-98] *** Running xsim
   with args "simulation_Layer_behav -key {Behavioral:sim_1:Functional:simulation_Layer} -tclbatch {simulation_Layer.tcl} -view {C:/Users/flavi/Desktop/Perceptron_network/MLP/simulation_Perceptron_CONFIG.wcfg} -log {simulate.log}"
INFO: [USF-XSim-8] Loading simulator feature
Time resolution is 1 ps
open_wave_config C:/Users/flavi/Desktop/Perceptron_network/MLP/simulation_Perceptron_CONFIG.wcfg
source simulation_Layer.tcl
# set curr_wave [current_wave_config]
# if { [string length $curr_wave] == 0 } {
#   if { [llength [get_objects]] > 0} {
#     add_wave /
#     set_property needs_save false [current_wave_config]
#   } else {
#      send_msg_id Add_Wave-1 WARNING "No top level signals found. Simulator will start without a wave window. If you want to open a wave window go to 'File->New Waveform Configuration' or type 'create_wave_config' in the TCL console."
#   }
# }
# run 1000ns
INFO: [USF-XSim-96] XSim completed. Design snapshot 'simulation_Layer_behav' loaded.
INFO: [USF-XSim-97] XSim simulation ran for 1000ns
launch_simulation: Time (s): cpu = 00:00:02 ; elapsed = 00:00:06 . Memory (MB): peak = 3442.891 ; gain = 0.000
run 15 us
close_sim
INFO: [Simtcl 6-16] Simulation closed
launch_simulation
Command: launch_simulation 
INFO: [Vivado 12-25911] Executing simulation for 'XSim' simulator
INFO: [Vivado 12-28535] Process started - Thu Jan 29 17:57:55 2026

INFO: [Vivado 12-12493] Simulation top is 'simulation_Layer'
INFO: [Vivado 12-5682] Launching behavioral simulation in 'C:/Users/flavi/Desktop/Perceptron_network/MLP/MLP.sim/sim_1/behav/xsim'
INFO: [SIM-utils-51] Simulation object is 'sim_1'
INFO: [SIM-utils-72] Using boost library from 'C:/Program/2025.2/Vivado/tps/boost_1_72_0'
INFO: [SIM-utils-54] Inspecting design source files for 'simulation_Layer' in fileset 'sim_1'...
INFO: [USF-XSim-97] Finding global include files...
INFO: [USF-XSim-100] Fetching design files from 'sources_1'...(this may take a while)...
INFO: [USF-XSim-101] Fetching design files from 'sim_1'...
INFO: [USF-XSim-2] XSim::Compile design
INFO: [USF-XSim-61] Executing 'COMPILE and ANALYZE' step in 'C:/Users/flavi/Desktop/Perceptron_network/MLP/MLP.sim/sim_1/behav/xsim'
"xvhdl --incr --relax -prj simulation_Layer_vhdl.prj"
INFO: [VRFC 10-163] Analyzing VHDL file "C:/Users/flavi/Desktop/Perceptron_network/MLP/MLP.srcs/sim_1/new/simulation_Layer.vhd" into library xil_defaultlib
INFO: [VRFC 10-3107] analyzing entity 'simulation_Layer'
INFO: [USF-XSim-69] 'compile' step finished in '1' seconds
INFO: [USF-XSim-3] XSim::Elaborate design
INFO: [USF-XSim-61] Executing 'ELABORATE' step in 'C:/Users/flavi/Desktop/Perceptron_network/MLP/MLP.sim/sim_1/behav/xsim'
"xelab --incr --debug typical --relax --mt 2 -L xil_defaultlib -L secureip --snapshot simulation_Layer_behav xil_defaultlib.simulation_Layer -log elaborate.log"
Vivado Simulator v2025.2
Copyright 1986-2022 Xilinx, Inc. All Rights Reserved.
Copyright 2022-2025 Advanced Micro Devices, Inc. All Rights Reserved.
Running: C:/Program/2025.2/Vivado/bin/unwrapped/win64.o/xelab.exe --incr --debug typical --relax --mt 2 -L xil_defaultlib -L secureip --snapshot simulation_Layer_behav xil_defaultlib.simulation_Layer -log elaborate.log 
Using 2 slave threads.
Starting static elaboration
Completed static elaboration
Starting simulation data flow analysis
Completed simulation data flow analysis
Time Resolution for simulation is 1ps
Compiling package std.standard
Compiling package std.textio
Compiling package ieee.std_logic_1164
Compiling package ieee.std_logic_arith
Compiling package ieee.std_logic_unsigned
Compiling package ieee.numeric_std
Compiling architecture behavioral of entity xil_defaultlib.Perceptron_BRAM [perceptron_bram_default]
Compiling architecture rtl of entity xil_defaultlib.WEIGHTS [weights_default]
Compiling architecture behavioral of entity xil_defaultlib.Layer [layer_default]
Compiling architecture bench of entity xil_defaultlib.simulation_layer
Built simulation snapshot simulation_Layer_behav
INFO: [USF-XSim-69] 'elaborate' step finished in '2' seconds
INFO: [USF-XSim-4] XSim::Simulate design
INFO: [USF-XSim-61] Executing 'SIMULATE' step in 'C:/Users/flavi/Desktop/Perceptron_network/MLP/MLP.sim/sim_1/behav/xsim'
INFO: [USF-XSim-98] *** Running xsim
   with args "simulation_Layer_behav -key {Behavioral:sim_1:Functional:simulation_Layer} -tclbatch {simulation_Layer.tcl} -view {C:/Users/flavi/Desktop/Perceptron_network/MLP/simulation_Perceptron_CONFIG.wcfg} -log {simulate.log}"
INFO: [USF-XSim-8] Loading simulator feature
Time resolution is 1 ps
open_wave_config C:/Users/flavi/Desktop/Perceptron_network/MLP/simulation_Perceptron_CONFIG.wcfg
source simulation_Layer.tcl
# set curr_wave [current_wave_config]
# if { [string length $curr_wave] == 0 } {
#   if { [llength [get_objects]] > 0} {
#     add_wave /
#     set_property needs_save false [current_wave_config]
#   } else {
#      send_msg_id Add_Wave-1 WARNING "No top level signals found. Simulator will start without a wave window. If you want to open a wave window go to 'File->New Waveform Configuration' or type 'create_wave_config' in the TCL console."
#   }
# }
# run 1000ns
INFO: [USF-XSim-96] XSim completed. Design snapshot 'simulation_Layer_behav' loaded.
INFO: [USF-XSim-97] XSim simulation ran for 1000ns
launch_simulation: Time (s): cpu = 00:00:03 ; elapsed = 00:00:05 . Memory (MB): peak = 3442.891 ; gain = 0.000
run 15 us
close_sim
INFO: [Simtcl 6-16] Simulation closed
WARNING: [filemgmt 56-199] Attempt to get parsing info during refresh. "On-the-fly" syntax checking information may be incorrect. [C:\Users\flavi\Desktop\Perceptron_network\MLP\MLP.srcs\sources_1\new\WEIGHTS.vhd:]
WARNING: [filemgmt 56-199] Attempt to get parsing info during refresh. "On-the-fly" syntax checking information may be incorrect. [C:\Users\flavi\Desktop\Perceptron_network\MLP\MLP.srcs\sources_1\new\Layer.vhd:]
WARNING: [filemgmt 56-199] Attempt to get parsing info during refresh. "On-the-fly" syntax checking information may be incorrect. [C:\Users\flavi\Desktop\Perceptron_network\MLP\MLP.srcs\sim_1\new\simulation_Layer.vhd:]
WARNING: [filemgmt 56-199] Attempt to get parsing info during refresh. "On-the-fly" syntax checking information may be incorrect. [C:\Users\flavi\Desktop\Perceptron_network\MLP\MLP.srcs\sources_1\new\Perceptron_BRAM.vhd:]
WARNING: [filemgmt 56-199] Attempt to get parsing info during refresh. "On-the-fly" syntax checking information may be incorrect. [C:\Users\flavi\Desktop\Perceptron_network\MLP\MLP.srcs\sources_1\new\Layer.vhd:]
WARNING: [filemgmt 56-199] Attempt to get parsing info during refresh. "On-the-fly" syntax checking information may be incorrect. [C:\Users\flavi\Desktop\Perceptron_network\MLP\MLP.srcs\sources_1\new\Layer.vhd:]
WARNING: [filemgmt 56-199] Attempt to get parsing info during refresh. "On-the-fly" syntax checking information may be incorrect. [C:\Users\flavi\Desktop\Perceptron_network\MLP\MLP.srcs\sources_1\new\WEIGHTS.vhd:]
WARNING: [filemgmt 56-199] Attempt to get parsing info during refresh. "On-the-fly" syntax checking information may be incorrect. [C:\Users\flavi\Desktop\Perceptron_network\MLP\MLP.srcs\sources_1\new\Layer.vhd:]
WARNING: [filemgmt 56-199] Attempt to get parsing info during refresh. "On-the-fly" syntax checking information may be incorrect. [C:\Users\flavi\Desktop\Perceptron_network\MLP\MLP.srcs\sim_1\new\simulation_Layer.vhd:]
WARNING: [filemgmt 56-199] Attempt to get parsing info during refresh. "On-the-fly" syntax checking information may be incorrect. [C:\Users\flavi\Desktop\Perceptron_network\MLP\MLP.srcs\sources_1\new\Perceptron_BRAM.vhd:]
WARNING: [filemgmt 56-199] Attempt to get parsing info during refresh. "On-the-fly" syntax checking information may be incorrect. [C:\Users\flavi\Desktop\Perceptron_network\MLP\MLP.srcs\sources_1\new\WEIGHTS.vhd:]
WARNING: [filemgmt 56-199] Attempt to get parsing info during refresh. "On-the-fly" syntax checking information may be incorrect. [C:\Users\flavi\Desktop\Perceptron_network\MLP\MLP.srcs\sources_1\new\WEIGHTS.vhd:]
WARNING: [filemgmt 56-199] Attempt to get parsing info during refresh. "On-the-fly" syntax checking information may be incorrect. [C:\Users\flavi\Desktop\Perceptron_network\MLP\MLP.srcs\sources_1\new\WEIGHTS.vhd:]
WARNING: [filemgmt 56-199] Attempt to get parsing info during refresh. "On-the-fly" syntax checking information may be incorrect. [C:\Users\flavi\Desktop\Perceptron_network\MLP\MLP.srcs\sources_1\new\Layer.vhd:]
WARNING: [filemgmt 56-199] Attempt to get parsing info during refresh. "On-the-fly" syntax checking information may be incorrect. [C:\Users\flavi\Desktop\Perceptron_network\MLP\MLP.srcs\sim_1\new\simulation_Layer.vhd:]
WARNING: [filemgmt 56-199] Attempt to get parsing info during refresh. "On-the-fly" syntax checking information may be incorrect. [C:\Users\flavi\Desktop\Perceptron_network\MLP\MLP.srcs\sources_1\new\Perceptron_BRAM.vhd:]
WARNING: [filemgmt 56-199] Attempt to get parsing info during refresh. "On-the-fly" syntax checking information may be incorrect. [C:\Users\flavi\Desktop\Perceptron_network\MLP\MLP.srcs\sources_1\new\Layer.vhd:]
WARNING: [filemgmt 56-199] Attempt to get parsing info during refresh. "On-the-fly" syntax checking information may be incorrect. [C:\Users\flavi\Desktop\Perceptron_network\MLP\MLP.srcs\sources_1\new\Layer.vhd:]
WARNING: [filemgmt 56-199] Attempt to get parsing info during refresh. "On-the-fly" syntax checking information may be incorrect. [C:\Users\flavi\Desktop\Perceptron_network\MLP\MLP.srcs\sources_1\new\WEIGHTS.vhd:]
WARNING: [filemgmt 56-199] Attempt to get parsing info during refresh. "On-the-fly" syntax checking information may be incorrect. [C:\Users\flavi\Desktop\Perceptron_network\MLP\MLP.srcs\sources_1\new\Layer.vhd:]
WARNING: [filemgmt 56-199] Attempt to get parsing info during refresh. "On-the-fly" syntax checking information may be incorrect. [C:\Users\flavi\Desktop\Perceptron_network\MLP\MLP.srcs\sim_1\new\simulation_Layer.vhd:]
WARNING: [filemgmt 56-199] Attempt to get parsing info during refresh. "On-the-fly" syntax checking information may be incorrect. [C:\Users\flavi\Desktop\Perceptron_network\MLP\MLP.srcs\sources_1\new\Perceptron_BRAM.vhd:]
WARNING: [filemgmt 56-199] Attempt to get parsing info during refresh. "On-the-fly" syntax checking information may be incorrect. [C:\Users\flavi\Desktop\Perceptron_network\MLP\MLP.srcs\sources_1\new\WEIGHTS.vhd:]
WARNING: [filemgmt 56-199] Attempt to get parsing info during refresh. "On-the-fly" syntax checking information may be incorrect. [C:\Users\flavi\Desktop\Perceptron_network\MLP\MLP.srcs\sources_1\new\WEIGHTS.vhd:]
launch_simulation
Command: launch_simulation 
INFO: [Vivado 12-25911] Executing simulation for 'XSim' simulator
INFO: [Vivado 12-28535] Process started - Thu Jan 29 18:24:33 2026

INFO: [Vivado 12-12493] Simulation top is 'simulation_Layer'
INFO: [Vivado 12-5682] Launching behavioral simulation in 'C:/Users/flavi/Desktop/Perceptron_network/MLP/MLP.sim/sim_1/behav/xsim'
INFO: [SIM-utils-51] Simulation object is 'sim_1'
INFO: [SIM-utils-72] Using boost library from 'C:/Program/2025.2/Vivado/tps/boost_1_72_0'
INFO: [SIM-utils-54] Inspecting design source files for 'simulation_Layer' in fileset 'sim_1'...
INFO: [USF-XSim-97] Finding global include files...
INFO: [USF-XSim-100] Fetching design files from 'sources_1'...(this may take a while)...
INFO: [USF-XSim-101] Fetching design files from 'sim_1'...
INFO: [USF-XSim-2] XSim::Compile design
INFO: [USF-XSim-61] Executing 'COMPILE and ANALYZE' step in 'C:/Users/flavi/Desktop/Perceptron_network/MLP/MLP.sim/sim_1/behav/xsim'
"xvhdl --incr --relax -prj simulation_Layer_vhdl.prj"
INFO: [VRFC 10-163] Analyzing VHDL file "C:/Users/flavi/Desktop/Perceptron_network/MLP/MLP.srcs/sim_1/new/simulation_Layer.vhd" into library xil_defaultlib
INFO: [VRFC 10-3107] analyzing entity 'simulation_Layer'
INFO: [USF-XSim-69] 'compile' step finished in '1' seconds
INFO: [USF-XSim-3] XSim::Elaborate design
INFO: [USF-XSim-61] Executing 'ELABORATE' step in 'C:/Users/flavi/Desktop/Perceptron_network/MLP/MLP.sim/sim_1/behav/xsim'
"xelab --incr --debug typical --relax --mt 2 -L xil_defaultlib -L secureip --snapshot simulation_Layer_behav xil_defaultlib.simulation_Layer -log elaborate.log"
Vivado Simulator v2025.2
Copyright 1986-2022 Xilinx, Inc. All Rights Reserved.
Copyright 2022-2025 Advanced Micro Devices, Inc. All Rights Reserved.
Running: C:/Program/2025.2/Vivado/bin/unwrapped/win64.o/xelab.exe --incr --debug typical --relax --mt 2 -L xil_defaultlib -L secureip --snapshot simulation_Layer_behav xil_defaultlib.simulation_Layer -log elaborate.log 
Using 2 slave threads.
Starting static elaboration
Completed static elaboration
Starting simulation data flow analysis
Completed simulation data flow analysis
Time Resolution for simulation is 1ps
Compiling package std.standard
Compiling package std.textio
Compiling package ieee.std_logic_1164
Compiling package ieee.std_logic_arith
Compiling package ieee.std_logic_unsigned
Compiling package ieee.numeric_std
Compiling architecture behavioral of entity xil_defaultlib.Perceptron_BRAM [perceptron_bram_default]
Compiling architecture rtl of entity xil_defaultlib.WEIGHTS [weights_default]
Compiling architecture behavioral of entity xil_defaultlib.Layer [layer_default]
Compiling architecture bench of entity xil_defaultlib.simulation_layer
Built simulation snapshot simulation_Layer_behav
INFO: [USF-XSim-69] 'elaborate' step finished in '2' seconds
INFO: [USF-XSim-4] XSim::Simulate design
INFO: [USF-XSim-61] Executing 'SIMULATE' step in 'C:/Users/flavi/Desktop/Perceptron_network/MLP/MLP.sim/sim_1/behav/xsim'
INFO: [USF-XSim-98] *** Running xsim
   with args "simulation_Layer_behav -key {Behavioral:sim_1:Functional:simulation_Layer} -tclbatch {simulation_Layer.tcl} -view {C:/Users/flavi/Desktop/Perceptron_network/MLP/simulation_Perceptron_CONFIG.wcfg} -log {simulate.log}"
INFO: [USF-XSim-8] Loading simulator feature
Time resolution is 1 ps
open_wave_config C:/Users/flavi/Desktop/Perceptron_network/MLP/simulation_Perceptron_CONFIG.wcfg
source simulation_Layer.tcl
# set curr_wave [current_wave_config]
# if { [string length $curr_wave] == 0 } {
#   if { [llength [get_objects]] > 0} {
#     add_wave /
#     set_property needs_save false [current_wave_config]
#   } else {
#      send_msg_id Add_Wave-1 WARNING "No top level signals found. Simulator will start without a wave window. If you want to open a wave window go to 'File->New Waveform Configuration' or type 'create_wave_config' in the TCL console."
#   }
# }
# run 1000ns
INFO: [USF-XSim-96] XSim completed. Design snapshot 'simulation_Layer_behav' loaded.
INFO: [USF-XSim-97] XSim simulation ran for 1000ns
run 15 us
WARNING: [filemgmt 56-199] Attempt to get parsing info during refresh. "On-the-fly" syntax checking information may be incorrect. [C:\Users\flavi\Desktop\Perceptron_network\MLP\MLP.srcs\sources_1\new\WEIGHTS.vhd:]
WARNING: [filemgmt 56-199] Attempt to get parsing info during refresh. "On-the-fly" syntax checking information may be incorrect. [C:\Users\flavi\Desktop\Perceptron_network\MLP\MLP.srcs\sources_1\new\Layer.vhd:]
WARNING: [filemgmt 56-199] Attempt to get parsing info during refresh. "On-the-fly" syntax checking information may be incorrect. [C:\Users\flavi\Desktop\Perceptron_network\MLP\MLP.srcs\sim_1\new\simulation_Layer.vhd:]
WARNING: [filemgmt 56-199] Attempt to get parsing info during refresh. "On-the-fly" syntax checking information may be incorrect. [C:\Users\flavi\Desktop\Perceptron_network\MLP\MLP.srcs\sources_1\new\Perceptron_BRAM.vhd:]
WARNING: [filemgmt 56-199] Attempt to get parsing info during refresh. "On-the-fly" syntax checking information may be incorrect. [C:\Users\flavi\Desktop\Perceptron_network\MLP\MLP.srcs\sources_1\new\Layer.vhd:]
WARNING: [filemgmt 56-199] Attempt to get parsing info during refresh. "On-the-fly" syntax checking information may be incorrect. [C:\Users\flavi\Desktop\Perceptron_network\MLP\MLP.srcs\sources_1\new\Layer.vhd:]
WARNING: [filemgmt 56-199] Attempt to get parsing info during refresh. "On-the-fly" syntax checking information may be incorrect. [C:\Users\flavi\Desktop\Perceptron_network\MLP\MLP.srcs\sources_1\new\WEIGHTS.vhd:]
WARNING: [filemgmt 56-199] Attempt to get parsing info during refresh. "On-the-fly" syntax checking information may be incorrect. [C:\Users\flavi\Desktop\Perceptron_network\MLP\MLP.srcs\sources_1\new\Layer.vhd:]
WARNING: [filemgmt 56-199] Attempt to get parsing info during refresh. "On-the-fly" syntax checking information may be incorrect. [C:\Users\flavi\Desktop\Perceptron_network\MLP\MLP.srcs\sim_1\new\simulation_Layer.vhd:]
WARNING: [filemgmt 56-199] Attempt to get parsing info during refresh. "On-the-fly" syntax checking information may be incorrect. [C:\Users\flavi\Desktop\Perceptron_network\MLP\MLP.srcs\sources_1\new\Perceptron_BRAM.vhd:]
WARNING: [filemgmt 56-199] Attempt to get parsing info during refresh. "On-the-fly" syntax checking information may be incorrect. [C:\Users\flavi\Desktop\Perceptron_network\MLP\MLP.srcs\sources_1\new\WEIGHTS.vhd:]
WARNING: [filemgmt 56-199] Attempt to get parsing info during refresh. "On-the-fly" syntax checking information may be incorrect. [C:\Users\flavi\Desktop\Perceptron_network\MLP\MLP.srcs\sources_1\new\WEIGHTS.vhd:]
close_sim
INFO: [Simtcl 6-16] Simulation closed
launch_simulation
Command: launch_simulation 
INFO: [Vivado 12-25911] Executing simulation for 'XSim' simulator
INFO: [Vivado 12-28535] Process started - Thu Jan 29 18:27:01 2026

INFO: [Vivado 12-12493] Simulation top is 'simulation_Layer'
INFO: [Vivado 12-5682] Launching behavioral simulation in 'C:/Users/flavi/Desktop/Perceptron_network/MLP/MLP.sim/sim_1/behav/xsim'
INFO: [SIM-utils-51] Simulation object is 'sim_1'
INFO: [SIM-utils-72] Using boost library from 'C:/Program/2025.2/Vivado/tps/boost_1_72_0'
INFO: [SIM-utils-54] Inspecting design source files for 'simulation_Layer' in fileset 'sim_1'...
INFO: [USF-XSim-97] Finding global include files...
INFO: [USF-XSim-100] Fetching design files from 'sources_1'...(this may take a while)...
INFO: [USF-XSim-101] Fetching design files from 'sim_1'...
INFO: [USF-XSim-2] XSim::Compile design
INFO: [USF-XSim-61] Executing 'COMPILE and ANALYZE' step in 'C:/Users/flavi/Desktop/Perceptron_network/MLP/MLP.sim/sim_1/behav/xsim'
"xvhdl --incr --relax -prj simulation_Layer_vhdl.prj"
INFO: [VRFC 10-163] Analyzing VHDL file "C:/Users/flavi/Desktop/Perceptron_network/MLP/MLP.srcs/sim_1/new/simulation_Layer.vhd" into library xil_defaultlib
INFO: [VRFC 10-3107] analyzing entity 'simulation_Layer'
INFO: [USF-XSim-69] 'compile' step finished in '1' seconds
INFO: [USF-XSim-3] XSim::Elaborate design
INFO: [USF-XSim-61] Executing 'ELABORATE' step in 'C:/Users/flavi/Desktop/Perceptron_network/MLP/MLP.sim/sim_1/behav/xsim'
"xelab --incr --debug typical --relax --mt 2 -L xil_defaultlib -L secureip --snapshot simulation_Layer_behav xil_defaultlib.simulation_Layer -log elaborate.log"
Vivado Simulator v2025.2
Copyright 1986-2022 Xilinx, Inc. All Rights Reserved.
Copyright 2022-2025 Advanced Micro Devices, Inc. All Rights Reserved.
Running: C:/Program/2025.2/Vivado/bin/unwrapped/win64.o/xelab.exe --incr --debug typical --relax --mt 2 -L xil_defaultlib -L secureip --snapshot simulation_Layer_behav xil_defaultlib.simulation_Layer -log elaborate.log 
Using 2 slave threads.
Starting static elaboration
Completed static elaboration
Starting simulation data flow analysis
Completed simulation data flow analysis
Time Resolution for simulation is 1ps
Compiling package std.standard
Compiling package std.textio
Compiling package ieee.std_logic_1164
Compiling package ieee.std_logic_arith
Compiling package ieee.std_logic_unsigned
Compiling package ieee.numeric_std
Compiling architecture behavioral of entity xil_defaultlib.Perceptron_BRAM [perceptron_bram_default]
Compiling architecture rtl of entity xil_defaultlib.WEIGHTS [weights_default]
Compiling architecture behavioral of entity xil_defaultlib.Layer [layer_default]
Compiling architecture bench of entity xil_defaultlib.simulation_layer
Built simulation snapshot simulation_Layer_behav
INFO: [USF-XSim-69] 'elaborate' step finished in '1' seconds
INFO: [USF-XSim-4] XSim::Simulate design
INFO: [USF-XSim-61] Executing 'SIMULATE' step in 'C:/Users/flavi/Desktop/Perceptron_network/MLP/MLP.sim/sim_1/behav/xsim'
INFO: [USF-XSim-98] *** Running xsim
   with args "simulation_Layer_behav -key {Behavioral:sim_1:Functional:simulation_Layer} -tclbatch {simulation_Layer.tcl} -view {C:/Users/flavi/Desktop/Perceptron_network/MLP/simulation_Perceptron_CONFIG.wcfg} -log {simulate.log}"
INFO: [USF-XSim-8] Loading simulator feature
Time resolution is 1 ps
open_wave_config C:/Users/flavi/Desktop/Perceptron_network/MLP/simulation_Perceptron_CONFIG.wcfg
source simulation_Layer.tcl
# set curr_wave [current_wave_config]
# if { [string length $curr_wave] == 0 } {
#   if { [llength [get_objects]] > 0} {
#     add_wave /
#     set_property needs_save false [current_wave_config]
#   } else {
#      send_msg_id Add_Wave-1 WARNING "No top level signals found. Simulator will start without a wave window. If you want to open a wave window go to 'File->New Waveform Configuration' or type 'create_wave_config' in the TCL console."
#   }
# }
# run 1000ns
INFO: [USF-XSim-96] XSim completed. Design snapshot 'simulation_Layer_behav' loaded.
INFO: [USF-XSim-97] XSim simulation ran for 1000ns
launch_simulation: Time (s): cpu = 00:00:02 ; elapsed = 00:00:06 . Memory (MB): peak = 3442.891 ; gain = 0.000
run 15 us
WARNING: [filemgmt 56-199] Attempt to get parsing info during refresh. "On-the-fly" syntax checking information may be incorrect. [C:\Users\flavi\Desktop\Perceptron_network\MLP\MLP.srcs\sources_1\new\WEIGHTS.vhd:]
WARNING: [filemgmt 56-199] Attempt to get parsing info during refresh. "On-the-fly" syntax checking information may be incorrect. [C:\Users\flavi\Desktop\Perceptron_network\MLP\MLP.srcs\sources_1\new\Layer.vhd:]
WARNING: [filemgmt 56-199] Attempt to get parsing info during refresh. "On-the-fly" syntax checking information may be incorrect. [C:\Users\flavi\Desktop\Perceptron_network\MLP\MLP.srcs\sim_1\new\simulation_Layer.vhd:]
WARNING: [filemgmt 56-199] Attempt to get parsing info during refresh. "On-the-fly" syntax checking information may be incorrect. [C:\Users\flavi\Desktop\Perceptron_network\MLP\MLP.srcs\sources_1\new\Perceptron_BRAM.vhd:]
WARNING: [filemgmt 56-199] Attempt to get parsing info during refresh. "On-the-fly" syntax checking information may be incorrect. [C:\Users\flavi\Desktop\Perceptron_network\MLP\MLP.srcs\sources_1\new\WEIGHTS.vhd:]
WARNING: [filemgmt 56-199] Attempt to get parsing info during refresh. "On-the-fly" syntax checking information may be incorrect. [C:\Users\flavi\Desktop\Perceptron_network\MLP\MLP.srcs\sources_1\new\WEIGHTS.vhd:]
ERROR: [Common 17-180] Spawn failed: The operation completed successfully.

close_sim
INFO: [Simtcl 6-16] Simulation closed
launch_simulation
Command: launch_simulation 
INFO: [Vivado 12-25911] Executing simulation for 'XSim' simulator
INFO: [Vivado 12-28535] Process started - Thu Jan 29 18:35:39 2026

INFO: [Vivado 12-12493] Simulation top is 'simulation_Layer'
INFO: [Vivado 12-5682] Launching behavioral simulation in 'C:/Users/flavi/Desktop/Perceptron_network/MLP/MLP.sim/sim_1/behav/xsim'
INFO: [SIM-utils-51] Simulation object is 'sim_1'
INFO: [SIM-utils-72] Using boost library from 'C:/Program/2025.2/Vivado/tps/boost_1_72_0'
INFO: [SIM-utils-54] Inspecting design source files for 'simulation_Layer' in fileset 'sim_1'...
INFO: [USF-XSim-97] Finding global include files...
INFO: [USF-XSim-100] Fetching design files from 'sources_1'...(this may take a while)...
INFO: [USF-XSim-101] Fetching design files from 'sim_1'...
INFO: [USF-XSim-2] XSim::Compile design
INFO: [USF-XSim-61] Executing 'COMPILE and ANALYZE' step in 'C:/Users/flavi/Desktop/Perceptron_network/MLP/MLP.sim/sim_1/behav/xsim'
"xvhdl --incr --relax -prj simulation_Layer_vhdl.prj"
INFO: [VRFC 10-163] Analyzing VHDL file "C:/Users/flavi/Desktop/Perceptron_network/MLP/MLP.srcs/sim_1/new/simulation_Layer.vhd" into library xil_defaultlib
INFO: [VRFC 10-3107] analyzing entity 'simulation_Layer'
INFO: [USF-XSim-69] 'compile' step finished in '1' seconds
INFO: [USF-XSim-3] XSim::Elaborate design
INFO: [USF-XSim-61] Executing 'ELABORATE' step in 'C:/Users/flavi/Desktop/Perceptron_network/MLP/MLP.sim/sim_1/behav/xsim'
"xelab --incr --debug typical --relax --mt 2 -L xil_defaultlib -L secureip --snapshot simulation_Layer_behav xil_defaultlib.simulation_Layer -log elaborate.log"
Vivado Simulator v2025.2
Copyright 1986-2022 Xilinx, Inc. All Rights Reserved.
Copyright 2022-2025 Advanced Micro Devices, Inc. All Rights Reserved.
Running: C:/Program/2025.2/Vivado/bin/unwrapped/win64.o/xelab.exe --incr --debug typical --relax --mt 2 -L xil_defaultlib -L secureip --snapshot simulation_Layer_behav xil_defaultlib.simulation_Layer -log elaborate.log 
Using 2 slave threads.
Starting static elaboration
Completed static elaboration
Starting simulation data flow analysis
Completed simulation data flow analysis
Time Resolution for simulation is 1ps
Compiling package std.standard
Compiling package std.textio
Compiling package ieee.std_logic_1164
Compiling package ieee.std_logic_arith
Compiling package ieee.std_logic_unsigned
Compiling package ieee.numeric_std
Compiling architecture behavioral of entity xil_defaultlib.Perceptron_BRAM [perceptron_bram_default]
Compiling architecture rtl of entity xil_defaultlib.WEIGHTS [weights_default]
Compiling architecture behavioral of entity xil_defaultlib.Layer [layer_default]
Compiling architecture bench of entity xil_defaultlib.simulation_layer
Built simulation snapshot simulation_Layer_behav
INFO: [USF-XSim-69] 'elaborate' step finished in '2' seconds
INFO: [USF-XSim-4] XSim::Simulate design
INFO: [USF-XSim-61] Executing 'SIMULATE' step in 'C:/Users/flavi/Desktop/Perceptron_network/MLP/MLP.sim/sim_1/behav/xsim'
INFO: [USF-XSim-98] *** Running xsim
   with args "simulation_Layer_behav -key {Behavioral:sim_1:Functional:simulation_Layer} -tclbatch {simulation_Layer.tcl} -view {C:/Users/flavi/Desktop/Perceptron_network/MLP/simulation_Perceptron_CONFIG.wcfg} -log {simulate.log}"
INFO: [USF-XSim-8] Loading simulator feature
Time resolution is 1 ps
open_wave_config C:/Users/flavi/Desktop/Perceptron_network/MLP/simulation_Perceptron_CONFIG.wcfg
source simulation_Layer.tcl
# set curr_wave [current_wave_config]
# if { [string length $curr_wave] == 0 } {
#   if { [llength [get_objects]] > 0} {
#     add_wave /
#     set_property needs_save false [current_wave_config]
#   } else {
#      send_msg_id Add_Wave-1 WARNING "No top level signals found. Simulator will start without a wave window. If you want to open a wave window go to 'File->New Waveform Configuration' or type 'create_wave_config' in the TCL console."
#   }
# }
# run 1000ns
INFO: [USF-XSim-96] XSim completed. Design snapshot 'simulation_Layer_behav' loaded.
INFO: [USF-XSim-97] XSim simulation ran for 1000ns
launch_simulation: Time (s): cpu = 00:00:02 ; elapsed = 00:00:06 . Memory (MB): peak = 3442.891 ; gain = 0.000
run 15 us
close_sim
INFO: [Simtcl 6-16] Simulation closed
WARNING: [filemgmt 56-199] Attempt to get parsing info during refresh. "On-the-fly" syntax checking information may be incorrect. [C:\Users\flavi\Desktop\Perceptron_network\MLP\MLP.srcs\sources_1\new\WEIGHTS.vhd:]
WARNING: [filemgmt 56-199] Attempt to get parsing info during refresh. "On-the-fly" syntax checking information may be incorrect. [C:\Users\flavi\Desktop\Perceptron_network\MLP\MLP.srcs\sources_1\new\Layer.vhd:]
WARNING: [filemgmt 56-199] Attempt to get parsing info during refresh. "On-the-fly" syntax checking information may be incorrect. [C:\Users\flavi\Desktop\Perceptron_network\MLP\MLP.srcs\sim_1\new\simulation_Layer.vhd:]
WARNING: [filemgmt 56-199] Attempt to get parsing info during refresh. "On-the-fly" syntax checking information may be incorrect. [C:\Users\flavi\Desktop\Perceptron_network\MLP\MLP.srcs\sources_1\new\Perceptron_BRAM.vhd:]
WARNING: [filemgmt 56-199] Attempt to get parsing info during refresh. "On-the-fly" syntax checking information may be incorrect. [C:\Users\flavi\Desktop\Perceptron_network\MLP\MLP.srcs\sim_1\new\simulation_Layer.vhd:]
WARNING: [filemgmt 56-199] Attempt to get parsing info during refresh. "On-the-fly" syntax checking information may be incorrect. [C:\Users\flavi\Desktop\Perceptron_network\MLP\MLP.srcs\sim_1\new\simulation_Layer.vhd:]
WARNING: [filemgmt 56-199] Attempt to get parsing info during refresh. "On-the-fly" syntax checking information may be incorrect. [C:\Users\flavi\Desktop\Perceptron_network\MLP\MLP.srcs\sources_1\new\WEIGHTS.vhd:]
WARNING: [filemgmt 56-199] Attempt to get parsing info during refresh. "On-the-fly" syntax checking information may be incorrect. [C:\Users\flavi\Desktop\Perceptron_network\MLP\MLP.srcs\sources_1\new\Layer.vhd:]
WARNING: [filemgmt 56-199] Attempt to get parsing info during refresh. "On-the-fly" syntax checking information may be incorrect. [C:\Users\flavi\Desktop\Perceptron_network\MLP\MLP.srcs\sim_1\new\simulation_Layer.vhd:]
WARNING: [filemgmt 56-199] Attempt to get parsing info during refresh. "On-the-fly" syntax checking information may be incorrect. [C:\Users\flavi\Desktop\Perceptron_network\MLP\MLP.srcs\sources_1\new\Perceptron_BRAM.vhd:]
WARNING: [filemgmt 56-199] Attempt to get parsing info during refresh. "On-the-fly" syntax checking information may be incorrect. [C:\Users\flavi\Desktop\Perceptron_network\MLP\MLP.srcs\sources_1\new\Layer.vhd:]
WARNING: [filemgmt 56-199] Attempt to get parsing info during refresh. "On-the-fly" syntax checking information may be incorrect. [C:\Users\flavi\Desktop\Perceptron_network\MLP\MLP.srcs\sources_1\new\Layer.vhd:]
WARNING: [filemgmt 56-199] Attempt to get parsing info during refresh. "On-the-fly" syntax checking information may be incorrect. [C:\Users\flavi\Desktop\Perceptron_network\MLP\MLP.srcs\sources_1\new\WEIGHTS.vhd:]
WARNING: [filemgmt 56-199] Attempt to get parsing info during refresh. "On-the-fly" syntax checking information may be incorrect. [C:\Users\flavi\Desktop\Perceptron_network\MLP\MLP.srcs\sources_1\new\Layer.vhd:]
WARNING: [filemgmt 56-199] Attempt to get parsing info during refresh. "On-the-fly" syntax checking information may be incorrect. [C:\Users\flavi\Desktop\Perceptron_network\MLP\MLP.srcs\sim_1\new\simulation_Layer.vhd:]
WARNING: [filemgmt 56-199] Attempt to get parsing info during refresh. "On-the-fly" syntax checking information may be incorrect. [C:\Users\flavi\Desktop\Perceptron_network\MLP\MLP.srcs\sources_1\new\Perceptron_BRAM.vhd:]
WARNING: [filemgmt 56-199] Attempt to get parsing info during refresh. "On-the-fly" syntax checking information may be incorrect. [C:\Users\flavi\Desktop\Perceptron_network\MLP\MLP.srcs\sim_1\new\simulation_Layer.vhd:]
WARNING: [filemgmt 56-199] Attempt to get parsing info during refresh. "On-the-fly" syntax checking information may be incorrect. [C:\Users\flavi\Desktop\Perceptron_network\MLP\MLP.srcs\sim_1\new\simulation_Layer.vhd:]
WARNING: [filemgmt 56-199] Attempt to get parsing info during refresh. "On-the-fly" syntax checking information may be incorrect. [C:\Users\flavi\Desktop\Perceptron_network\MLP\MLP.srcs\sources_1\new\WEIGHTS.vhd:]
WARNING: [filemgmt 56-199] Attempt to get parsing info during refresh. "On-the-fly" syntax checking information may be incorrect. [C:\Users\flavi\Desktop\Perceptron_network\MLP\MLP.srcs\sources_1\new\Layer.vhd:]
WARNING: [filemgmt 56-199] Attempt to get parsing info during refresh. "On-the-fly" syntax checking information may be incorrect. [C:\Users\flavi\Desktop\Perceptron_network\MLP\MLP.srcs\sim_1\new\simulation_Layer.vhd:]
WARNING: [filemgmt 56-199] Attempt to get parsing info during refresh. "On-the-fly" syntax checking information may be incorrect. [C:\Users\flavi\Desktop\Perceptron_network\MLP\MLP.srcs\sources_1\new\Perceptron_BRAM.vhd:]
WARNING: [filemgmt 56-199] Attempt to get parsing info during refresh. "On-the-fly" syntax checking information may be incorrect. [C:\Users\flavi\Desktop\Perceptron_network\MLP\MLP.srcs\sources_1\new\Perceptron_BRAM.vhd:]
WARNING: [filemgmt 56-199] Attempt to get parsing info during refresh. "On-the-fly" syntax checking information may be incorrect. [C:\Users\flavi\Desktop\Perceptron_network\MLP\MLP.srcs\sources_1\new\Perceptron_BRAM.vhd:]
ERROR: [Common 17-180] Spawn failed: The operation completed successfully.

WARNING: [filemgmt 56-199] Attempt to get parsing info during refresh. "On-the-fly" syntax checking information may be incorrect. [C:\Users\flavi\Desktop\Perceptron_network\MLP\MLP.srcs\sources_1\new\WEIGHTS.vhd:]
WARNING: [filemgmt 56-199] Attempt to get parsing info during refresh. "On-the-fly" syntax checking information may be incorrect. [C:\Users\flavi\Desktop\Perceptron_network\MLP\MLP.srcs\sources_1\new\Layer.vhd:]
WARNING: [filemgmt 56-199] Attempt to get parsing info during refresh. "On-the-fly" syntax checking information may be incorrect. [C:\Users\flavi\Desktop\Perceptron_network\MLP\MLP.srcs\sim_1\new\simulation_Layer.vhd:]
WARNING: [filemgmt 56-199] Attempt to get parsing info during refresh. "On-the-fly" syntax checking information may be incorrect. [C:\Users\flavi\Desktop\Perceptron_network\MLP\MLP.srcs\sources_1\new\Perceptron_BRAM.vhd:]
WARNING: [filemgmt 56-199] Attempt to get parsing info during refresh. "On-the-fly" syntax checking information may be incorrect. [C:\Users\flavi\Desktop\Perceptron_network\MLP\MLP.srcs\sources_1\new\WEIGHTS.vhd:]
WARNING: [filemgmt 56-199] Attempt to get parsing info during refresh. "On-the-fly" syntax checking information may be incorrect. [C:\Users\flavi\Desktop\Perceptron_network\MLP\MLP.srcs\sources_1\new\WEIGHTS.vhd:]
WARNING: [filemgmt 56-199] Attempt to get parsing info during refresh. "On-the-fly" syntax checking information may be incorrect. [C:\Users\flavi\Desktop\Perceptron_network\MLP\MLP.srcs\sources_1\new\Layer.vhd:]
WARNING: [filemgmt 56-199] Attempt to get parsing info during refresh. "On-the-fly" syntax checking information may be incorrect. [C:\Users\flavi\Desktop\Perceptron_network\MLP\MLP.srcs\sources_1\new\Layer.vhd:]
launch_simulation
Command: launch_simulation 
INFO: [Vivado 12-25911] Executing simulation for 'XSim' simulator
INFO: [Vivado 12-28535] Process started - Thu Jan 29 18:47:23 2026

INFO: [Vivado 12-12493] Simulation top is 'simulation_Layer'
INFO: [Vivado 12-5682] Launching behavioral simulation in 'C:/Users/flavi/Desktop/Perceptron_network/MLP/MLP.sim/sim_1/behav/xsim'
INFO: [SIM-utils-51] Simulation object is 'sim_1'
INFO: [SIM-utils-72] Using boost library from 'C:/Program/2025.2/Vivado/tps/boost_1_72_0'
INFO: [SIM-utils-54] Inspecting design source files for 'simulation_Layer' in fileset 'sim_1'...
INFO: [USF-XSim-97] Finding global include files...
INFO: [USF-XSim-100] Fetching design files from 'sources_1'...(this may take a while)...
INFO: [USF-XSim-101] Fetching design files from 'sim_1'...
INFO: [USF-XSim-2] XSim::Compile design
INFO: [USF-XSim-61] Executing 'COMPILE and ANALYZE' step in 'C:/Users/flavi/Desktop/Perceptron_network/MLP/MLP.sim/sim_1/behav/xsim'
"xvhdl --incr --relax -prj simulation_Layer_vhdl.prj"
INFO: [VRFC 10-163] Analyzing VHDL file "C:/Users/flavi/Desktop/Perceptron_network/MLP/MLP.srcs/sim_1/new/simulation_Layer.vhd" into library xil_defaultlib
INFO: [VRFC 10-3107] analyzing entity 'simulation_Layer'
INFO: [USF-XSim-69] 'compile' step finished in '1' seconds
INFO: [USF-XSim-3] XSim::Elaborate design
INFO: [USF-XSim-61] Executing 'ELABORATE' step in 'C:/Users/flavi/Desktop/Perceptron_network/MLP/MLP.sim/sim_1/behav/xsim'
"xelab --incr --debug typical --relax --mt 2 -L xil_defaultlib -L secureip --snapshot simulation_Layer_behav xil_defaultlib.simulation_Layer -log elaborate.log"
Vivado Simulator v2025.2
Copyright 1986-2022 Xilinx, Inc. All Rights Reserved.
Copyright 2022-2025 Advanced Micro Devices, Inc. All Rights Reserved.
Running: C:/Program/2025.2/Vivado/bin/unwrapped/win64.o/xelab.exe --incr --debug typical --relax --mt 2 -L xil_defaultlib -L secureip --snapshot simulation_Layer_behav xil_defaultlib.simulation_Layer -log elaborate.log 
Using 2 slave threads.
Starting static elaboration
Completed static elaboration
Starting simulation data flow analysis
Completed simulation data flow analysis
Time Resolution for simulation is 1ps
Compiling package std.standard
Compiling package std.textio
Compiling package ieee.std_logic_1164
Compiling package ieee.std_logic_arith
Compiling package ieee.std_logic_unsigned
Compiling package ieee.numeric_std
Compiling architecture behavioral of entity xil_defaultlib.Perceptron_BRAM [perceptron_bram_default]
Compiling architecture rtl of entity xil_defaultlib.WEIGHTS [weights_default]
Compiling architecture behavioral of entity xil_defaultlib.Layer [layer_default]
Compiling architecture bench of entity xil_defaultlib.simulation_layer
Built simulation snapshot simulation_Layer_behav
INFO: [USF-XSim-69] 'elaborate' step finished in '2' seconds
INFO: [USF-XSim-4] XSim::Simulate design
INFO: [USF-XSim-61] Executing 'SIMULATE' step in 'C:/Users/flavi/Desktop/Perceptron_network/MLP/MLP.sim/sim_1/behav/xsim'
INFO: [USF-XSim-98] *** Running xsim
   with args "simulation_Layer_behav -key {Behavioral:sim_1:Functional:simulation_Layer} -tclbatch {simulation_Layer.tcl} -view {C:/Users/flavi/Desktop/Perceptron_network/MLP/simulation_Perceptron_CONFIG.wcfg} -log {simulate.log}"
INFO: [USF-XSim-8] Loading simulator feature
Time resolution is 1 ps
open_wave_config C:/Users/flavi/Desktop/Perceptron_network/MLP/simulation_Perceptron_CONFIG.wcfg
source simulation_Layer.tcl
# set curr_wave [current_wave_config]
# if { [string length $curr_wave] == 0 } {
#   if { [llength [get_objects]] > 0} {
#     add_wave /
#     set_property needs_save false [current_wave_config]
#   } else {
#      send_msg_id Add_Wave-1 WARNING "No top level signals found. Simulator will start without a wave window. If you want to open a wave window go to 'File->New Waveform Configuration' or type 'create_wave_config' in the TCL console."
#   }
# }
# run 1000ns
INFO: [USF-XSim-96] XSim completed. Design snapshot 'simulation_Layer_behav' loaded.
INFO: [USF-XSim-97] XSim simulation ran for 1000ns
launch_simulation: Time (s): cpu = 00:00:02 ; elapsed = 00:00:06 . Memory (MB): peak = 3442.891 ; gain = 0.000
run 15 us
WARNING: [filemgmt 56-199] Attempt to get parsing info during refresh. "On-the-fly" syntax checking information may be incorrect. [C:\Users\flavi\Desktop\Perceptron_network\MLP\MLP.srcs\sources_1\new\WEIGHTS.vhd:]
WARNING: [filemgmt 56-199] Attempt to get parsing info during refresh. "On-the-fly" syntax checking information may be incorrect. [C:\Users\flavi\Desktop\Perceptron_network\MLP\MLP.srcs\sources_1\new\Layer.vhd:]
WARNING: [filemgmt 56-199] Attempt to get parsing info during refresh. "On-the-fly" syntax checking information may be incorrect. [C:\Users\flavi\Desktop\Perceptron_network\MLP\MLP.srcs\sim_1\new\simulation_Layer.vhd:]
WARNING: [filemgmt 56-199] Attempt to get parsing info during refresh. "On-the-fly" syntax checking information may be incorrect. [C:\Users\flavi\Desktop\Perceptron_network\MLP\MLP.srcs\sources_1\new\Perceptron_BRAM.vhd:]
WARNING: [filemgmt 56-199] Attempt to get parsing info during refresh. "On-the-fly" syntax checking information may be incorrect. [C:\Users\flavi\Desktop\Perceptron_network\MLP\MLP.srcs\sim_1\new\simulation_Layer.vhd:]
WARNING: [filemgmt 56-199] Attempt to get parsing info during refresh. "On-the-fly" syntax checking information may be incorrect. [C:\Users\flavi\Desktop\Perceptron_network\MLP\MLP.srcs\sim_1\new\simulation_Layer.vhd:]
WARNING: [filemgmt 56-199] Attempt to get parsing info during refresh. "On-the-fly" syntax checking information may be incorrect. [C:\Users\flavi\Desktop\Perceptron_network\MLP\MLP.srcs\sources_1\new\WEIGHTS.vhd:]
WARNING: [filemgmt 56-199] Attempt to get parsing info during refresh. "On-the-fly" syntax checking information may be incorrect. [C:\Users\flavi\Desktop\Perceptron_network\MLP\MLP.srcs\sources_1\new\Layer.vhd:]
WARNING: [filemgmt 56-199] Attempt to get parsing info during refresh. "On-the-fly" syntax checking information may be incorrect. [C:\Users\flavi\Desktop\Perceptron_network\MLP\MLP.srcs\sim_1\new\simulation_Layer.vhd:]
WARNING: [filemgmt 56-199] Attempt to get parsing info during refresh. "On-the-fly" syntax checking information may be incorrect. [C:\Users\flavi\Desktop\Perceptron_network\MLP\MLP.srcs\sources_1\new\Perceptron_BRAM.vhd:]
WARNING: [filemgmt 56-199] Attempt to get parsing info during refresh. "On-the-fly" syntax checking information may be incorrect. [C:\Users\flavi\Desktop\Perceptron_network\MLP\MLP.srcs\sources_1\new\WEIGHTS.vhd:]
WARNING: [filemgmt 56-199] Attempt to get parsing info during refresh. "On-the-fly" syntax checking information may be incorrect. [C:\Users\flavi\Desktop\Perceptron_network\MLP\MLP.srcs\sources_1\new\WEIGHTS.vhd:]
ERROR: [Common 17-180] Spawn failed: The operation completed successfully.

WARNING: [filemgmt 56-199] Attempt to get parsing info during refresh. "On-the-fly" syntax checking information may be incorrect. [C:\Users\flavi\Desktop\Perceptron_network\MLP\MLP.srcs\sources_1\new\WEIGHTS.vhd:]
WARNING: [filemgmt 56-199] Attempt to get parsing info during refresh. "On-the-fly" syntax checking information may be incorrect. [C:\Users\flavi\Desktop\Perceptron_network\MLP\MLP.srcs\sources_1\new\Layer.vhd:]
WARNING: [filemgmt 56-199] Attempt to get parsing info during refresh. "On-the-fly" syntax checking information may be incorrect. [C:\Users\flavi\Desktop\Perceptron_network\MLP\MLP.srcs\sim_1\new\simulation_Layer.vhd:]
WARNING: [filemgmt 56-199] Attempt to get parsing info during refresh. "On-the-fly" syntax checking information may be incorrect. [C:\Users\flavi\Desktop\Perceptron_network\MLP\MLP.srcs\sources_1\new\Perceptron_BRAM.vhd:]
WARNING: [filemgmt 56-199] Attempt to get parsing info during refresh. "On-the-fly" syntax checking information may be incorrect. [C:\Users\flavi\Desktop\Perceptron_network\MLP\MLP.srcs\sources_1\new\Layer.vhd:]
WARNING: [filemgmt 56-199] Attempt to get parsing info during refresh. "On-the-fly" syntax checking information may be incorrect. [C:\Users\flavi\Desktop\Perceptron_network\MLP\MLP.srcs\sources_1\new\Layer.vhd:]
save_wave_config {C:/Users/flavi/Desktop/Perceptron_network/MLP/simulation_Perceptron_CONFIG.wcfg}
close_sim
INFO: [Simtcl 6-16] Simulation closed
launch_simulation
Command: launch_simulation 
INFO: [Vivado 12-25911] Executing simulation for 'XSim' simulator
INFO: [Vivado 12-28535] Process started - Thu Jan 29 19:01:31 2026

INFO: [Vivado 12-12493] Simulation top is 'simulation_Layer'
INFO: [Vivado 12-5682] Launching behavioral simulation in 'C:/Users/flavi/Desktop/Perceptron_network/MLP/MLP.sim/sim_1/behav/xsim'
INFO: [SIM-utils-51] Simulation object is 'sim_1'
INFO: [SIM-utils-72] Using boost library from 'C:/Program/2025.2/Vivado/tps/boost_1_72_0'
INFO: [SIM-utils-54] Inspecting design source files for 'simulation_Layer' in fileset 'sim_1'...
INFO: [USF-XSim-97] Finding global include files...
INFO: [USF-XSim-100] Fetching design files from 'sources_1'...(this may take a while)...
INFO: [USF-XSim-101] Fetching design files from 'sim_1'...
INFO: [USF-XSim-2] XSim::Compile design
INFO: [USF-XSim-61] Executing 'COMPILE and ANALYZE' step in 'C:/Users/flavi/Desktop/Perceptron_network/MLP/MLP.sim/sim_1/behav/xsim'
"xvhdl --incr --relax -prj simulation_Layer_vhdl.prj"
INFO: [VRFC 10-163] Analyzing VHDL file "C:/Users/flavi/Desktop/Perceptron_network/MLP/MLP.srcs/sim_1/new/simulation_Layer.vhd" into library xil_defaultlib
INFO: [VRFC 10-3107] analyzing entity 'simulation_Layer'
INFO: [USF-XSim-69] 'compile' step finished in '1' seconds
INFO: [USF-XSim-3] XSim::Elaborate design
INFO: [USF-XSim-61] Executing 'ELABORATE' step in 'C:/Users/flavi/Desktop/Perceptron_network/MLP/MLP.sim/sim_1/behav/xsim'
"xelab --incr --debug typical --relax --mt 2 -L xil_defaultlib -L secureip --snapshot simulation_Layer_behav xil_defaultlib.simulation_Layer -log elaborate.log"
Vivado Simulator v2025.2
Copyright 1986-2022 Xilinx, Inc. All Rights Reserved.
Copyright 2022-2025 Advanced Micro Devices, Inc. All Rights Reserved.
Running: C:/Program/2025.2/Vivado/bin/unwrapped/win64.o/xelab.exe --incr --debug typical --relax --mt 2 -L xil_defaultlib -L secureip --snapshot simulation_Layer_behav xil_defaultlib.simulation_Layer -log elaborate.log 
Using 2 slave threads.
Starting static elaboration
Completed static elaboration
Starting simulation data flow analysis
Completed simulation data flow analysis
Time Resolution for simulation is 1ps
Compiling package std.standard
Compiling package std.textio
Compiling package ieee.std_logic_1164
Compiling package ieee.std_logic_arith
Compiling package ieee.std_logic_unsigned
Compiling package ieee.numeric_std
Compiling architecture behavioral of entity xil_defaultlib.Perceptron_BRAM [perceptron_bram_default]
Compiling architecture rtl of entity xil_defaultlib.WEIGHTS [weights_default]
Compiling architecture behavioral of entity xil_defaultlib.Layer [layer_default]
Compiling architecture bench of entity xil_defaultlib.simulation_layer
Built simulation snapshot simulation_Layer_behav
INFO: [USF-XSim-69] 'elaborate' step finished in '2' seconds
INFO: [USF-XSim-4] XSim::Simulate design
INFO: [USF-XSim-61] Executing 'SIMULATE' step in 'C:/Users/flavi/Desktop/Perceptron_network/MLP/MLP.sim/sim_1/behav/xsim'
INFO: [USF-XSim-98] *** Running xsim
   with args "simulation_Layer_behav -key {Behavioral:sim_1:Functional:simulation_Layer} -tclbatch {simulation_Layer.tcl} -view {C:/Users/flavi/Desktop/Perceptron_network/MLP/simulation_Perceptron_CONFIG.wcfg} -log {simulate.log}"
INFO: [USF-XSim-8] Loading simulator feature
Time resolution is 1 ps
open_wave_config C:/Users/flavi/Desktop/Perceptron_network/MLP/simulation_Perceptron_CONFIG.wcfg
source simulation_Layer.tcl
# set curr_wave [current_wave_config]
# if { [string length $curr_wave] == 0 } {
#   if { [llength [get_objects]] > 0} {
#     add_wave /
#     set_property needs_save false [current_wave_config]
#   } else {
#      send_msg_id Add_Wave-1 WARNING "No top level signals found. Simulator will start without a wave window. If you want to open a wave window go to 'File->New Waveform Configuration' or type 'create_wave_config' in the TCL console."
#   }
# }
# run 1000ns
INFO: [USF-XSim-96] XSim completed. Design snapshot 'simulation_Layer_behav' loaded.
INFO: [USF-XSim-97] XSim simulation ran for 1000ns
launch_simulation: Time (s): cpu = 00:00:02 ; elapsed = 00:00:06 . Memory (MB): peak = 3442.891 ; gain = 0.000
run 15 us
close_sim
INFO: [Simtcl 6-16] Simulation closed
launch_simulation
Command: launch_simulation 
INFO: [Vivado 12-25911] Executing simulation for 'XSim' simulator
INFO: [Vivado 12-28535] Process started - Thu Jan 29 19:06:47 2026

INFO: [Vivado 12-12493] Simulation top is 'simulation_Layer'
INFO: [Vivado 12-5682] Launching behavioral simulation in 'C:/Users/flavi/Desktop/Perceptron_network/MLP/MLP.sim/sim_1/behav/xsim'
INFO: [SIM-utils-51] Simulation object is 'sim_1'
INFO: [SIM-utils-72] Using boost library from 'C:/Program/2025.2/Vivado/tps/boost_1_72_0'
INFO: [SIM-utils-54] Inspecting design source files for 'simulation_Layer' in fileset 'sim_1'...
INFO: [USF-XSim-97] Finding global include files...
INFO: [USF-XSim-100] Fetching design files from 'sources_1'...(this may take a while)...
INFO: [USF-XSim-101] Fetching design files from 'sim_1'...
INFO: [USF-XSim-2] XSim::Compile design
INFO: [USF-XSim-61] Executing 'COMPILE and ANALYZE' step in 'C:/Users/flavi/Desktop/Perceptron_network/MLP/MLP.sim/sim_1/behav/xsim'
"xvhdl --incr --relax -prj simulation_Layer_vhdl.prj"
INFO: [VRFC 10-163] Analyzing VHDL file "C:/Users/flavi/Desktop/Perceptron_network/MLP/MLP.srcs/sim_1/new/simulation_Layer.vhd" into library xil_defaultlib
INFO: [VRFC 10-3107] analyzing entity 'simulation_Layer'
INFO: [USF-XSim-69] 'compile' step finished in '2' seconds
INFO: [USF-XSim-3] XSim::Elaborate design
INFO: [USF-XSim-61] Executing 'ELABORATE' step in 'C:/Users/flavi/Desktop/Perceptron_network/MLP/MLP.sim/sim_1/behav/xsim'
"xelab --incr --debug typical --relax --mt 2 -L xil_defaultlib -L secureip --snapshot simulation_Layer_behav xil_defaultlib.simulation_Layer -log elaborate.log"
Vivado Simulator v2025.2
Copyright 1986-2022 Xilinx, Inc. All Rights Reserved.
Copyright 2022-2025 Advanced Micro Devices, Inc. All Rights Reserved.
Running: C:/Program/2025.2/Vivado/bin/unwrapped/win64.o/xelab.exe --incr --debug typical --relax --mt 2 -L xil_defaultlib -L secureip --snapshot simulation_Layer_behav xil_defaultlib.simulation_Layer -log elaborate.log 
Using 2 slave threads.
Starting static elaboration
Completed static elaboration
Starting simulation data flow analysis
Completed simulation data flow analysis
Time Resolution for simulation is 1ps
Compiling package std.standard
Compiling package std.textio
Compiling package ieee.std_logic_1164
Compiling package ieee.std_logic_arith
Compiling package ieee.std_logic_unsigned
Compiling package ieee.numeric_std
Compiling architecture behavioral of entity xil_defaultlib.Perceptron_BRAM [perceptron_bram_default]
Compiling architecture rtl of entity xil_defaultlib.WEIGHTS [weights_default]
Compiling architecture behavioral of entity xil_defaultlib.Layer [layer_default]
Compiling architecture bench of entity xil_defaultlib.simulation_layer
Built simulation snapshot simulation_Layer_behav
INFO: [USF-XSim-69] 'elaborate' step finished in '1' seconds
INFO: [USF-XSim-4] XSim::Simulate design
INFO: [USF-XSim-61] Executing 'SIMULATE' step in 'C:/Users/flavi/Desktop/Perceptron_network/MLP/MLP.sim/sim_1/behav/xsim'
INFO: [USF-XSim-98] *** Running xsim
   with args "simulation_Layer_behav -key {Behavioral:sim_1:Functional:simulation_Layer} -tclbatch {simulation_Layer.tcl} -view {C:/Users/flavi/Desktop/Perceptron_network/MLP/simulation_Perceptron_CONFIG.wcfg} -log {simulate.log}"
INFO: [USF-XSim-8] Loading simulator feature
Time resolution is 1 ps
open_wave_config C:/Users/flavi/Desktop/Perceptron_network/MLP/simulation_Perceptron_CONFIG.wcfg
source simulation_Layer.tcl
# set curr_wave [current_wave_config]
# if { [string length $curr_wave] == 0 } {
#   if { [llength [get_objects]] > 0} {
#     add_wave /
#     set_property needs_save false [current_wave_config]
#   } else {
#      send_msg_id Add_Wave-1 WARNING "No top level signals found. Simulator will start without a wave window. If you want to open a wave window go to 'File->New Waveform Configuration' or type 'create_wave_config' in the TCL console."
#   }
# }
# run 1000ns
INFO: [USF-XSim-96] XSim completed. Design snapshot 'simulation_Layer_behav' loaded.
INFO: [USF-XSim-97] XSim simulation ran for 1000ns
run 15 us
run 16 us
close_sim
INFO: [Simtcl 6-16] Simulation closed
WARNING: [filemgmt 56-199] Attempt to get parsing info during refresh. "On-the-fly" syntax checking information may be incorrect. [C:\Users\flavi\Desktop\Perceptron_network\MLP\MLP.srcs\sources_1\new\WEIGHTS.vhd:]
WARNING: [filemgmt 56-199] Attempt to get parsing info during refresh. "On-the-fly" syntax checking information may be incorrect. [C:\Users\flavi\Desktop\Perceptron_network\MLP\MLP.srcs\sources_1\new\Layer.vhd:]
WARNING: [filemgmt 56-199] Attempt to get parsing info during refresh. "On-the-fly" syntax checking information may be incorrect. [C:\Users\flavi\Desktop\Perceptron_network\MLP\MLP.srcs\sim_1\new\simulation_Layer.vhd:]
WARNING: [filemgmt 56-199] Attempt to get parsing info during refresh. "On-the-fly" syntax checking information may be incorrect. [C:\Users\flavi\Desktop\Perceptron_network\MLP\MLP.srcs\sources_1\new\Perceptron_BRAM.vhd:]
WARNING: [filemgmt 56-199] Attempt to get parsing info during refresh. "On-the-fly" syntax checking information may be incorrect. [C:\Users\flavi\Desktop\Perceptron_network\MLP\MLP.srcs\sim_1\new\simulation_Layer.vhd:]
WARNING: [filemgmt 56-199] Attempt to get parsing info during refresh. "On-the-fly" syntax checking information may be incorrect. [C:\Users\flavi\Desktop\Perceptron_network\MLP\MLP.srcs\sim_1\new\simulation_Layer.vhd:]
WARNING: [filemgmt 56-199] Attempt to get parsing info during refresh. "On-the-fly" syntax checking information may be incorrect. [C:\Users\flavi\Desktop\Perceptron_network\MLP\MLP.srcs\sources_1\new\WEIGHTS.vhd:]
WARNING: [filemgmt 56-199] Attempt to get parsing info during refresh. "On-the-fly" syntax checking information may be incorrect. [C:\Users\flavi\Desktop\Perceptron_network\MLP\MLP.srcs\sources_1\new\Layer.vhd:]
WARNING: [filemgmt 56-199] Attempt to get parsing info during refresh. "On-the-fly" syntax checking information may be incorrect. [C:\Users\flavi\Desktop\Perceptron_network\MLP\MLP.srcs\sim_1\new\simulation_Layer.vhd:]
WARNING: [filemgmt 56-199] Attempt to get parsing info during refresh. "On-the-fly" syntax checking information may be incorrect. [C:\Users\flavi\Desktop\Perceptron_network\MLP\MLP.srcs\sources_1\new\Perceptron_BRAM.vhd:]
WARNING: [filemgmt 56-199] Attempt to get parsing info during refresh. "On-the-fly" syntax checking information may be incorrect. [C:\Users\flavi\Desktop\Perceptron_network\MLP\MLP.srcs\sim_1\new\simulation_Layer.vhd:]
WARNING: [filemgmt 56-199] Attempt to get parsing info during refresh. "On-the-fly" syntax checking information may be incorrect. [C:\Users\flavi\Desktop\Perceptron_network\MLP\MLP.srcs\sim_1\new\simulation_Layer.vhd:]
WARNING: [filemgmt 56-199] Attempt to get parsing info during refresh. "On-the-fly" syntax checking information may be incorrect. [C:\Users\flavi\Desktop\Perceptron_network\MLP\MLP.srcs\sources_1\new\WEIGHTS.vhd:]
WARNING: [filemgmt 56-199] Attempt to get parsing info during refresh. "On-the-fly" syntax checking information may be incorrect. [C:\Users\flavi\Desktop\Perceptron_network\MLP\MLP.srcs\sources_1\new\Layer.vhd:]
WARNING: [filemgmt 56-199] Attempt to get parsing info during refresh. "On-the-fly" syntax checking information may be incorrect. [C:\Users\flavi\Desktop\Perceptron_network\MLP\MLP.srcs\sim_1\new\simulation_Layer.vhd:]
WARNING: [filemgmt 56-199] Attempt to get parsing info during refresh. "On-the-fly" syntax checking information may be incorrect. [C:\Users\flavi\Desktop\Perceptron_network\MLP\MLP.srcs\sources_1\new\Perceptron_BRAM.vhd:]
WARNING: [filemgmt 56-199] Attempt to get parsing info during refresh. "On-the-fly" syntax checking information may be incorrect. [C:\Users\flavi\Desktop\Perceptron_network\MLP\MLP.srcs\sources_1\new\Layer.vhd:]
WARNING: [filemgmt 56-199] Attempt to get parsing info during refresh. "On-the-fly" syntax checking information may be incorrect. [C:\Users\flavi\Desktop\Perceptron_network\MLP\MLP.srcs\sources_1\new\Layer.vhd:]
WARNING: [filemgmt 56-199] Attempt to get parsing info during refresh. "On-the-fly" syntax checking information may be incorrect. [C:\Users\flavi\Desktop\Perceptron_network\MLP\MLP.srcs\sources_1\new\WEIGHTS.vhd:]
WARNING: [filemgmt 56-199] Attempt to get parsing info during refresh. "On-the-fly" syntax checking information may be incorrect. [C:\Users\flavi\Desktop\Perceptron_network\MLP\MLP.srcs\sources_1\new\Layer.vhd:]
WARNING: [filemgmt 56-199] Attempt to get parsing info during refresh. "On-the-fly" syntax checking information may be incorrect. [C:\Users\flavi\Desktop\Perceptron_network\MLP\MLP.srcs\sim_1\new\simulation_Layer.vhd:]
WARNING: [filemgmt 56-199] Attempt to get parsing info during refresh. "On-the-fly" syntax checking information may be incorrect. [C:\Users\flavi\Desktop\Perceptron_network\MLP\MLP.srcs\sources_1\new\Perceptron_BRAM.vhd:]
WARNING: [filemgmt 56-199] Attempt to get parsing info during refresh. "On-the-fly" syntax checking information may be incorrect. [C:\Users\flavi\Desktop\Perceptron_network\MLP\MLP.srcs\sources_1\new\Perceptron_BRAM.vhd:]
WARNING: [filemgmt 56-199] Attempt to get parsing info during refresh. "On-the-fly" syntax checking information may be incorrect. [C:\Users\flavi\Desktop\Perceptron_network\MLP\MLP.srcs\sources_1\new\Perceptron_BRAM.vhd:]
WARNING: [filemgmt 56-199] Attempt to get parsing info during refresh. "On-the-fly" syntax checking information may be incorrect. [C:\Users\flavi\Desktop\Perceptron_network\MLP\MLP.srcs\sources_1\new\WEIGHTS.vhd:]
WARNING: [filemgmt 56-199] Attempt to get parsing info during refresh. "On-the-fly" syntax checking information may be incorrect. [C:\Users\flavi\Desktop\Perceptron_network\MLP\MLP.srcs\sources_1\new\Layer.vhd:]
WARNING: [filemgmt 56-199] Attempt to get parsing info during refresh. "On-the-fly" syntax checking information may be incorrect. [C:\Users\flavi\Desktop\Perceptron_network\MLP\MLP.srcs\sim_1\new\simulation_Layer.vhd:]
WARNING: [filemgmt 56-199] Attempt to get parsing info during refresh. "On-the-fly" syntax checking information may be incorrect. [C:\Users\flavi\Desktop\Perceptron_network\MLP\MLP.srcs\sources_1\new\Perceptron_BRAM.vhd:]
WARNING: [filemgmt 56-199] Attempt to get parsing info during refresh. "On-the-fly" syntax checking information may be incorrect. [C:\Users\flavi\Desktop\Perceptron_network\MLP\MLP.srcs\sources_1\new\Layer.vhd:]
WARNING: [filemgmt 56-199] Attempt to get parsing info during refresh. "On-the-fly" syntax checking information may be incorrect. [C:\Users\flavi\Desktop\Perceptron_network\MLP\MLP.srcs\sources_1\new\Layer.vhd:]
launch_simulation
Command: launch_simulation 
INFO: [Vivado 12-25911] Executing simulation for 'XSim' simulator
INFO: [Vivado 12-28535] Process started - Thu Jan 29 19:08:58 2026

INFO: [Vivado 12-12493] Simulation top is 'simulation_Layer'
INFO: [Vivado 12-5682] Launching behavioral simulation in 'C:/Users/flavi/Desktop/Perceptron_network/MLP/MLP.sim/sim_1/behav/xsim'
INFO: [SIM-utils-51] Simulation object is 'sim_1'
INFO: [SIM-utils-72] Using boost library from 'C:/Program/2025.2/Vivado/tps/boost_1_72_0'
INFO: [SIM-utils-54] Inspecting design source files for 'simulation_Layer' in fileset 'sim_1'...
INFO: [USF-XSim-97] Finding global include files...
INFO: [USF-XSim-100] Fetching design files from 'sources_1'...(this may take a while)...
INFO: [USF-XSim-101] Fetching design files from 'sim_1'...
INFO: [USF-XSim-2] XSim::Compile design
INFO: [USF-XSim-61] Executing 'COMPILE and ANALYZE' step in 'C:/Users/flavi/Desktop/Perceptron_network/MLP/MLP.sim/sim_1/behav/xsim'
"xvhdl --incr --relax -prj simulation_Layer_vhdl.prj"
INFO: [VRFC 10-163] Analyzing VHDL file "C:/Users/flavi/Desktop/Perceptron_network/MLP/MLP.srcs/sim_1/new/simulation_Layer.vhd" into library xil_defaultlib
INFO: [VRFC 10-3107] analyzing entity 'simulation_Layer'
INFO: [USF-XSim-69] 'compile' step finished in '1' seconds
INFO: [USF-XSim-3] XSim::Elaborate design
INFO: [USF-XSim-61] Executing 'ELABORATE' step in 'C:/Users/flavi/Desktop/Perceptron_network/MLP/MLP.sim/sim_1/behav/xsim'
"xelab --incr --debug typical --relax --mt 2 -L xil_defaultlib -L secureip --snapshot simulation_Layer_behav xil_defaultlib.simulation_Layer -log elaborate.log"
Vivado Simulator v2025.2
Copyright 1986-2022 Xilinx, Inc. All Rights Reserved.
Copyright 2022-2025 Advanced Micro Devices, Inc. All Rights Reserved.
Running: C:/Program/2025.2/Vivado/bin/unwrapped/win64.o/xelab.exe --incr --debug typical --relax --mt 2 -L xil_defaultlib -L secureip --snapshot simulation_Layer_behav xil_defaultlib.simulation_Layer -log elaborate.log 
Using 2 slave threads.
Starting static elaboration
Completed static elaboration
Starting simulation data flow analysis
Completed simulation data flow analysis
Time Resolution for simulation is 1ps
Compiling package std.standard
Compiling package std.textio
Compiling package ieee.std_logic_1164
Compiling package ieee.std_logic_arith
Compiling package ieee.std_logic_unsigned
Compiling package ieee.numeric_std
Compiling architecture behavioral of entity xil_defaultlib.Perceptron_BRAM [perceptron_bram_default]
Compiling architecture rtl of entity xil_defaultlib.WEIGHTS [weights_default]
Compiling architecture behavioral of entity xil_defaultlib.Layer [layer_default]
Compiling architecture bench of entity xil_defaultlib.simulation_layer
Built simulation snapshot simulation_Layer_behav
INFO: [USF-XSim-69] 'elaborate' step finished in '2' seconds
INFO: [USF-XSim-4] XSim::Simulate design
INFO: [USF-XSim-61] Executing 'SIMULATE' step in 'C:/Users/flavi/Desktop/Perceptron_network/MLP/MLP.sim/sim_1/behav/xsim'
INFO: [USF-XSim-98] *** Running xsim
   with args "simulation_Layer_behav -key {Behavioral:sim_1:Functional:simulation_Layer} -tclbatch {simulation_Layer.tcl} -view {C:/Users/flavi/Desktop/Perceptron_network/MLP/simulation_Perceptron_CONFIG.wcfg} -log {simulate.log}"
INFO: [USF-XSim-8] Loading simulator feature
Time resolution is 1 ps
open_wave_config C:/Users/flavi/Desktop/Perceptron_network/MLP/simulation_Perceptron_CONFIG.wcfg
source simulation_Layer.tcl
# set curr_wave [current_wave_config]
# if { [string length $curr_wave] == 0 } {
#   if { [llength [get_objects]] > 0} {
#     add_wave /
#     set_property needs_save false [current_wave_config]
#   } else {
#      send_msg_id Add_Wave-1 WARNING "No top level signals found. Simulator will start without a wave window. If you want to open a wave window go to 'File->New Waveform Configuration' or type 'create_wave_config' in the TCL console."
#   }
# }
# run 1000ns
INFO: [USF-XSim-96] XSim completed. Design snapshot 'simulation_Layer_behav' loaded.
INFO: [USF-XSim-97] XSim simulation ran for 1000ns
run 16 us
close_sim
INFO: [Simtcl 6-16] Simulation closed
launch_simulation
Command: launch_simulation 
INFO: [Vivado 12-25911] Executing simulation for 'XSim' simulator
INFO: [Vivado 12-28535] Process started - Thu Jan 29 19:17:22 2026

INFO: [Vivado 12-12493] Simulation top is 'simulation_Layer'
INFO: [Vivado 12-5682] Launching behavioral simulation in 'C:/Users/flavi/Desktop/Perceptron_network/MLP/MLP.sim/sim_1/behav/xsim'
INFO: [SIM-utils-51] Simulation object is 'sim_1'
INFO: [SIM-utils-72] Using boost library from 'C:/Program/2025.2/Vivado/tps/boost_1_72_0'
INFO: [SIM-utils-54] Inspecting design source files for 'simulation_Layer' in fileset 'sim_1'...
INFO: [USF-XSim-97] Finding global include files...
INFO: [USF-XSim-100] Fetching design files from 'sources_1'...(this may take a while)...
INFO: [USF-XSim-101] Fetching design files from 'sim_1'...
INFO: [USF-XSim-2] XSim::Compile design
INFO: [USF-XSim-61] Executing 'COMPILE and ANALYZE' step in 'C:/Users/flavi/Desktop/Perceptron_network/MLP/MLP.sim/sim_1/behav/xsim'
"xvhdl --incr --relax -prj simulation_Layer_vhdl.prj"
INFO: [VRFC 10-163] Analyzing VHDL file "C:/Users/flavi/Desktop/Perceptron_network/MLP/MLP.srcs/sim_1/new/simulation_Layer.vhd" into library xil_defaultlib
INFO: [VRFC 10-3107] analyzing entity 'simulation_Layer'
INFO: [USF-XSim-69] 'compile' step finished in '1' seconds
INFO: [USF-XSim-3] XSim::Elaborate design
INFO: [USF-XSim-61] Executing 'ELABORATE' step in 'C:/Users/flavi/Desktop/Perceptron_network/MLP/MLP.sim/sim_1/behav/xsim'
"xelab --incr --debug typical --relax --mt 2 -L xil_defaultlib -L secureip --snapshot simulation_Layer_behav xil_defaultlib.simulation_Layer -log elaborate.log"
Vivado Simulator v2025.2
Copyright 1986-2022 Xilinx, Inc. All Rights Reserved.
Copyright 2022-2025 Advanced Micro Devices, Inc. All Rights Reserved.
Running: C:/Program/2025.2/Vivado/bin/unwrapped/win64.o/xelab.exe --incr --debug typical --relax --mt 2 -L xil_defaultlib -L secureip --snapshot simulation_Layer_behav xil_defaultlib.simulation_Layer -log elaborate.log 
Using 2 slave threads.
Starting static elaboration
Completed static elaboration
Starting simulation data flow analysis
Completed simulation data flow analysis
Time Resolution for simulation is 1ps
Compiling package std.standard
Compiling package std.textio
Compiling package ieee.std_logic_1164
Compiling package ieee.std_logic_arith
Compiling package ieee.std_logic_unsigned
Compiling package ieee.numeric_std
Compiling architecture behavioral of entity xil_defaultlib.Perceptron_BRAM [perceptron_bram_default]
Compiling architecture rtl of entity xil_defaultlib.WEIGHTS [weights_default]
Compiling architecture behavioral of entity xil_defaultlib.Layer [layer_default]
Compiling architecture bench of entity xil_defaultlib.simulation_layer
Built simulation snapshot simulation_Layer_behav
INFO: [USF-XSim-69] 'elaborate' step finished in '1' seconds
INFO: [USF-XSim-4] XSim::Simulate design
INFO: [USF-XSim-61] Executing 'SIMULATE' step in 'C:/Users/flavi/Desktop/Perceptron_network/MLP/MLP.sim/sim_1/behav/xsim'
INFO: [USF-XSim-98] *** Running xsim
   with args "simulation_Layer_behav -key {Behavioral:sim_1:Functional:simulation_Layer} -tclbatch {simulation_Layer.tcl} -view {C:/Users/flavi/Desktop/Perceptron_network/MLP/simulation_Perceptron_CONFIG.wcfg} -log {simulate.log}"
INFO: [USF-XSim-8] Loading simulator feature
Time resolution is 1 ps
open_wave_config C:/Users/flavi/Desktop/Perceptron_network/MLP/simulation_Perceptron_CONFIG.wcfg
source simulation_Layer.tcl
# set curr_wave [current_wave_config]
# if { [string length $curr_wave] == 0 } {
#   if { [llength [get_objects]] > 0} {
#     add_wave /
#     set_property needs_save false [current_wave_config]
#   } else {
#      send_msg_id Add_Wave-1 WARNING "No top level signals found. Simulator will start without a wave window. If you want to open a wave window go to 'File->New Waveform Configuration' or type 'create_wave_config' in the TCL console."
#   }
# }
# run 1000ns
INFO: [USF-XSim-96] XSim completed. Design snapshot 'simulation_Layer_behav' loaded.
INFO: [USF-XSim-97] XSim simulation ran for 1000ns
run 16 us
close_sim
INFO: [Simtcl 6-16] Simulation closed
synth_design -top design_1_wrapper -part xc7a35tcpg236-1 -lint 
Command: synth_design -top design_1_wrapper -part xc7a35tcpg236-1 -lint
Starting synth_design
Attempting to get a license for feature 'Synthesis' and/or device 'xc7a35t'
INFO: [Common 17-349] Got license for feature 'Synthesis' and/or device 'xc7a35t'
INFO: [Synth 8-7079] Multithreading enabled for synth_design using a maximum of 2 processes.
INFO: [Synth 8-7078] Launching helper process for spawning children vivado processes
INFO: [Synth 8-7075] Helper process launched with PID 2880
INFO: [Common 17-41] Interrupt caught. Command should exit soon.
INFO: [Common 17-344] 'source' was cancelled
INFO: [Common 17-83] Releasing license: Synthesis
7 Infos, 0 Warnings, 0 Critical Warnings and 0 Errors encountered.
synth_design completed successfully
INFO: [Common 17-344] 'synth_design' was cancelled
launch_simulation
Command: launch_simulation 
INFO: [Vivado 12-25911] Executing simulation for 'XSim' simulator
INFO: [Vivado 12-28535] Process started - Thu Jan 29 19:18:43 2026

INFO: [Vivado 12-12493] Simulation top is 'simulation_Layer'
INFO: [Vivado 12-5682] Launching behavioral simulation in 'C:/Users/flavi/Desktop/Perceptron_network/MLP/MLP.sim/sim_1/behav/xsim'
INFO: [SIM-utils-51] Simulation object is 'sim_1'
INFO: [SIM-utils-72] Using boost library from 'C:/Program/2025.2/Vivado/tps/boost_1_72_0'
INFO: [SIM-utils-54] Inspecting design source files for 'simulation_Layer' in fileset 'sim_1'...
INFO: [USF-XSim-97] Finding global include files...
INFO: [USF-XSim-100] Fetching design files from 'sources_1'...(this may take a while)...
INFO: [USF-XSim-101] Fetching design files from 'sim_1'...
INFO: [USF-XSim-2] XSim::Compile design
INFO: [USF-XSim-61] Executing 'COMPILE and ANALYZE' step in 'C:/Users/flavi/Desktop/Perceptron_network/MLP/MLP.sim/sim_1/behav/xsim'
"xvhdl --incr --relax -prj simulation_Layer_vhdl.prj"
INFO: [VRFC 10-163] Analyzing VHDL file "C:/Users/flavi/Desktop/Perceptron_network/MLP/MLP.srcs/sim_1/new/simulation_Layer.vhd" into library xil_defaultlib
INFO: [VRFC 10-3107] analyzing entity 'simulation_Layer'
INFO: [USF-XSim-69] 'compile' step finished in '1' seconds
INFO: [USF-XSim-3] XSim::Elaborate design
INFO: [USF-XSim-61] Executing 'ELABORATE' step in 'C:/Users/flavi/Desktop/Perceptron_network/MLP/MLP.sim/sim_1/behav/xsim'
"xelab --incr --debug typical --relax --mt 2 -L xil_defaultlib -L secureip --snapshot simulation_Layer_behav xil_defaultlib.simulation_Layer -log elaborate.log"
Vivado Simulator v2025.2
Copyright 1986-2022 Xilinx, Inc. All Rights Reserved.
Copyright 2022-2025 Advanced Micro Devices, Inc. All Rights Reserved.
Running: C:/Program/2025.2/Vivado/bin/unwrapped/win64.o/xelab.exe --incr --debug typical --relax --mt 2 -L xil_defaultlib -L secureip --snapshot simulation_Layer_behav xil_defaultlib.simulation_Layer -log elaborate.log 
Using 2 slave threads.
Starting static elaboration
Completed static elaboration
Starting simulation data flow analysis
Completed simulation data flow analysis
Time Resolution for simulation is 1ps
Compiling package std.standard
Compiling package std.textio
Compiling package ieee.std_logic_1164
Compiling package ieee.std_logic_arith
Compiling package ieee.std_logic_unsigned
Compiling package ieee.numeric_std
Compiling architecture behavioral of entity xil_defaultlib.Perceptron_BRAM [perceptron_bram_default]
Compiling architecture rtl of entity xil_defaultlib.WEIGHTS [weights_default]
Compiling architecture behavioral of entity xil_defaultlib.Layer [layer_default]
Compiling architecture bench of entity xil_defaultlib.simulation_layer
Built simulation snapshot simulation_Layer_behav
INFO: [USF-XSim-69] 'elaborate' step finished in '2' seconds
INFO: [USF-XSim-4] XSim::Simulate design
INFO: [USF-XSim-61] Executing 'SIMULATE' step in 'C:/Users/flavi/Desktop/Perceptron_network/MLP/MLP.sim/sim_1/behav/xsim'
INFO: [USF-XSim-98] *** Running xsim
   with args "simulation_Layer_behav -key {Behavioral:sim_1:Functional:simulation_Layer} -tclbatch {simulation_Layer.tcl} -view {C:/Users/flavi/Desktop/Perceptron_network/MLP/simulation_Perceptron_CONFIG.wcfg} -log {simulate.log}"
INFO: [USF-XSim-8] Loading simulator feature
Time resolution is 1 ps
open_wave_config C:/Users/flavi/Desktop/Perceptron_network/MLP/simulation_Perceptron_CONFIG.wcfg
source simulation_Layer.tcl
# set curr_wave [current_wave_config]
# if { [string length $curr_wave] == 0 } {
#   if { [llength [get_objects]] > 0} {
#     add_wave /
#     set_property needs_save false [current_wave_config]
#   } else {
#      send_msg_id Add_Wave-1 WARNING "No top level signals found. Simulator will start without a wave window. If you want to open a wave window go to 'File->New Waveform Configuration' or type 'create_wave_config' in the TCL console."
#   }
# }
# run 1000ns
INFO: [USF-XSim-96] XSim completed. Design snapshot 'simulation_Layer_behav' loaded.
INFO: [USF-XSim-97] XSim simulation ran for 1000ns
run 16 us
close_sim
INFO: [Simtcl 6-16] Simulation closed
launch_simulation
Command: launch_simulation 
INFO: [Vivado 12-25911] Executing simulation for 'XSim' simulator
INFO: [Vivado 12-28535] Process started - Thu Jan 29 19:32:51 2026

INFO: [Vivado 12-12493] Simulation top is 'simulation_Layer'
INFO: [Vivado 12-5682] Launching behavioral simulation in 'C:/Users/flavi/Desktop/Perceptron_network/MLP/MLP.sim/sim_1/behav/xsim'
INFO: [SIM-utils-51] Simulation object is 'sim_1'
INFO: [SIM-utils-72] Using boost library from 'C:/Program/2025.2/Vivado/tps/boost_1_72_0'
INFO: [SIM-utils-54] Inspecting design source files for 'simulation_Layer' in fileset 'sim_1'...
INFO: [USF-XSim-97] Finding global include files...
INFO: [USF-XSim-100] Fetching design files from 'sources_1'...(this may take a while)...
INFO: [USF-XSim-101] Fetching design files from 'sim_1'...
INFO: [USF-XSim-2] XSim::Compile design
INFO: [USF-XSim-61] Executing 'COMPILE and ANALYZE' step in 'C:/Users/flavi/Desktop/Perceptron_network/MLP/MLP.sim/sim_1/behav/xsim'
"xvhdl --incr --relax -prj simulation_Layer_vhdl.prj"
INFO: [VRFC 10-163] Analyzing VHDL file "C:/Users/flavi/Desktop/Perceptron_network/MLP/MLP.srcs/sim_1/new/simulation_Layer.vhd" into library xil_defaultlib
INFO: [VRFC 10-3107] analyzing entity 'simulation_Layer'
INFO: [USF-XSim-69] 'compile' step finished in '1' seconds
INFO: [USF-XSim-3] XSim::Elaborate design
INFO: [USF-XSim-61] Executing 'ELABORATE' step in 'C:/Users/flavi/Desktop/Perceptron_network/MLP/MLP.sim/sim_1/behav/xsim'
"xelab --incr --debug typical --relax --mt 2 -L xil_defaultlib -L secureip --snapshot simulation_Layer_behav xil_defaultlib.simulation_Layer -log elaborate.log"
Vivado Simulator v2025.2
Copyright 1986-2022 Xilinx, Inc. All Rights Reserved.
Copyright 2022-2025 Advanced Micro Devices, Inc. All Rights Reserved.
Running: C:/Program/2025.2/Vivado/bin/unwrapped/win64.o/xelab.exe --incr --debug typical --relax --mt 2 -L xil_defaultlib -L secureip --snapshot simulation_Layer_behav xil_defaultlib.simulation_Layer -log elaborate.log 
Using 2 slave threads.
Starting static elaboration
Completed static elaboration
Starting simulation data flow analysis
Completed simulation data flow analysis
Time Resolution for simulation is 1ps
Compiling package std.standard
Compiling package std.textio
Compiling package ieee.std_logic_1164
Compiling package ieee.std_logic_arith
Compiling package ieee.std_logic_unsigned
Compiling package ieee.numeric_std
Compiling architecture behavioral of entity xil_defaultlib.Perceptron_BRAM [perceptron_bram_default]
Compiling architecture rtl of entity xil_defaultlib.WEIGHTS [weights_default]
Compiling architecture behavioral of entity xil_defaultlib.Layer [layer_default]
Compiling architecture bench of entity xil_defaultlib.simulation_layer
Built simulation snapshot simulation_Layer_behav
INFO: [USF-XSim-69] 'elaborate' step finished in '2' seconds
INFO: [USF-XSim-4] XSim::Simulate design
INFO: [USF-XSim-61] Executing 'SIMULATE' step in 'C:/Users/flavi/Desktop/Perceptron_network/MLP/MLP.sim/sim_1/behav/xsim'
INFO: [USF-XSim-98] *** Running xsim
   with args "simulation_Layer_behav -key {Behavioral:sim_1:Functional:simulation_Layer} -tclbatch {simulation_Layer.tcl} -view {C:/Users/flavi/Desktop/Perceptron_network/MLP/simulation_Perceptron_CONFIG.wcfg} -log {simulate.log}"
INFO: [USF-XSim-8] Loading simulator feature
Time resolution is 1 ps
open_wave_config C:/Users/flavi/Desktop/Perceptron_network/MLP/simulation_Perceptron_CONFIG.wcfg
source simulation_Layer.tcl
# set curr_wave [current_wave_config]
# if { [string length $curr_wave] == 0 } {
#   if { [llength [get_objects]] > 0} {
#     add_wave /
#     set_property needs_save false [current_wave_config]
#   } else {
#      send_msg_id Add_Wave-1 WARNING "No top level signals found. Simulator will start without a wave window. If you want to open a wave window go to 'File->New Waveform Configuration' or type 'create_wave_config' in the TCL console."
#   }
# }
# run 1000ns
INFO: [USF-XSim-96] XSim completed. Design snapshot 'simulation_Layer_behav' loaded.
INFO: [USF-XSim-97] XSim simulation ran for 1000ns
run 16 us
close_sim
INFO: [Simtcl 6-16] Simulation closed
WARNING: [filemgmt 56-199] Attempt to get parsing info during refresh. "On-the-fly" syntax checking information may be incorrect. [C:\Users\flavi\Desktop\Perceptron_network\MLP\MLP.srcs\sources_1\new\WEIGHTS.vhd:]
WARNING: [filemgmt 56-199] Attempt to get parsing info during refresh. "On-the-fly" syntax checking information may be incorrect. [C:\Users\flavi\Desktop\Perceptron_network\MLP\MLP.srcs\sources_1\new\Layer.vhd:]
WARNING: [filemgmt 56-199] Attempt to get parsing info during refresh. "On-the-fly" syntax checking information may be incorrect. [C:\Users\flavi\Desktop\Perceptron_network\MLP\MLP.srcs\sim_1\new\simulation_Layer.vhd:]
WARNING: [filemgmt 56-199] Attempt to get parsing info during refresh. "On-the-fly" syntax checking information may be incorrect. [C:\Users\flavi\Desktop\Perceptron_network\MLP\MLP.srcs\sources_1\new\Perceptron_BRAM.vhd:]
WARNING: [filemgmt 56-199] Attempt to get parsing info during refresh. "On-the-fly" syntax checking information may be incorrect. [C:\Users\flavi\Desktop\Perceptron_network\MLP\MLP.srcs\sim_1\new\simulation_Layer.vhd:]
WARNING: [filemgmt 56-199] Attempt to get parsing info during refresh. "On-the-fly" syntax checking information may be incorrect. [C:\Users\flavi\Desktop\Perceptron_network\MLP\MLP.srcs\sim_1\new\simulation_Layer.vhd:]
WARNING: [filemgmt 56-199] Attempt to get parsing info during refresh. "On-the-fly" syntax checking information may be incorrect. [C:\Users\flavi\Desktop\Perceptron_network\MLP\MLP.srcs\sources_1\new\WEIGHTS.vhd:]
WARNING: [filemgmt 56-199] Attempt to get parsing info during refresh. "On-the-fly" syntax checking information may be incorrect. [C:\Users\flavi\Desktop\Perceptron_network\MLP\MLP.srcs\sources_1\new\Layer.vhd:]
WARNING: [filemgmt 56-199] Attempt to get parsing info during refresh. "On-the-fly" syntax checking information may be incorrect. [C:\Users\flavi\Desktop\Perceptron_network\MLP\MLP.srcs\sim_1\new\simulation_Layer.vhd:]
WARNING: [filemgmt 56-199] Attempt to get parsing info during refresh. "On-the-fly" syntax checking information may be incorrect. [C:\Users\flavi\Desktop\Perceptron_network\MLP\MLP.srcs\sources_1\new\Perceptron_BRAM.vhd:]
WARNING: [filemgmt 56-199] Attempt to get parsing info during refresh. "On-the-fly" syntax checking information may be incorrect. [C:\Users\flavi\Desktop\Perceptron_network\MLP\MLP.srcs\sources_1\new\WEIGHTS.vhd:]
WARNING: [filemgmt 56-199] Attempt to get parsing info during refresh. "On-the-fly" syntax checking information may be incorrect. [C:\Users\flavi\Desktop\Perceptron_network\MLP\MLP.srcs\sources_1\new\WEIGHTS.vhd:]
ERROR: [Common 17-180] Spawn failed: The operation completed successfully.

WARNING: [filemgmt 56-199] Attempt to get parsing info during refresh. "On-the-fly" syntax checking information may be incorrect. [C:\Users\flavi\Desktop\Perceptron_network\MLP\MLP.srcs\sources_1\new\WEIGHTS.vhd:]
WARNING: [filemgmt 56-199] Attempt to get parsing info during refresh. "On-the-fly" syntax checking information may be incorrect. [C:\Users\flavi\Desktop\Perceptron_network\MLP\MLP.srcs\sources_1\new\Layer.vhd:]
WARNING: [filemgmt 56-199] Attempt to get parsing info during refresh. "On-the-fly" syntax checking information may be incorrect. [C:\Users\flavi\Desktop\Perceptron_network\MLP\MLP.srcs\sim_1\new\simulation_Layer.vhd:]
WARNING: [filemgmt 56-199] Attempt to get parsing info during refresh. "On-the-fly" syntax checking information may be incorrect. [C:\Users\flavi\Desktop\Perceptron_network\MLP\MLP.srcs\sources_1\new\Perceptron_BRAM.vhd:]
WARNING: [filemgmt 56-199] Attempt to get parsing info during refresh. "On-the-fly" syntax checking information may be incorrect. [C:\Users\flavi\Desktop\Perceptron_network\MLP\MLP.srcs\sources_1\new\Layer.vhd:]
WARNING: [filemgmt 56-199] Attempt to get parsing info during refresh. "On-the-fly" syntax checking information may be incorrect. [C:\Users\flavi\Desktop\Perceptron_network\MLP\MLP.srcs\sources_1\new\Layer.vhd:]
ERROR: [Common 17-180] Spawn failed: The operation completed successfully.

launch_simulation
Command: launch_simulation 
INFO: [Vivado 12-25911] Executing simulation for 'XSim' simulator
INFO: [Vivado 12-28535] Process started - Thu Jan 29 19:34:47 2026

INFO: [Vivado 12-12493] Simulation top is 'simulation_Layer'
INFO: [Vivado 12-5682] Launching behavioral simulation in 'C:/Users/flavi/Desktop/Perceptron_network/MLP/MLP.sim/sim_1/behav/xsim'
INFO: [SIM-utils-51] Simulation object is 'sim_1'
INFO: [SIM-utils-72] Using boost library from 'C:/Program/2025.2/Vivado/tps/boost_1_72_0'
INFO: [SIM-utils-54] Inspecting design source files for 'simulation_Layer' in fileset 'sim_1'...
INFO: [USF-XSim-97] Finding global include files...
INFO: [USF-XSim-100] Fetching design files from 'sources_1'...(this may take a while)...
INFO: [USF-XSim-101] Fetching design files from 'sim_1'...
INFO: [USF-XSim-2] XSim::Compile design
INFO: [USF-XSim-61] Executing 'COMPILE and ANALYZE' step in 'C:/Users/flavi/Desktop/Perceptron_network/MLP/MLP.sim/sim_1/behav/xsim'
"xvhdl --incr --relax -prj simulation_Layer_vhdl.prj"
INFO: [VRFC 10-163] Analyzing VHDL file "C:/Users/flavi/Desktop/Perceptron_network/MLP/MLP.srcs/sim_1/new/simulation_Layer.vhd" into library xil_defaultlib
INFO: [VRFC 10-3107] analyzing entity 'simulation_Layer'
INFO: [USF-XSim-69] 'compile' step finished in '1' seconds
INFO: [USF-XSim-3] XSim::Elaborate design
INFO: [USF-XSim-61] Executing 'ELABORATE' step in 'C:/Users/flavi/Desktop/Perceptron_network/MLP/MLP.sim/sim_1/behav/xsim'
"xelab --incr --debug typical --relax --mt 2 -L xil_defaultlib -L secureip --snapshot simulation_Layer_behav xil_defaultlib.simulation_Layer -log elaborate.log"
Vivado Simulator v2025.2
Copyright 1986-2022 Xilinx, Inc. All Rights Reserved.
Copyright 2022-2025 Advanced Micro Devices, Inc. All Rights Reserved.
Running: C:/Program/2025.2/Vivado/bin/unwrapped/win64.o/xelab.exe --incr --debug typical --relax --mt 2 -L xil_defaultlib -L secureip --snapshot simulation_Layer_behav xil_defaultlib.simulation_Layer -log elaborate.log 
Using 2 slave threads.
Starting static elaboration
Completed static elaboration
Starting simulation data flow analysis
Completed simulation data flow analysis
Time Resolution for simulation is 1ps
Compiling package std.standard
Compiling package std.textio
Compiling package ieee.std_logic_1164
Compiling package ieee.std_logic_arith
Compiling package ieee.std_logic_unsigned
Compiling package ieee.numeric_std
Compiling architecture behavioral of entity xil_defaultlib.Perceptron_BRAM [perceptron_bram_default]
Compiling architecture rtl of entity xil_defaultlib.WEIGHTS [weights_default]
Compiling architecture behavioral of entity xil_defaultlib.Layer [layer_default]
Compiling architecture bench of entity xil_defaultlib.simulation_layer
Built simulation snapshot simulation_Layer_behav
INFO: [USF-XSim-69] 'elaborate' step finished in '1' seconds
INFO: [USF-XSim-4] XSim::Simulate design
INFO: [USF-XSim-61] Executing 'SIMULATE' step in 'C:/Users/flavi/Desktop/Perceptron_network/MLP/MLP.sim/sim_1/behav/xsim'
INFO: [USF-XSim-98] *** Running xsim
   with args "simulation_Layer_behav -key {Behavioral:sim_1:Functional:simulation_Layer} -tclbatch {simulation_Layer.tcl} -view {C:/Users/flavi/Desktop/Perceptron_network/MLP/simulation_Perceptron_CONFIG.wcfg} -log {simulate.log}"
INFO: [USF-XSim-8] Loading simulator feature
Time resolution is 1 ps
open_wave_config C:/Users/flavi/Desktop/Perceptron_network/MLP/simulation_Perceptron_CONFIG.wcfg
source simulation_Layer.tcl
# set curr_wave [current_wave_config]
# if { [string length $curr_wave] == 0 } {
#   if { [llength [get_objects]] > 0} {
#     add_wave /
#     set_property needs_save false [current_wave_config]
#   } else {
#      send_msg_id Add_Wave-1 WARNING "No top level signals found. Simulator will start without a wave window. If you want to open a wave window go to 'File->New Waveform Configuration' or type 'create_wave_config' in the TCL console."
#   }
# }
# run 1000ns
INFO: [USF-XSim-96] XSim completed. Design snapshot 'simulation_Layer_behav' loaded.
INFO: [USF-XSim-97] XSim simulation ran for 1000ns
run 16 us
close_sim
INFO: [Simtcl 6-16] Simulation closed
launch_simulation
Command: launch_simulation 
INFO: [Vivado 12-25911] Executing simulation for 'XSim' simulator
INFO: [Vivado 12-28535] Process started - Thu Jan 29 19:36:11 2026

INFO: [Vivado 12-12493] Simulation top is 'simulation_Layer'
INFO: [Vivado 12-5682] Launching behavioral simulation in 'C:/Users/flavi/Desktop/Perceptron_network/MLP/MLP.sim/sim_1/behav/xsim'
INFO: [SIM-utils-51] Simulation object is 'sim_1'
INFO: [SIM-utils-72] Using boost library from 'C:/Program/2025.2/Vivado/tps/boost_1_72_0'
INFO: [SIM-utils-54] Inspecting design source files for 'simulation_Layer' in fileset 'sim_1'...
INFO: [USF-XSim-97] Finding global include files...
INFO: [USF-XSim-100] Fetching design files from 'sources_1'...(this may take a while)...
INFO: [USF-XSim-101] Fetching design files from 'sim_1'...
INFO: [USF-XSim-2] XSim::Compile design
INFO: [USF-XSim-61] Executing 'COMPILE and ANALYZE' step in 'C:/Users/flavi/Desktop/Perceptron_network/MLP/MLP.sim/sim_1/behav/xsim'
"xvhdl --incr --relax -prj simulation_Layer_vhdl.prj"
INFO: [VRFC 10-163] Analyzing VHDL file "C:/Users/flavi/Desktop/Perceptron_network/MLP/MLP.srcs/sim_1/new/simulation_Layer.vhd" into library xil_defaultlib
INFO: [VRFC 10-3107] analyzing entity 'simulation_Layer'
INFO: [USF-XSim-69] 'compile' step finished in '1' seconds
INFO: [USF-XSim-3] XSim::Elaborate design
INFO: [USF-XSim-61] Executing 'ELABORATE' step in 'C:/Users/flavi/Desktop/Perceptron_network/MLP/MLP.sim/sim_1/behav/xsim'
"xelab --incr --debug typical --relax --mt 2 -L xil_defaultlib -L secureip --snapshot simulation_Layer_behav xil_defaultlib.simulation_Layer -log elaborate.log"
Vivado Simulator v2025.2
Copyright 1986-2022 Xilinx, Inc. All Rights Reserved.
Copyright 2022-2025 Advanced Micro Devices, Inc. All Rights Reserved.
Running: C:/Program/2025.2/Vivado/bin/unwrapped/win64.o/xelab.exe --incr --debug typical --relax --mt 2 -L xil_defaultlib -L secureip --snapshot simulation_Layer_behav xil_defaultlib.simulation_Layer -log elaborate.log 
Using 2 slave threads.
Starting static elaboration
Completed static elaboration
Starting simulation data flow analysis
Completed simulation data flow analysis
Time Resolution for simulation is 1ps
Compiling package std.standard
Compiling package std.textio
Compiling package ieee.std_logic_1164
Compiling package ieee.std_logic_arith
Compiling package ieee.std_logic_unsigned
Compiling package ieee.numeric_std
Compiling architecture behavioral of entity xil_defaultlib.Perceptron_BRAM [perceptron_bram_default]
Compiling architecture rtl of entity xil_defaultlib.WEIGHTS [weights_default]
Compiling architecture behavioral of entity xil_defaultlib.Layer [layer_default]
Compiling architecture bench of entity xil_defaultlib.simulation_layer
Built simulation snapshot simulation_Layer_behav
INFO: [USF-XSim-69] 'elaborate' step finished in '2' seconds
INFO: [USF-XSim-4] XSim::Simulate design
INFO: [USF-XSim-61] Executing 'SIMULATE' step in 'C:/Users/flavi/Desktop/Perceptron_network/MLP/MLP.sim/sim_1/behav/xsim'
INFO: [USF-XSim-98] *** Running xsim
   with args "simulation_Layer_behav -key {Behavioral:sim_1:Functional:simulation_Layer} -tclbatch {simulation_Layer.tcl} -view {C:/Users/flavi/Desktop/Perceptron_network/MLP/simulation_Perceptron_CONFIG.wcfg} -log {simulate.log}"
INFO: [USF-XSim-8] Loading simulator feature
Time resolution is 1 ps
open_wave_config C:/Users/flavi/Desktop/Perceptron_network/MLP/simulation_Perceptron_CONFIG.wcfg
source simulation_Layer.tcl
# set curr_wave [current_wave_config]
# if { [string length $curr_wave] == 0 } {
#   if { [llength [get_objects]] > 0} {
#     add_wave /
#     set_property needs_save false [current_wave_config]
#   } else {
#      send_msg_id Add_Wave-1 WARNING "No top level signals found. Simulator will start without a wave window. If you want to open a wave window go to 'File->New Waveform Configuration' or type 'create_wave_config' in the TCL console."
#   }
# }
# run 1000ns
INFO: [USF-XSim-96] XSim completed. Design snapshot 'simulation_Layer_behav' loaded.
INFO: [USF-XSim-97] XSim simulation ran for 1000ns
launch_simulation: Time (s): cpu = 00:00:01 ; elapsed = 00:00:06 . Memory (MB): peak = 3442.891 ; gain = 0.000
run 16 us
close_sim
INFO: [Simtcl 6-16] Simulation closed
launch_simulation
Command: launch_simulation 
INFO: [Vivado 12-25911] Executing simulation for 'XSim' simulator
INFO: [Vivado 12-28535] Process started - Thu Jan 29 19:37:23 2026

INFO: [Vivado 12-12493] Simulation top is 'simulation_Layer'
INFO: [Vivado 12-5682] Launching behavioral simulation in 'C:/Users/flavi/Desktop/Perceptron_network/MLP/MLP.sim/sim_1/behav/xsim'
INFO: [SIM-utils-51] Simulation object is 'sim_1'
INFO: [SIM-utils-72] Using boost library from 'C:/Program/2025.2/Vivado/tps/boost_1_72_0'
INFO: [SIM-utils-54] Inspecting design source files for 'simulation_Layer' in fileset 'sim_1'...
INFO: [USF-XSim-97] Finding global include files...
INFO: [USF-XSim-100] Fetching design files from 'sources_1'...(this may take a while)...
INFO: [USF-XSim-101] Fetching design files from 'sim_1'...
INFO: [USF-XSim-2] XSim::Compile design
INFO: [USF-XSim-61] Executing 'COMPILE and ANALYZE' step in 'C:/Users/flavi/Desktop/Perceptron_network/MLP/MLP.sim/sim_1/behav/xsim'
"xvhdl --incr --relax -prj simulation_Layer_vhdl.prj"
INFO: [VRFC 10-163] Analyzing VHDL file "C:/Users/flavi/Desktop/Perceptron_network/MLP/MLP.srcs/sim_1/new/simulation_Layer.vhd" into library xil_defaultlib
INFO: [VRFC 10-3107] analyzing entity 'simulation_Layer'
INFO: [USF-XSim-69] 'compile' step finished in '1' seconds
INFO: [USF-XSim-3] XSim::Elaborate design
INFO: [USF-XSim-61] Executing 'ELABORATE' step in 'C:/Users/flavi/Desktop/Perceptron_network/MLP/MLP.sim/sim_1/behav/xsim'
"xelab --incr --debug typical --relax --mt 2 -L xil_defaultlib -L secureip --snapshot simulation_Layer_behav xil_defaultlib.simulation_Layer -log elaborate.log"
Vivado Simulator v2025.2
Copyright 1986-2022 Xilinx, Inc. All Rights Reserved.
Copyright 2022-2025 Advanced Micro Devices, Inc. All Rights Reserved.
Running: C:/Program/2025.2/Vivado/bin/unwrapped/win64.o/xelab.exe --incr --debug typical --relax --mt 2 -L xil_defaultlib -L secureip --snapshot simulation_Layer_behav xil_defaultlib.simulation_Layer -log elaborate.log 
Using 2 slave threads.
Starting static elaboration
Completed static elaboration
Starting simulation data flow analysis
Completed simulation data flow analysis
Time Resolution for simulation is 1ps
Compiling package std.standard
Compiling package std.textio
Compiling package ieee.std_logic_1164
Compiling package ieee.std_logic_arith
Compiling package ieee.std_logic_unsigned
Compiling package ieee.numeric_std
Compiling architecture behavioral of entity xil_defaultlib.Perceptron_BRAM [perceptron_bram_default]
Compiling architecture rtl of entity xil_defaultlib.WEIGHTS [weights_default]
Compiling architecture behavioral of entity xil_defaultlib.Layer [layer_default]
Compiling architecture bench of entity xil_defaultlib.simulation_layer
Built simulation snapshot simulation_Layer_behav
INFO: [USF-XSim-69] 'elaborate' step finished in '1' seconds
INFO: [USF-XSim-4] XSim::Simulate design
INFO: [USF-XSim-61] Executing 'SIMULATE' step in 'C:/Users/flavi/Desktop/Perceptron_network/MLP/MLP.sim/sim_1/behav/xsim'
INFO: [USF-XSim-98] *** Running xsim
   with args "simulation_Layer_behav -key {Behavioral:sim_1:Functional:simulation_Layer} -tclbatch {simulation_Layer.tcl} -view {C:/Users/flavi/Desktop/Perceptron_network/MLP/simulation_Perceptron_CONFIG.wcfg} -log {simulate.log}"
INFO: [USF-XSim-8] Loading simulator feature
Time resolution is 1 ps
open_wave_config C:/Users/flavi/Desktop/Perceptron_network/MLP/simulation_Perceptron_CONFIG.wcfg
source simulation_Layer.tcl
# set curr_wave [current_wave_config]
# if { [string length $curr_wave] == 0 } {
#   if { [llength [get_objects]] > 0} {
#     add_wave /
#     set_property needs_save false [current_wave_config]
#   } else {
#      send_msg_id Add_Wave-1 WARNING "No top level signals found. Simulator will start without a wave window. If you want to open a wave window go to 'File->New Waveform Configuration' or type 'create_wave_config' in the TCL console."
#   }
# }
# run 1000ns
INFO: [USF-XSim-96] XSim completed. Design snapshot 'simulation_Layer_behav' loaded.
INFO: [USF-XSim-97] XSim simulation ran for 1000ns
launch_simulation: Time (s): cpu = 00:00:01 ; elapsed = 00:00:06 . Memory (MB): peak = 3442.891 ; gain = 0.000
run 16 us
WARNING: [filemgmt 56-199] Attempt to get parsing info during refresh. "On-the-fly" syntax checking information may be incorrect. [C:\Users\flavi\Desktop\Perceptron_network\MLP\MLP.srcs\sources_1\new\WEIGHTS.vhd:]
WARNING: [filemgmt 56-199] Attempt to get parsing info during refresh. "On-the-fly" syntax checking information may be incorrect. [C:\Users\flavi\Desktop\Perceptron_network\MLP\MLP.srcs\sources_1\new\Layer.vhd:]
WARNING: [filemgmt 56-199] Attempt to get parsing info during refresh. "On-the-fly" syntax checking information may be incorrect. [C:\Users\flavi\Desktop\Perceptron_network\MLP\MLP.srcs\sim_1\new\simulation_Layer.vhd:]
WARNING: [filemgmt 56-199] Attempt to get parsing info during refresh. "On-the-fly" syntax checking information may be incorrect. [C:\Users\flavi\Desktop\Perceptron_network\MLP\MLP.srcs\sources_1\new\Perceptron_BRAM.vhd:]
WARNING: [filemgmt 56-199] Attempt to get parsing info during refresh. "On-the-fly" syntax checking information may be incorrect. [C:\Users\flavi\Desktop\Perceptron_network\MLP\MLP.srcs\sources_1\new\Perceptron_BRAM.vhd:]
WARNING: [filemgmt 56-199] Attempt to get parsing info during refresh. "On-the-fly" syntax checking information may be incorrect. [C:\Users\flavi\Desktop\Perceptron_network\MLP\MLP.srcs\sources_1\new\Perceptron_BRAM.vhd:]
WARNING: [filemgmt 56-199] Attempt to get parsing info during refresh. "On-the-fly" syntax checking information may be incorrect. [C:\Users\flavi\Desktop\Perceptron_network\MLP\MLP.srcs\sources_1\new\WEIGHTS.vhd:]
WARNING: [filemgmt 56-199] Attempt to get parsing info during refresh. "On-the-fly" syntax checking information may be incorrect. [C:\Users\flavi\Desktop\Perceptron_network\MLP\MLP.srcs\sources_1\new\Layer.vhd:]
WARNING: [filemgmt 56-199] Attempt to get parsing info during refresh. "On-the-fly" syntax checking information may be incorrect. [C:\Users\flavi\Desktop\Perceptron_network\MLP\MLP.srcs\sim_1\new\simulation_Layer.vhd:]
WARNING: [filemgmt 56-199] Attempt to get parsing info during refresh. "On-the-fly" syntax checking information may be incorrect. [C:\Users\flavi\Desktop\Perceptron_network\MLP\MLP.srcs\sources_1\new\Perceptron_BRAM.vhd:]
WARNING: [filemgmt 56-199] Attempt to get parsing info during refresh. "On-the-fly" syntax checking information may be incorrect. [C:\Users\flavi\Desktop\Perceptron_network\MLP\MLP.srcs\sources_1\new\Layer.vhd:]
WARNING: [filemgmt 56-199] Attempt to get parsing info during refresh. "On-the-fly" syntax checking information may be incorrect. [C:\Users\flavi\Desktop\Perceptron_network\MLP\MLP.srcs\sources_1\new\Layer.vhd:]
WARNING: [filemgmt 56-199] Attempt to get parsing info during refresh. "On-the-fly" syntax checking information may be incorrect. [C:\Users\flavi\Desktop\Perceptron_network\MLP\MLP.srcs\sources_1\new\WEIGHTS.vhd:]
WARNING: [filemgmt 56-199] Attempt to get parsing info during refresh. "On-the-fly" syntax checking information may be incorrect. [C:\Users\flavi\Desktop\Perceptron_network\MLP\MLP.srcs\sources_1\new\Layer.vhd:]
WARNING: [filemgmt 56-199] Attempt to get parsing info during refresh. "On-the-fly" syntax checking information may be incorrect. [C:\Users\flavi\Desktop\Perceptron_network\MLP\MLP.srcs\sim_1\new\simulation_Layer.vhd:]
WARNING: [filemgmt 56-199] Attempt to get parsing info during refresh. "On-the-fly" syntax checking information may be incorrect. [C:\Users\flavi\Desktop\Perceptron_network\MLP\MLP.srcs\sources_1\new\Perceptron_BRAM.vhd:]
WARNING: [filemgmt 56-199] Attempt to get parsing info during refresh. "On-the-fly" syntax checking information may be incorrect. [C:\Users\flavi\Desktop\Perceptron_network\MLP\MLP.srcs\sim_1\new\simulation_Layer.vhd:]
WARNING: [filemgmt 56-199] Attempt to get parsing info during refresh. "On-the-fly" syntax checking information may be incorrect. [C:\Users\flavi\Desktop\Perceptron_network\MLP\MLP.srcs\sim_1\new\simulation_Layer.vhd:]
close_sim
INFO: [Simtcl 6-16] Simulation closed
launch_simulation
Command: launch_simulation 
INFO: [Vivado 12-25911] Executing simulation for 'XSim' simulator
INFO: [Vivado 12-28535] Process started - Thu Jan 29 19:39:00 2026

INFO: [Vivado 12-12493] Simulation top is 'simulation_Layer'
INFO: [Vivado 12-5682] Launching behavioral simulation in 'C:/Users/flavi/Desktop/Perceptron_network/MLP/MLP.sim/sim_1/behav/xsim'
INFO: [SIM-utils-51] Simulation object is 'sim_1'
INFO: [SIM-utils-72] Using boost library from 'C:/Program/2025.2/Vivado/tps/boost_1_72_0'
INFO: [SIM-utils-54] Inspecting design source files for 'simulation_Layer' in fileset 'sim_1'...
INFO: [USF-XSim-97] Finding global include files...
INFO: [USF-XSim-100] Fetching design files from 'sources_1'...(this may take a while)...
INFO: [USF-XSim-101] Fetching design files from 'sim_1'...
INFO: [USF-XSim-2] XSim::Compile design
INFO: [USF-XSim-61] Executing 'COMPILE and ANALYZE' step in 'C:/Users/flavi/Desktop/Perceptron_network/MLP/MLP.sim/sim_1/behav/xsim'
"xvhdl --incr --relax -prj simulation_Layer_vhdl.prj"
INFO: [VRFC 10-163] Analyzing VHDL file "C:/Users/flavi/Desktop/Perceptron_network/MLP/MLP.srcs/sim_1/new/simulation_Layer.vhd" into library xil_defaultlib
INFO: [VRFC 10-3107] analyzing entity 'simulation_Layer'
INFO: [USF-XSim-69] 'compile' step finished in '1' seconds
INFO: [USF-XSim-3] XSim::Elaborate design
INFO: [USF-XSim-61] Executing 'ELABORATE' step in 'C:/Users/flavi/Desktop/Perceptron_network/MLP/MLP.sim/sim_1/behav/xsim'
"xelab --incr --debug typical --relax --mt 2 -L xil_defaultlib -L secureip --snapshot simulation_Layer_behav xil_defaultlib.simulation_Layer -log elaborate.log"
Vivado Simulator v2025.2
Copyright 1986-2022 Xilinx, Inc. All Rights Reserved.
Copyright 2022-2025 Advanced Micro Devices, Inc. All Rights Reserved.
Running: C:/Program/2025.2/Vivado/bin/unwrapped/win64.o/xelab.exe --incr --debug typical --relax --mt 2 -L xil_defaultlib -L secureip --snapshot simulation_Layer_behav xil_defaultlib.simulation_Layer -log elaborate.log 
Using 2 slave threads.
Starting static elaboration
Completed static elaboration
Starting simulation data flow analysis
Completed simulation data flow analysis
Time Resolution for simulation is 1ps
Compiling package std.standard
Compiling package std.textio
Compiling package ieee.std_logic_1164
Compiling package ieee.std_logic_arith
Compiling package ieee.std_logic_unsigned
Compiling package ieee.numeric_std
Compiling architecture behavioral of entity xil_defaultlib.Perceptron_BRAM [perceptron_bram_default]
Compiling architecture rtl of entity xil_defaultlib.WEIGHTS [weights_default]
Compiling architecture behavioral of entity xil_defaultlib.Layer [layer_default]
Compiling architecture bench of entity xil_defaultlib.simulation_layer
Built simulation snapshot simulation_Layer_behav
INFO: [USF-XSim-69] 'elaborate' step finished in '2' seconds
INFO: [USF-XSim-4] XSim::Simulate design
INFO: [USF-XSim-61] Executing 'SIMULATE' step in 'C:/Users/flavi/Desktop/Perceptron_network/MLP/MLP.sim/sim_1/behav/xsim'
INFO: [USF-XSim-98] *** Running xsim
   with args "simulation_Layer_behav -key {Behavioral:sim_1:Functional:simulation_Layer} -tclbatch {simulation_Layer.tcl} -view {C:/Users/flavi/Desktop/Perceptron_network/MLP/simulation_Perceptron_CONFIG.wcfg} -log {simulate.log}"
INFO: [USF-XSim-8] Loading simulator feature
Time resolution is 1 ps
open_wave_config C:/Users/flavi/Desktop/Perceptron_network/MLP/simulation_Perceptron_CONFIG.wcfg
source simulation_Layer.tcl
# set curr_wave [current_wave_config]
# if { [string length $curr_wave] == 0 } {
#   if { [llength [get_objects]] > 0} {
#     add_wave /
#     set_property needs_save false [current_wave_config]
#   } else {
#      send_msg_id Add_Wave-1 WARNING "No top level signals found. Simulator will start without a wave window. If you want to open a wave window go to 'File->New Waveform Configuration' or type 'create_wave_config' in the TCL console."
#   }
# }
# run 1000ns
INFO: [USF-XSim-96] XSim completed. Design snapshot 'simulation_Layer_behav' loaded.
INFO: [USF-XSim-97] XSim simulation ran for 1000ns
launch_simulation: Time (s): cpu = 00:00:02 ; elapsed = 00:00:06 . Memory (MB): peak = 3442.891 ; gain = 0.000
run 16 us
close_sim
INFO: [Simtcl 6-16] Simulation closed
launch_simulation
Command: launch_simulation 
INFO: [Vivado 12-25911] Executing simulation for 'XSim' simulator
INFO: [Vivado 12-28535] Process started - Thu Jan 29 19:40:36 2026

INFO: [Vivado 12-12493] Simulation top is 'simulation_Layer'
INFO: [Vivado 12-5682] Launching behavioral simulation in 'C:/Users/flavi/Desktop/Perceptron_network/MLP/MLP.sim/sim_1/behav/xsim'
INFO: [SIM-utils-51] Simulation object is 'sim_1'
INFO: [SIM-utils-72] Using boost library from 'C:/Program/2025.2/Vivado/tps/boost_1_72_0'
INFO: [SIM-utils-54] Inspecting design source files for 'simulation_Layer' in fileset 'sim_1'...
INFO: [USF-XSim-97] Finding global include files...
INFO: [USF-XSim-100] Fetching design files from 'sources_1'...(this may take a while)...
INFO: [USF-XSim-101] Fetching design files from 'sim_1'...
INFO: [USF-XSim-2] XSim::Compile design
INFO: [USF-XSim-61] Executing 'COMPILE and ANALYZE' step in 'C:/Users/flavi/Desktop/Perceptron_network/MLP/MLP.sim/sim_1/behav/xsim'
"xvhdl --incr --relax -prj simulation_Layer_vhdl.prj"
INFO: [VRFC 10-163] Analyzing VHDL file "C:/Users/flavi/Desktop/Perceptron_network/MLP/MLP.srcs/sim_1/new/simulation_Layer.vhd" into library xil_defaultlib
INFO: [VRFC 10-3107] analyzing entity 'simulation_Layer'
INFO: [USF-XSim-69] 'compile' step finished in '1' seconds
INFO: [USF-XSim-3] XSim::Elaborate design
INFO: [USF-XSim-61] Executing 'ELABORATE' step in 'C:/Users/flavi/Desktop/Perceptron_network/MLP/MLP.sim/sim_1/behav/xsim'
"xelab --incr --debug typical --relax --mt 2 -L xil_defaultlib -L secureip --snapshot simulation_Layer_behav xil_defaultlib.simulation_Layer -log elaborate.log"
Vivado Simulator v2025.2
Copyright 1986-2022 Xilinx, Inc. All Rights Reserved.
Copyright 2022-2025 Advanced Micro Devices, Inc. All Rights Reserved.
Running: C:/Program/2025.2/Vivado/bin/unwrapped/win64.o/xelab.exe --incr --debug typical --relax --mt 2 -L xil_defaultlib -L secureip --snapshot simulation_Layer_behav xil_defaultlib.simulation_Layer -log elaborate.log 
Using 2 slave threads.
Starting static elaboration
Completed static elaboration
Starting simulation data flow analysis
Completed simulation data flow analysis
Time Resolution for simulation is 1ps
Compiling package std.standard
Compiling package std.textio
Compiling package ieee.std_logic_1164
Compiling package ieee.std_logic_arith
Compiling package ieee.std_logic_unsigned
Compiling package ieee.numeric_std
Compiling architecture behavioral of entity xil_defaultlib.Perceptron_BRAM [perceptron_bram_default]
Compiling architecture rtl of entity xil_defaultlib.WEIGHTS [weights_default]
Compiling architecture behavioral of entity xil_defaultlib.Layer [layer_default]
Compiling architecture bench of entity xil_defaultlib.simulation_layer
Built simulation snapshot simulation_Layer_behav
INFO: [USF-XSim-69] 'elaborate' step finished in '1' seconds
INFO: [USF-XSim-4] XSim::Simulate design
INFO: [USF-XSim-61] Executing 'SIMULATE' step in 'C:/Users/flavi/Desktop/Perceptron_network/MLP/MLP.sim/sim_1/behav/xsim'
INFO: [USF-XSim-98] *** Running xsim
   with args "simulation_Layer_behav -key {Behavioral:sim_1:Functional:simulation_Layer} -tclbatch {simulation_Layer.tcl} -view {C:/Users/flavi/Desktop/Perceptron_network/MLP/simulation_Perceptron_CONFIG.wcfg} -log {simulate.log}"
INFO: [USF-XSim-8] Loading simulator feature
Time resolution is 1 ps
open_wave_config C:/Users/flavi/Desktop/Perceptron_network/MLP/simulation_Perceptron_CONFIG.wcfg
source simulation_Layer.tcl
# set curr_wave [current_wave_config]
# if { [string length $curr_wave] == 0 } {
#   if { [llength [get_objects]] > 0} {
#     add_wave /
#     set_property needs_save false [current_wave_config]
#   } else {
#      send_msg_id Add_Wave-1 WARNING "No top level signals found. Simulator will start without a wave window. If you want to open a wave window go to 'File->New Waveform Configuration' or type 'create_wave_config' in the TCL console."
#   }
# }
# run 1000ns
INFO: [USF-XSim-96] XSim completed. Design snapshot 'simulation_Layer_behav' loaded.
INFO: [USF-XSim-97] XSim simulation ran for 1000ns
launch_simulation: Time (s): cpu = 00:00:02 ; elapsed = 00:00:06 . Memory (MB): peak = 3442.891 ; gain = 0.000
run 16 us
WARNING: [filemgmt 56-199] Attempt to get parsing info during refresh. "On-the-fly" syntax checking information may be incorrect. [C:\Users\flavi\Desktop\Perceptron_network\MLP\MLP.srcs\sources_1\new\WEIGHTS.vhd:]
WARNING: [filemgmt 56-199] Attempt to get parsing info during refresh. "On-the-fly" syntax checking information may be incorrect. [C:\Users\flavi\Desktop\Perceptron_network\MLP\MLP.srcs\sources_1\new\Layer.vhd:]
WARNING: [filemgmt 56-199] Attempt to get parsing info during refresh. "On-the-fly" syntax checking information may be incorrect. [C:\Users\flavi\Desktop\Perceptron_network\MLP\MLP.srcs\sim_1\new\simulation_Layer.vhd:]
WARNING: [filemgmt 56-199] Attempt to get parsing info during refresh. "On-the-fly" syntax checking information may be incorrect. [C:\Users\flavi\Desktop\Perceptron_network\MLP\MLP.srcs\sources_1\new\Perceptron_BRAM.vhd:]
WARNING: [filemgmt 56-199] Attempt to get parsing info during refresh. "On-the-fly" syntax checking information may be incorrect. [C:\Users\flavi\Desktop\Perceptron_network\MLP\MLP.srcs\sources_1\new\Layer.vhd:]
WARNING: [filemgmt 56-199] Attempt to get parsing info during refresh. "On-the-fly" syntax checking information may be incorrect. [C:\Users\flavi\Desktop\Perceptron_network\MLP\MLP.srcs\sources_1\new\Layer.vhd:]
WARNING: [filemgmt 56-199] Attempt to get parsing info during refresh. "On-the-fly" syntax checking information may be incorrect. [C:\Users\flavi\Desktop\Perceptron_network\MLP\MLP.srcs\sources_1\new\WEIGHTS.vhd:]
WARNING: [filemgmt 56-199] Attempt to get parsing info during refresh. "On-the-fly" syntax checking information may be incorrect. [C:\Users\flavi\Desktop\Perceptron_network\MLP\MLP.srcs\sources_1\new\Layer.vhd:]
WARNING: [filemgmt 56-199] Attempt to get parsing info during refresh. "On-the-fly" syntax checking information may be incorrect. [C:\Users\flavi\Desktop\Perceptron_network\MLP\MLP.srcs\sim_1\new\simulation_Layer.vhd:]
WARNING: [filemgmt 56-199] Attempt to get parsing info during refresh. "On-the-fly" syntax checking information may be incorrect. [C:\Users\flavi\Desktop\Perceptron_network\MLP\MLP.srcs\sources_1\new\Perceptron_BRAM.vhd:]
WARNING: [filemgmt 56-199] Attempt to get parsing info during refresh. "On-the-fly" syntax checking information may be incorrect. [C:\Users\flavi\Desktop\Perceptron_network\MLP\MLP.srcs\sources_1\new\Perceptron_BRAM.vhd:]
WARNING: [filemgmt 56-199] Attempt to get parsing info during refresh. "On-the-fly" syntax checking information may be incorrect. [C:\Users\flavi\Desktop\Perceptron_network\MLP\MLP.srcs\sources_1\new\Perceptron_BRAM.vhd:]
close_sim
INFO: [Simtcl 6-16] Simulation closed
launch_simulation
Command: launch_simulation 
INFO: [Vivado 12-25911] Executing simulation for 'XSim' simulator
INFO: [Vivado 12-28535] Process started - Thu Jan 29 19:44:38 2026

INFO: [Vivado 12-12493] Simulation top is 'simulation_Layer'
INFO: [Vivado 12-5682] Launching behavioral simulation in 'C:/Users/flavi/Desktop/Perceptron_network/MLP/MLP.sim/sim_1/behav/xsim'
INFO: [SIM-utils-51] Simulation object is 'sim_1'
INFO: [SIM-utils-72] Using boost library from 'C:/Program/2025.2/Vivado/tps/boost_1_72_0'
INFO: [SIM-utils-54] Inspecting design source files for 'simulation_Layer' in fileset 'sim_1'...
INFO: [USF-XSim-97] Finding global include files...
INFO: [USF-XSim-100] Fetching design files from 'sources_1'...(this may take a while)...
INFO: [USF-XSim-101] Fetching design files from 'sim_1'...
INFO: [USF-XSim-2] XSim::Compile design
INFO: [USF-XSim-61] Executing 'COMPILE and ANALYZE' step in 'C:/Users/flavi/Desktop/Perceptron_network/MLP/MLP.sim/sim_1/behav/xsim'
"xvhdl --incr --relax -prj simulation_Layer_vhdl.prj"
INFO: [VRFC 10-163] Analyzing VHDL file "C:/Users/flavi/Desktop/Perceptron_network/MLP/MLP.srcs/sim_1/new/simulation_Layer.vhd" into library xil_defaultlib
INFO: [VRFC 10-3107] analyzing entity 'simulation_Layer'
INFO: [USF-XSim-69] 'compile' step finished in '1' seconds
INFO: [USF-XSim-3] XSim::Elaborate design
INFO: [USF-XSim-61] Executing 'ELABORATE' step in 'C:/Users/flavi/Desktop/Perceptron_network/MLP/MLP.sim/sim_1/behav/xsim'
"xelab --incr --debug typical --relax --mt 2 -L xil_defaultlib -L secureip --snapshot simulation_Layer_behav xil_defaultlib.simulation_Layer -log elaborate.log"
Vivado Simulator v2025.2
Copyright 1986-2022 Xilinx, Inc. All Rights Reserved.
Copyright 2022-2025 Advanced Micro Devices, Inc. All Rights Reserved.
Running: C:/Program/2025.2/Vivado/bin/unwrapped/win64.o/xelab.exe --incr --debug typical --relax --mt 2 -L xil_defaultlib -L secureip --snapshot simulation_Layer_behav xil_defaultlib.simulation_Layer -log elaborate.log 
Using 2 slave threads.
Starting static elaboration
Completed static elaboration
Starting simulation data flow analysis
Completed simulation data flow analysis
Time Resolution for simulation is 1ps
Compiling package std.standard
Compiling package std.textio
Compiling package ieee.std_logic_1164
Compiling package ieee.std_logic_arith
Compiling package ieee.std_logic_unsigned
Compiling package ieee.numeric_std
Compiling architecture behavioral of entity xil_defaultlib.Perceptron_BRAM [perceptron_bram_default]
Compiling architecture rtl of entity xil_defaultlib.WEIGHTS [weights_default]
Compiling architecture behavioral of entity xil_defaultlib.Layer [layer_default]
Compiling architecture bench of entity xil_defaultlib.simulation_layer
Built simulation snapshot simulation_Layer_behav
INFO: [USF-XSim-69] 'elaborate' step finished in '2' seconds
INFO: [USF-XSim-4] XSim::Simulate design
INFO: [USF-XSim-61] Executing 'SIMULATE' step in 'C:/Users/flavi/Desktop/Perceptron_network/MLP/MLP.sim/sim_1/behav/xsim'
INFO: [USF-XSim-98] *** Running xsim
   with args "simulation_Layer_behav -key {Behavioral:sim_1:Functional:simulation_Layer} -tclbatch {simulation_Layer.tcl} -view {C:/Users/flavi/Desktop/Perceptron_network/MLP/simulation_Perceptron_CONFIG.wcfg} -log {simulate.log}"
INFO: [USF-XSim-8] Loading simulator feature
Time resolution is 1 ps
open_wave_config C:/Users/flavi/Desktop/Perceptron_network/MLP/simulation_Perceptron_CONFIG.wcfg
source simulation_Layer.tcl
# set curr_wave [current_wave_config]
# if { [string length $curr_wave] == 0 } {
#   if { [llength [get_objects]] > 0} {
#     add_wave /
#     set_property needs_save false [current_wave_config]
#   } else {
#      send_msg_id Add_Wave-1 WARNING "No top level signals found. Simulator will start without a wave window. If you want to open a wave window go to 'File->New Waveform Configuration' or type 'create_wave_config' in the TCL console."
#   }
# }
# run 1000ns
INFO: [USF-XSim-96] XSim completed. Design snapshot 'simulation_Layer_behav' loaded.
INFO: [USF-XSim-97] XSim simulation ran for 1000ns
launch_simulation: Time (s): cpu = 00:00:02 ; elapsed = 00:00:06 . Memory (MB): peak = 3442.891 ; gain = 0.000
run 16 us
close_sim
INFO: [Simtcl 6-16] Simulation closed
launch_simulation
Command: launch_simulation 
INFO: [Vivado 12-25911] Executing simulation for 'XSim' simulator
INFO: [Vivado 12-28535] Process started - Thu Jan 29 19:52:37 2026

INFO: [Vivado 12-12493] Simulation top is 'simulation_Layer'
INFO: [Vivado 12-5682] Launching behavioral simulation in 'C:/Users/flavi/Desktop/Perceptron_network/MLP/MLP.sim/sim_1/behav/xsim'
INFO: [SIM-utils-51] Simulation object is 'sim_1'
INFO: [SIM-utils-72] Using boost library from 'C:/Program/2025.2/Vivado/tps/boost_1_72_0'
INFO: [SIM-utils-54] Inspecting design source files for 'simulation_Layer' in fileset 'sim_1'...
INFO: [USF-XSim-97] Finding global include files...
INFO: [USF-XSim-100] Fetching design files from 'sources_1'...(this may take a while)...
INFO: [USF-XSim-101] Fetching design files from 'sim_1'...
INFO: [USF-XSim-2] XSim::Compile design
INFO: [USF-XSim-61] Executing 'COMPILE and ANALYZE' step in 'C:/Users/flavi/Desktop/Perceptron_network/MLP/MLP.sim/sim_1/behav/xsim'
"xvhdl --incr --relax -prj simulation_Layer_vhdl.prj"
INFO: [VRFC 10-163] Analyzing VHDL file "C:/Users/flavi/Desktop/Perceptron_network/MLP/MLP.srcs/sources_1/new/Perceptron_BRAM.vhd" into library xil_defaultlib
INFO: [VRFC 10-3107] analyzing entity 'Perceptron_BRAM'
ERROR: [VRFC 10-724] found '0' definitions of operator "+", cannot determine exact overloaded matching definition for "+" [C:/Users/flavi/Desktop/Perceptron_network/MLP/MLP.srcs/sources_1/new/Perceptron_BRAM.vhd:128]
ERROR: [VRFC 10-2123] 0 definitions of operator "and" match here [C:/Users/flavi/Desktop/Perceptron_network/MLP/MLP.srcs/sources_1/new/Perceptron_BRAM.vhd:128]
ERROR: [VRFC 10-724] found '0' definitions of operator "+", cannot determine exact overloaded matching definition for "+" [C:/Users/flavi/Desktop/Perceptron_network/MLP/MLP.srcs/sources_1/new/Perceptron_BRAM.vhd:132]
ERROR: [VRFC 10-2123] 0 definitions of operator "or" match here [C:/Users/flavi/Desktop/Perceptron_network/MLP/MLP.srcs/sources_1/new/Perceptron_BRAM.vhd:132]
ERROR: [VRFC 10-724] found '0' definitions of operator "-", cannot determine exact overloaded matching definition for "-" [C:/Users/flavi/Desktop/Perceptron_network/MLP/MLP.srcs/sources_1/new/Perceptron_BRAM.vhd:139]
ERROR: [VRFC 10-2123] 0 definitions of operator "and" match here [C:/Users/flavi/Desktop/Perceptron_network/MLP/MLP.srcs/sources_1/new/Perceptron_BRAM.vhd:139]
ERROR: [VRFC 10-724] found '0' definitions of operator "-", cannot determine exact overloaded matching definition for "-" [C:/Users/flavi/Desktop/Perceptron_network/MLP/MLP.srcs/sources_1/new/Perceptron_BRAM.vhd:141]
ERROR: [VRFC 10-2123] 0 definitions of operator "or" match here [C:/Users/flavi/Desktop/Perceptron_network/MLP/MLP.srcs/sources_1/new/Perceptron_BRAM.vhd:141]
ERROR: [VRFC 10-724] found '0' definitions of operator "-", cannot determine exact overloaded matching definition for "-" [C:/Users/flavi/Desktop/Perceptron_network/MLP/MLP.srcs/sources_1/new/Perceptron_BRAM.vhd:149]
ERROR: [VRFC 10-2123] 0 definitions of operator "or" match here [C:/Users/flavi/Desktop/Perceptron_network/MLP/MLP.srcs/sources_1/new/Perceptron_BRAM.vhd:149]
ERROR: [VRFC 10-724] found '0' definitions of operator "-", cannot determine exact overloaded matching definition for "-" [C:/Users/flavi/Desktop/Perceptron_network/MLP/MLP.srcs/sources_1/new/Perceptron_BRAM.vhd:151]
ERROR: [VRFC 10-2123] 0 definitions of operator "and" match here [C:/Users/flavi/Desktop/Perceptron_network/MLP/MLP.srcs/sources_1/new/Perceptron_BRAM.vhd:151]
ERROR: [VRFC 10-724] found '0' definitions of operator "+", cannot determine exact overloaded matching definition for "+" [C:/Users/flavi/Desktop/Perceptron_network/MLP/MLP.srcs/sources_1/new/Perceptron_BRAM.vhd:159]
ERROR: [VRFC 10-724] found '0' definitions of operator ">=", cannot determine exact overloaded matching definition for ">=" [C:/Users/flavi/Desktop/Perceptron_network/MLP/MLP.srcs/sources_1/new/Perceptron_BRAM.vhd:160]
ERROR: [VRFC 10-724] found '0' definitions of operator "<", cannot determine exact overloaded matching definition for "<" [C:/Users/flavi/Desktop/Perceptron_network/MLP/MLP.srcs/sources_1/new/Perceptron_BRAM.vhd:188]
ERROR: [VRFC 10-2123] 0 definitions of operator "or" match here [C:/Users/flavi/Desktop/Perceptron_network/MLP/MLP.srcs/sources_1/new/Perceptron_BRAM.vhd:188]
ERROR: [VRFC 10-9458] unit 'behavioral' is ignored due to previous errors [C:/Users/flavi/Desktop/Perceptron_network/MLP/MLP.srcs/sources_1/new/Perceptron_BRAM.vhd:50]
INFO: [VRFC 10-8704] VHDL file 'C:/Users/flavi/Desktop/Perceptron_network/MLP/MLP.srcs/sources_1/new/Perceptron_BRAM.vhd' is ignored due to errors
INFO: [USF-XSim-69] 'compile' step finished in '1' seconds
INFO: [USF-XSim-99] Step results log file:'C:/Users/flavi/Desktop/Perceptron_network/MLP/MLP.sim/sim_1/behav/xsim/xvhdl.log'
ERROR: [USF-XSim-62] 'compile' step failed with error(s). Please check the Tcl console output or 'C:/Users/flavi/Desktop/Perceptron_network/MLP/MLP.sim/sim_1/behav/xsim/xvhdl.log' file for more information.
ERROR: [Vivado 12-4473] Detected error while running simulation. Please correct the issue and retry this operation.
ERROR: [Common 17-39] 'launch_simulation' failed due to earlier errors.
WARNING: [filemgmt 56-199] Attempt to get parsing info during refresh. "On-the-fly" syntax checking information may be incorrect. [C:\Users\flavi\Desktop\Perceptron_network\MLP\MLP.srcs\sources_1\new\WEIGHTS.vhd:]
WARNING: [filemgmt 56-199] Attempt to get parsing info during refresh. "On-the-fly" syntax checking information may be incorrect. [C:\Users\flavi\Desktop\Perceptron_network\MLP\MLP.srcs\sources_1\new\Layer.vhd:]
WARNING: [filemgmt 56-199] Attempt to get parsing info during refresh. "On-the-fly" syntax checking information may be incorrect. [C:\Users\flavi\Desktop\Perceptron_network\MLP\MLP.srcs\sim_1\new\simulation_Layer.vhd:]
WARNING: [filemgmt 56-199] Attempt to get parsing info during refresh. "On-the-fly" syntax checking information may be incorrect. [C:\Users\flavi\Desktop\Perceptron_network\MLP\MLP.srcs\sources_1\new\Perceptron_BRAM.vhd:]
WARNING: [filemgmt 56-199] Attempt to get parsing info during refresh. "On-the-fly" syntax checking information may be incorrect. [C:\Users\flavi\Desktop\Perceptron_network\MLP\MLP.srcs\sources_1\new\Layer.vhd:]
WARNING: [filemgmt 56-199] Attempt to get parsing info during refresh. "On-the-fly" syntax checking information may be incorrect. [C:\Users\flavi\Desktop\Perceptron_network\MLP\MLP.srcs\sources_1\new\Layer.vhd:]
WARNING: [filemgmt 56-199] Attempt to get parsing info during refresh. "On-the-fly" syntax checking information may be incorrect. [C:\Users\flavi\Desktop\Perceptron_network\MLP\MLP.srcs\sources_1\new\WEIGHTS.vhd:]
WARNING: [filemgmt 56-199] Attempt to get parsing info during refresh. "On-the-fly" syntax checking information may be incorrect. [C:\Users\flavi\Desktop\Perceptron_network\MLP\MLP.srcs\sources_1\new\Layer.vhd:]
WARNING: [filemgmt 56-199] Attempt to get parsing info during refresh. "On-the-fly" syntax checking information may be incorrect. [C:\Users\flavi\Desktop\Perceptron_network\MLP\MLP.srcs\sim_1\new\simulation_Layer.vhd:]
WARNING: [filemgmt 56-199] Attempt to get parsing info during refresh. "On-the-fly" syntax checking information may be incorrect. [C:\Users\flavi\Desktop\Perceptron_network\MLP\MLP.srcs\sources_1\new\Perceptron_BRAM.vhd:]
WARNING: [filemgmt 56-199] Attempt to get parsing info during refresh. "On-the-fly" syntax checking information may be incorrect. [C:\Users\flavi\Desktop\Perceptron_network\MLP\MLP.srcs\sim_1\new\simulation_Layer.vhd:]
WARNING: [filemgmt 56-199] Attempt to get parsing info during refresh. "On-the-fly" syntax checking information may be incorrect. [C:\Users\flavi\Desktop\Perceptron_network\MLP\MLP.srcs\sim_1\new\simulation_Layer.vhd:]
WARNING: [filemgmt 56-199] Attempt to get parsing info during refresh. "On-the-fly" syntax checking information may be incorrect. [C:\Users\flavi\Desktop\Perceptron_network\MLP\MLP.srcs\sources_1\new\WEIGHTS.vhd:]
WARNING: [filemgmt 56-199] Attempt to get parsing info during refresh. "On-the-fly" syntax checking information may be incorrect. [C:\Users\flavi\Desktop\Perceptron_network\MLP\MLP.srcs\sources_1\new\Layer.vhd:]
WARNING: [filemgmt 56-199] Attempt to get parsing info during refresh. "On-the-fly" syntax checking information may be incorrect. [C:\Users\flavi\Desktop\Perceptron_network\MLP\MLP.srcs\sim_1\new\simulation_Layer.vhd:]
WARNING: [filemgmt 56-199] Attempt to get parsing info during refresh. "On-the-fly" syntax checking information may be incorrect. [C:\Users\flavi\Desktop\Perceptron_network\MLP\MLP.srcs\sources_1\new\Perceptron_BRAM.vhd:]
WARNING: [filemgmt 56-199] Attempt to get parsing info during refresh. "On-the-fly" syntax checking information may be incorrect. [C:\Users\flavi\Desktop\Perceptron_network\MLP\MLP.srcs\sources_1\new\WEIGHTS.vhd:]
WARNING: [filemgmt 56-199] Attempt to get parsing info during refresh. "On-the-fly" syntax checking information may be incorrect. [C:\Users\flavi\Desktop\Perceptron_network\MLP\MLP.srcs\sources_1\new\WEIGHTS.vhd:]
launch_simulation
Command: launch_simulation 
INFO: [Vivado 12-25911] Executing simulation for 'XSim' simulator
INFO: [Vivado 12-28535] Process started - Thu Jan 29 19:53:50 2026

INFO: [Vivado 12-12493] Simulation top is 'simulation_Layer'
INFO: [Vivado 12-5682] Launching behavioral simulation in 'C:/Users/flavi/Desktop/Perceptron_network/MLP/MLP.sim/sim_1/behav/xsim'
INFO: [SIM-utils-51] Simulation object is 'sim_1'
INFO: [SIM-utils-72] Using boost library from 'C:/Program/2025.2/Vivado/tps/boost_1_72_0'
INFO: [SIM-utils-54] Inspecting design source files for 'simulation_Layer' in fileset 'sim_1'...
INFO: [USF-XSim-97] Finding global include files...
INFO: [USF-XSim-100] Fetching design files from 'sources_1'...(this may take a while)...
INFO: [USF-XSim-101] Fetching design files from 'sim_1'...
INFO: [USF-XSim-2] XSim::Compile design
INFO: [USF-XSim-61] Executing 'COMPILE and ANALYZE' step in 'C:/Users/flavi/Desktop/Perceptron_network/MLP/MLP.sim/sim_1/behav/xsim'
"xvhdl --incr --relax -prj simulation_Layer_vhdl.prj"
INFO: [VRFC 10-163] Analyzing VHDL file "C:/Users/flavi/Desktop/Perceptron_network/MLP/MLP.srcs/sources_1/new/Perceptron_BRAM.vhd" into library xil_defaultlib
INFO: [VRFC 10-3107] analyzing entity 'Perceptron_BRAM'
INFO: [VRFC 10-163] Analyzing VHDL file "C:/Users/flavi/Desktop/Perceptron_network/MLP/MLP.srcs/sources_1/new/Layer.vhd" into library xil_defaultlib
INFO: [VRFC 10-3107] analyzing entity 'Layer'
INFO: [VRFC 10-163] Analyzing VHDL file "C:/Users/flavi/Desktop/Perceptron_network/MLP/MLP.srcs/sim_1/new/simulation_Layer.vhd" into library xil_defaultlib
INFO: [VRFC 10-3107] analyzing entity 'simulation_Layer'
INFO: [USF-XSim-69] 'compile' step finished in '1' seconds
INFO: [USF-XSim-3] XSim::Elaborate design
INFO: [USF-XSim-61] Executing 'ELABORATE' step in 'C:/Users/flavi/Desktop/Perceptron_network/MLP/MLP.sim/sim_1/behav/xsim'
"xelab --incr --debug typical --relax --mt 2 -L xil_defaultlib -L secureip --snapshot simulation_Layer_behav xil_defaultlib.simulation_Layer -log elaborate.log"
Vivado Simulator v2025.2
Copyright 1986-2022 Xilinx, Inc. All Rights Reserved.
Copyright 2022-2025 Advanced Micro Devices, Inc. All Rights Reserved.
Running: C:/Program/2025.2/Vivado/bin/unwrapped/win64.o/xelab.exe --incr --debug typical --relax --mt 2 -L xil_defaultlib -L secureip --snapshot simulation_Layer_behav xil_defaultlib.simulation_Layer -log elaborate.log 
Using 2 slave threads.
Starting static elaboration
Completed static elaboration
Starting simulation data flow analysis
Completed simulation data flow analysis
Time Resolution for simulation is 1ps
Compiling package std.standard
Compiling package std.textio
Compiling package ieee.std_logic_1164
Compiling package ieee.std_logic_arith
Compiling package ieee.std_logic_unsigned
Compiling package ieee.numeric_std
Compiling architecture behavioral of entity xil_defaultlib.Perceptron_BRAM [perceptron_bram_default]
Compiling architecture rtl of entity xil_defaultlib.WEIGHTS [weights_default]
Compiling architecture behavioral of entity xil_defaultlib.Layer [layer_default]
Compiling architecture bench of entity xil_defaultlib.simulation_layer
Built simulation snapshot simulation_Layer_behav
INFO: [USF-XSim-69] 'elaborate' step finished in '2' seconds
INFO: [USF-XSim-4] XSim::Simulate design
INFO: [USF-XSim-61] Executing 'SIMULATE' step in 'C:/Users/flavi/Desktop/Perceptron_network/MLP/MLP.sim/sim_1/behav/xsim'
INFO: [USF-XSim-98] *** Running xsim
   with args "simulation_Layer_behav -key {Behavioral:sim_1:Functional:simulation_Layer} -tclbatch {simulation_Layer.tcl} -view {C:/Users/flavi/Desktop/Perceptron_network/MLP/simulation_Perceptron_CONFIG.wcfg} -log {simulate.log}"
INFO: [USF-XSim-8] Loading simulator feature
Time resolution is 1 ps
open_wave_config C:/Users/flavi/Desktop/Perceptron_network/MLP/simulation_Perceptron_CONFIG.wcfg
source simulation_Layer.tcl
# set curr_wave [current_wave_config]
# if { [string length $curr_wave] == 0 } {
#   if { [llength [get_objects]] > 0} {
#     add_wave /
#     set_property needs_save false [current_wave_config]
#   } else {
#      send_msg_id Add_Wave-1 WARNING "No top level signals found. Simulator will start without a wave window. If you want to open a wave window go to 'File->New Waveform Configuration' or type 'create_wave_config' in the TCL console."
#   }
# }
# run 1000ns
INFO: [USF-XSim-96] XSim completed. Design snapshot 'simulation_Layer_behav' loaded.
INFO: [USF-XSim-97] XSim simulation ran for 1000ns
launch_simulation: Time (s): cpu = 00:00:02 ; elapsed = 00:00:07 . Memory (MB): peak = 3905.457 ; gain = 0.000
run 16 us
close_sim
INFO: [Simtcl 6-16] Simulation closed
WARNING: [filemgmt 56-199] Attempt to get parsing info during refresh. "On-the-fly" syntax checking information may be incorrect. [C:\Users\flavi\Desktop\Perceptron_network\MLP\MLP.srcs\sources_1\new\WEIGHTS.vhd:]
WARNING: [filemgmt 56-199] Attempt to get parsing info during refresh. "On-the-fly" syntax checking information may be incorrect. [C:\Users\flavi\Desktop\Perceptron_network\MLP\MLP.srcs\sources_1\new\Layer.vhd:]
WARNING: [filemgmt 56-199] Attempt to get parsing info during refresh. "On-the-fly" syntax checking information may be incorrect. [C:\Users\flavi\Desktop\Perceptron_network\MLP\MLP.srcs\sim_1\new\simulation_Layer.vhd:]
WARNING: [filemgmt 56-199] Attempt to get parsing info during refresh. "On-the-fly" syntax checking information may be incorrect. [C:\Users\flavi\Desktop\Perceptron_network\MLP\MLP.srcs\sources_1\new\Perceptron_BRAM.vhd:]
WARNING: [filemgmt 56-199] Attempt to get parsing info during refresh. "On-the-fly" syntax checking information may be incorrect. [C:\Users\flavi\Desktop\Perceptron_network\MLP\MLP.srcs\sim_1\new\simulation_Layer.vhd:]
WARNING: [filemgmt 56-199] Attempt to get parsing info during refresh. "On-the-fly" syntax checking information may be incorrect. [C:\Users\flavi\Desktop\Perceptron_network\MLP\MLP.srcs\sim_1\new\simulation_Layer.vhd:]
WARNING: [filemgmt 56-199] Attempt to get parsing info during refresh. "On-the-fly" syntax checking information may be incorrect. [C:\Users\flavi\Desktop\Perceptron_network\MLP\MLP.srcs\sources_1\new\WEIGHTS.vhd:]
WARNING: [filemgmt 56-199] Attempt to get parsing info during refresh. "On-the-fly" syntax checking information may be incorrect. [C:\Users\flavi\Desktop\Perceptron_network\MLP\MLP.srcs\sources_1\new\Layer.vhd:]
WARNING: [filemgmt 56-199] Attempt to get parsing info during refresh. "On-the-fly" syntax checking information may be incorrect. [C:\Users\flavi\Desktop\Perceptron_network\MLP\MLP.srcs\sim_1\new\simulation_Layer.vhd:]
WARNING: [filemgmt 56-199] Attempt to get parsing info during refresh. "On-the-fly" syntax checking information may be incorrect. [C:\Users\flavi\Desktop\Perceptron_network\MLP\MLP.srcs\sources_1\new\Perceptron_BRAM.vhd:]
WARNING: [filemgmt 56-199] Attempt to get parsing info during refresh. "On-the-fly" syntax checking information may be incorrect. [C:\Users\flavi\Desktop\Perceptron_network\MLP\MLP.srcs\sources_1\new\WEIGHTS.vhd:]
WARNING: [filemgmt 56-199] Attempt to get parsing info during refresh. "On-the-fly" syntax checking information may be incorrect. [C:\Users\flavi\Desktop\Perceptron_network\MLP\MLP.srcs\sources_1\new\WEIGHTS.vhd:]
ERROR: [Common 17-180] Spawn failed: The operation completed successfully.

WARNING: [filemgmt 56-199] Attempt to get parsing info during refresh. "On-the-fly" syntax checking information may be incorrect. [C:\Users\flavi\Desktop\Perceptron_network\MLP\MLP.srcs\sources_1\new\WEIGHTS.vhd:]
WARNING: [filemgmt 56-199] Attempt to get parsing info during refresh. "On-the-fly" syntax checking information may be incorrect. [C:\Users\flavi\Desktop\Perceptron_network\MLP\MLP.srcs\sources_1\new\Layer.vhd:]
WARNING: [filemgmt 56-199] Attempt to get parsing info during refresh. "On-the-fly" syntax checking information may be incorrect. [C:\Users\flavi\Desktop\Perceptron_network\MLP\MLP.srcs\sim_1\new\simulation_Layer.vhd:]
WARNING: [filemgmt 56-199] Attempt to get parsing info during refresh. "On-the-fly" syntax checking information may be incorrect. [C:\Users\flavi\Desktop\Perceptron_network\MLP\MLP.srcs\sources_1\new\Perceptron_BRAM.vhd:]
WARNING: [filemgmt 56-199] Attempt to get parsing info during refresh. "On-the-fly" syntax checking information may be incorrect. [C:\Users\flavi\Desktop\Perceptron_network\MLP\MLP.srcs\sources_1\new\Layer.vhd:]
WARNING: [filemgmt 56-199] Attempt to get parsing info during refresh. "On-the-fly" syntax checking information may be incorrect. [C:\Users\flavi\Desktop\Perceptron_network\MLP\MLP.srcs\sources_1\new\Layer.vhd:]
WARNING: [filemgmt 56-199] Attempt to get parsing info during refresh. "On-the-fly" syntax checking information may be incorrect. [C:\Users\flavi\Desktop\Perceptron_network\MLP\MLP.srcs\sources_1\new\WEIGHTS.vhd:]
WARNING: [filemgmt 56-199] Attempt to get parsing info during refresh. "On-the-fly" syntax checking information may be incorrect. [C:\Users\flavi\Desktop\Perceptron_network\MLP\MLP.srcs\sources_1\new\Layer.vhd:]
WARNING: [filemgmt 56-199] Attempt to get parsing info during refresh. "On-the-fly" syntax checking information may be incorrect. [C:\Users\flavi\Desktop\Perceptron_network\MLP\MLP.srcs\sim_1\new\simulation_Layer.vhd:]
WARNING: [filemgmt 56-199] Attempt to get parsing info during refresh. "On-the-fly" syntax checking information may be incorrect. [C:\Users\flavi\Desktop\Perceptron_network\MLP\MLP.srcs\sources_1\new\Perceptron_BRAM.vhd:]
WARNING: [filemgmt 56-199] Attempt to get parsing info during refresh. "On-the-fly" syntax checking information may be incorrect. [C:\Users\flavi\Desktop\Perceptron_network\MLP\MLP.srcs\sources_1\new\Layer.vhd:]
WARNING: [filemgmt 56-199] Attempt to get parsing info during refresh. "On-the-fly" syntax checking information may be incorrect. [C:\Users\flavi\Desktop\Perceptron_network\MLP\MLP.srcs\sources_1\new\Layer.vhd:]
WARNING: [filemgmt 56-199] Attempt to get parsing info during refresh. "On-the-fly" syntax checking information may be incorrect. [C:\Users\flavi\Desktop\Perceptron_network\MLP\MLP.srcs\sources_1\new\WEIGHTS.vhd:]
WARNING: [filemgmt 56-199] Attempt to get parsing info during refresh. "On-the-fly" syntax checking information may be incorrect. [C:\Users\flavi\Desktop\Perceptron_network\MLP\MLP.srcs\sources_1\new\Layer.vhd:]
WARNING: [filemgmt 56-199] Attempt to get parsing info during refresh. "On-the-fly" syntax checking information may be incorrect. [C:\Users\flavi\Desktop\Perceptron_network\MLP\MLP.srcs\sim_1\new\simulation_Layer.vhd:]
WARNING: [filemgmt 56-199] Attempt to get parsing info during refresh. "On-the-fly" syntax checking information may be incorrect. [C:\Users\flavi\Desktop\Perceptron_network\MLP\MLP.srcs\sources_1\new\Perceptron_BRAM.vhd:]
WARNING: [filemgmt 56-199] Attempt to get parsing info during refresh. "On-the-fly" syntax checking information may be incorrect. [C:\Users\flavi\Desktop\Perceptron_network\MLP\MLP.srcs\sources_1\new\WEIGHTS.vhd:]
WARNING: [filemgmt 56-199] Attempt to get parsing info during refresh. "On-the-fly" syntax checking information may be incorrect. [C:\Users\flavi\Desktop\Perceptron_network\MLP\MLP.srcs\sources_1\new\WEIGHTS.vhd:]
WARNING: [filemgmt 56-199] Attempt to get parsing info during refresh. "On-the-fly" syntax checking information may be incorrect. [C:\Users\flavi\Desktop\Perceptron_network\MLP\MLP.srcs\sources_1\new\WEIGHTS.vhd:]
WARNING: [filemgmt 56-199] Attempt to get parsing info during refresh. "On-the-fly" syntax checking information may be incorrect. [C:\Users\flavi\Desktop\Perceptron_network\MLP\MLP.srcs\sources_1\new\Layer.vhd:]
WARNING: [filemgmt 56-199] Attempt to get parsing info during refresh. "On-the-fly" syntax checking information may be incorrect. [C:\Users\flavi\Desktop\Perceptron_network\MLP\MLP.srcs\sim_1\new\simulation_Layer.vhd:]
WARNING: [filemgmt 56-199] Attempt to get parsing info during refresh. "On-the-fly" syntax checking information may be incorrect. [C:\Users\flavi\Desktop\Perceptron_network\MLP\MLP.srcs\sources_1\new\Perceptron_BRAM.vhd:]
WARNING: [filemgmt 56-199] Attempt to get parsing info during refresh. "On-the-fly" syntax checking information may be incorrect. [C:\Users\flavi\Desktop\Perceptron_network\MLP\MLP.srcs\sim_1\new\simulation_Layer.vhd:]
WARNING: [filemgmt 56-199] Attempt to get parsing info during refresh. "On-the-fly" syntax checking information may be incorrect. [C:\Users\flavi\Desktop\Perceptron_network\MLP\MLP.srcs\sim_1\new\simulation_Layer.vhd:]
WARNING: [filemgmt 56-199] Attempt to get parsing info during refresh. "On-the-fly" syntax checking information may be incorrect. [C:\Users\flavi\Desktop\Perceptron_network\MLP\MLP.srcs\sources_1\new\WEIGHTS.vhd:]
WARNING: [filemgmt 56-199] Attempt to get parsing info during refresh. "On-the-fly" syntax checking information may be incorrect. [C:\Users\flavi\Desktop\Perceptron_network\MLP\MLP.srcs\sources_1\new\Layer.vhd:]
WARNING: [filemgmt 56-199] Attempt to get parsing info during refresh. "On-the-fly" syntax checking information may be incorrect. [C:\Users\flavi\Desktop\Perceptron_network\MLP\MLP.srcs\sim_1\new\simulation_Layer.vhd:]
WARNING: [filemgmt 56-199] Attempt to get parsing info during refresh. "On-the-fly" syntax checking information may be incorrect. [C:\Users\flavi\Desktop\Perceptron_network\MLP\MLP.srcs\sources_1\new\Perceptron_BRAM.vhd:]
WARNING: [filemgmt 56-199] Attempt to get parsing info during refresh. "On-the-fly" syntax checking information may be incorrect. [C:\Users\flavi\Desktop\Perceptron_network\MLP\MLP.srcs\sources_1\new\Layer.vhd:]
WARNING: [filemgmt 56-199] Attempt to get parsing info during refresh. "On-the-fly" syntax checking information may be incorrect. [C:\Users\flavi\Desktop\Perceptron_network\MLP\MLP.srcs\sources_1\new\Layer.vhd:]
WARNING: [filemgmt 56-199] Attempt to get parsing info during refresh. "On-the-fly" syntax checking information may be incorrect. [C:\Users\flavi\Desktop\Perceptron_network\MLP\MLP.srcs\sources_1\new\WEIGHTS.vhd:]
WARNING: [filemgmt 56-199] Attempt to get parsing info during refresh. "On-the-fly" syntax checking information may be incorrect. [C:\Users\flavi\Desktop\Perceptron_network\MLP\MLP.srcs\sources_1\new\Layer.vhd:]
WARNING: [filemgmt 56-199] Attempt to get parsing info during refresh. "On-the-fly" syntax checking information may be incorrect. [C:\Users\flavi\Desktop\Perceptron_network\MLP\MLP.srcs\sim_1\new\simulation_Layer.vhd:]
WARNING: [filemgmt 56-199] Attempt to get parsing info during refresh. "On-the-fly" syntax checking information may be incorrect. [C:\Users\flavi\Desktop\Perceptron_network\MLP\MLP.srcs\sources_1\new\Perceptron_BRAM.vhd:]
WARNING: [filemgmt 56-199] Attempt to get parsing info during refresh. "On-the-fly" syntax checking information may be incorrect. [C:\Users\flavi\Desktop\Perceptron_network\MLP\MLP.srcs\sources_1\new\Perceptron_BRAM.vhd:]
WARNING: [filemgmt 56-199] Attempt to get parsing info during refresh. "On-the-fly" syntax checking information may be incorrect. [C:\Users\flavi\Desktop\Perceptron_network\MLP\MLP.srcs\sources_1\new\Perceptron_BRAM.vhd:]
ERROR: [Common 17-180] Spawn failed: The operation completed successfully.

WARNING: [filemgmt 56-199] Attempt to get parsing info during refresh. "On-the-fly" syntax checking information may be incorrect. [C:\Users\flavi\Desktop\Perceptron_network\MLP\MLP.srcs\sources_1\new\WEIGHTS.vhd:]
WARNING: [filemgmt 56-199] Attempt to get parsing info during refresh. "On-the-fly" syntax checking information may be incorrect. [C:\Users\flavi\Desktop\Perceptron_network\MLP\MLP.srcs\sources_1\new\Layer.vhd:]
WARNING: [filemgmt 56-199] Attempt to get parsing info during refresh. "On-the-fly" syntax checking information may be incorrect. [C:\Users\flavi\Desktop\Perceptron_network\MLP\MLP.srcs\sim_1\new\simulation_Layer.vhd:]
WARNING: [filemgmt 56-199] Attempt to get parsing info during refresh. "On-the-fly" syntax checking information may be incorrect. [C:\Users\flavi\Desktop\Perceptron_network\MLP\MLP.srcs\sources_1\new\Perceptron_BRAM.vhd:]
WARNING: [filemgmt 56-199] Attempt to get parsing info during refresh. "On-the-fly" syntax checking information may be incorrect. [C:\Users\flavi\Desktop\Perceptron_network\MLP\MLP.srcs\sources_1\new\Perceptron_BRAM.vhd:]
WARNING: [filemgmt 56-199] Attempt to get parsing info during refresh. "On-the-fly" syntax checking information may be incorrect. [C:\Users\flavi\Desktop\Perceptron_network\MLP\MLP.srcs\sources_1\new\Perceptron_BRAM.vhd:]
ERROR: [Common 17-180] Spawn failed: The operation completed successfully.

WARNING: [filemgmt 56-199] Attempt to get parsing info during refresh. "On-the-fly" syntax checking information may be incorrect. [C:\Users\flavi\Desktop\Perceptron_network\MLP\MLP.srcs\sources_1\new\WEIGHTS.vhd:]
WARNING: [filemgmt 56-199] Attempt to get parsing info during refresh. "On-the-fly" syntax checking information may be incorrect. [C:\Users\flavi\Desktop\Perceptron_network\MLP\MLP.srcs\sources_1\new\Layer.vhd:]
WARNING: [filemgmt 56-199] Attempt to get parsing info during refresh. "On-the-fly" syntax checking information may be incorrect. [C:\Users\flavi\Desktop\Perceptron_network\MLP\MLP.srcs\sim_1\new\simulation_Layer.vhd:]
WARNING: [filemgmt 56-199] Attempt to get parsing info during refresh. "On-the-fly" syntax checking information may be incorrect. [C:\Users\flavi\Desktop\Perceptron_network\MLP\MLP.srcs\sources_1\new\Perceptron_BRAM.vhd:]
WARNING: [filemgmt 56-199] Attempt to get parsing info during refresh. "On-the-fly" syntax checking information may be incorrect. [C:\Users\flavi\Desktop\Perceptron_network\MLP\MLP.srcs\sim_1\new\simulation_Layer.vhd:]
WARNING: [filemgmt 56-199] Attempt to get parsing info during refresh. "On-the-fly" syntax checking information may be incorrect. [C:\Users\flavi\Desktop\Perceptron_network\MLP\MLP.srcs\sim_1\new\simulation_Layer.vhd:]
ERROR: [Common 17-180] Spawn failed: The operation completed successfully.

WARNING: [filemgmt 56-199] Attempt to get parsing info during refresh. "On-the-fly" syntax checking information may be incorrect. [C:\Users\flavi\Desktop\Perceptron_network\MLP\MLP.srcs\sources_1\new\WEIGHTS.vhd:]
WARNING: [filemgmt 56-199] Attempt to get parsing info during refresh. "On-the-fly" syntax checking information may be incorrect. [C:\Users\flavi\Desktop\Perceptron_network\MLP\MLP.srcs\sources_1\new\Layer.vhd:]
WARNING: [filemgmt 56-199] Attempt to get parsing info during refresh. "On-the-fly" syntax checking information may be incorrect. [C:\Users\flavi\Desktop\Perceptron_network\MLP\MLP.srcs\sim_1\new\simulation_Layer.vhd:]
WARNING: [filemgmt 56-199] Attempt to get parsing info during refresh. "On-the-fly" syntax checking information may be incorrect. [C:\Users\flavi\Desktop\Perceptron_network\MLP\MLP.srcs\sources_1\new\Perceptron_BRAM.vhd:]
WARNING: [filemgmt 56-199] Attempt to get parsing info during refresh. "On-the-fly" syntax checking information may be incorrect. [C:\Users\flavi\Desktop\Perceptron_network\MLP\MLP.srcs\sim_1\new\simulation_Layer.vhd:]
WARNING: [filemgmt 56-199] Attempt to get parsing info during refresh. "On-the-fly" syntax checking information may be incorrect. [C:\Users\flavi\Desktop\Perceptron_network\MLP\MLP.srcs\sim_1\new\simulation_Layer.vhd:]
WARNING: [filemgmt 56-199] Attempt to get parsing info during refresh. "On-the-fly" syntax checking information may be incorrect. [C:\Users\flavi\Desktop\Perceptron_network\MLP\MLP.srcs\sources_1\new\WEIGHTS.vhd:]
WARNING: [filemgmt 56-199] Attempt to get parsing info during refresh. "On-the-fly" syntax checking information may be incorrect. [C:\Users\flavi\Desktop\Perceptron_network\MLP\MLP.srcs\sources_1\new\Layer.vhd:]
WARNING: [filemgmt 56-199] Attempt to get parsing info during refresh. "On-the-fly" syntax checking information may be incorrect. [C:\Users\flavi\Desktop\Perceptron_network\MLP\MLP.srcs\sim_1\new\simulation_Layer.vhd:]
WARNING: [filemgmt 56-199] Attempt to get parsing info during refresh. "On-the-fly" syntax checking information may be incorrect. [C:\Users\flavi\Desktop\Perceptron_network\MLP\MLP.srcs\sources_1\new\Perceptron_BRAM.vhd:]
WARNING: [filemgmt 56-199] Attempt to get parsing info during refresh. "On-the-fly" syntax checking information may be incorrect. [C:\Users\flavi\Desktop\Perceptron_network\MLP\MLP.srcs\sources_1\new\Layer.vhd:]
WARNING: [filemgmt 56-199] Attempt to get parsing info during refresh. "On-the-fly" syntax checking information may be incorrect. [C:\Users\flavi\Desktop\Perceptron_network\MLP\MLP.srcs\sources_1\new\Layer.vhd:]
ERROR: [Common 17-180] Spawn failed: The operation completed successfully.

WARNING: [filemgmt 56-199] Attempt to get parsing info during refresh. "On-the-fly" syntax checking information may be incorrect. [C:\Users\flavi\Desktop\Perceptron_network\MLP\MLP.srcs\sources_1\new\WEIGHTS.vhd:]
WARNING: [filemgmt 56-199] Attempt to get parsing info during refresh. "On-the-fly" syntax checking information may be incorrect. [C:\Users\flavi\Desktop\Perceptron_network\MLP\MLP.srcs\sources_1\new\Layer.vhd:]
WARNING: [filemgmt 56-199] Attempt to get parsing info during refresh. "On-the-fly" syntax checking information may be incorrect. [C:\Users\flavi\Desktop\Perceptron_network\MLP\MLP.srcs\sim_1\new\simulation_Layer.vhd:]
WARNING: [filemgmt 56-199] Attempt to get parsing info during refresh. "On-the-fly" syntax checking information may be incorrect. [C:\Users\flavi\Desktop\Perceptron_network\MLP\MLP.srcs\sources_1\new\Perceptron_BRAM.vhd:]
WARNING: [filemgmt 56-199] Attempt to get parsing info during refresh. "On-the-fly" syntax checking information may be incorrect. [C:\Users\flavi\Desktop\Perceptron_network\MLP\MLP.srcs\sources_1\new\Perceptron_BRAM.vhd:]
WARNING: [filemgmt 56-199] Attempt to get parsing info during refresh. "On-the-fly" syntax checking information may be incorrect. [C:\Users\flavi\Desktop\Perceptron_network\MLP\MLP.srcs\sources_1\new\Perceptron_BRAM.vhd:]
launch_simulation
Command: launch_simulation 
INFO: [Vivado 12-25911] Executing simulation for 'XSim' simulator
INFO: [Vivado 12-28535] Process started - Thu Jan 29 20:09:21 2026

INFO: [Vivado 12-12493] Simulation top is 'simulation_Layer'
INFO: [Vivado 12-5682] Launching behavioral simulation in 'C:/Users/flavi/Desktop/Perceptron_network/MLP/MLP.sim/sim_1/behav/xsim'
INFO: [SIM-utils-51] Simulation object is 'sim_1'
INFO: [SIM-utils-72] Using boost library from 'C:/Program/2025.2/Vivado/tps/boost_1_72_0'
INFO: [SIM-utils-54] Inspecting design source files for 'simulation_Layer' in fileset 'sim_1'...
INFO: [USF-XSim-97] Finding global include files...
INFO: [USF-XSim-100] Fetching design files from 'sources_1'...(this may take a while)...
INFO: [USF-XSim-101] Fetching design files from 'sim_1'...
INFO: [USF-XSim-2] XSim::Compile design
INFO: [USF-XSim-61] Executing 'COMPILE and ANALYZE' step in 'C:/Users/flavi/Desktop/Perceptron_network/MLP/MLP.sim/sim_1/behav/xsim'
"xvhdl --incr --relax -prj simulation_Layer_vhdl.prj"
INFO: [VRFC 10-163] Analyzing VHDL file "C:/Users/flavi/Desktop/Perceptron_network/MLP/MLP.srcs/sim_1/new/simulation_Layer.vhd" into library xil_defaultlib
INFO: [VRFC 10-3107] analyzing entity 'simulation_Layer'
INFO: [USF-XSim-69] 'compile' step finished in '1' seconds
INFO: [USF-XSim-3] XSim::Elaborate design
INFO: [USF-XSim-61] Executing 'ELABORATE' step in 'C:/Users/flavi/Desktop/Perceptron_network/MLP/MLP.sim/sim_1/behav/xsim'
"xelab --incr --debug typical --relax --mt 2 -L xil_defaultlib -L secureip --snapshot simulation_Layer_behav xil_defaultlib.simulation_Layer -log elaborate.log"
Vivado Simulator v2025.2
Copyright 1986-2022 Xilinx, Inc. All Rights Reserved.
Copyright 2022-2025 Advanced Micro Devices, Inc. All Rights Reserved.
Running: C:/Program/2025.2/Vivado/bin/unwrapped/win64.o/xelab.exe --incr --debug typical --relax --mt 2 -L xil_defaultlib -L secureip --snapshot simulation_Layer_behav xil_defaultlib.simulation_Layer -log elaborate.log 
Using 2 slave threads.
Starting static elaboration
Completed static elaboration
Starting simulation data flow analysis
Completed simulation data flow analysis
Time Resolution for simulation is 1ps
Compiling package std.standard
Compiling package std.textio
Compiling package ieee.std_logic_1164
Compiling package ieee.std_logic_arith
Compiling package ieee.std_logic_unsigned
Compiling package ieee.numeric_std
Compiling architecture behavioral of entity xil_defaultlib.Perceptron_BRAM [perceptron_bram_default]
Compiling architecture rtl of entity xil_defaultlib.WEIGHTS [weights_default]
Compiling architecture behavioral of entity xil_defaultlib.Layer [layer_default]
Compiling architecture bench of entity xil_defaultlib.simulation_layer
Built simulation snapshot simulation_Layer_behav
INFO: [USF-XSim-69] 'elaborate' step finished in '2' seconds
INFO: [USF-XSim-4] XSim::Simulate design
INFO: [USF-XSim-61] Executing 'SIMULATE' step in 'C:/Users/flavi/Desktop/Perceptron_network/MLP/MLP.sim/sim_1/behav/xsim'
INFO: [USF-XSim-98] *** Running xsim
   with args "simulation_Layer_behav -key {Behavioral:sim_1:Functional:simulation_Layer} -tclbatch {simulation_Layer.tcl} -view {C:/Users/flavi/Desktop/Perceptron_network/MLP/simulation_Perceptron_CONFIG.wcfg} -log {simulate.log}"
INFO: [USF-XSim-8] Loading simulator feature
Time resolution is 1 ps
open_wave_config C:/Users/flavi/Desktop/Perceptron_network/MLP/simulation_Perceptron_CONFIG.wcfg
source simulation_Layer.tcl
# set curr_wave [current_wave_config]
# if { [string length $curr_wave] == 0 } {
#   if { [llength [get_objects]] > 0} {
#     add_wave /
#     set_property needs_save false [current_wave_config]
#   } else {
#      send_msg_id Add_Wave-1 WARNING "No top level signals found. Simulator will start without a wave window. If you want to open a wave window go to 'File->New Waveform Configuration' or type 'create_wave_config' in the TCL console."
#   }
# }
# run 1000ns
INFO: [USF-XSim-96] XSim completed. Design snapshot 'simulation_Layer_behav' loaded.
INFO: [USF-XSim-97] XSim simulation ran for 1000ns
launch_simulation: Time (s): cpu = 00:00:05 ; elapsed = 00:00:05 . Memory (MB): peak = 3905.457 ; gain = 0.000
run 16 us
close_sim
INFO: [Simtcl 6-16] Simulation closed
WARNING: [filemgmt 56-199] Attempt to get parsing info during refresh. "On-the-fly" syntax checking information may be incorrect. [C:\Users\flavi\Desktop\Perceptron_network\MLP\MLP.srcs\sources_1\new\WEIGHTS.vhd:]
WARNING: [filemgmt 56-199] Attempt to get parsing info during refresh. "On-the-fly" syntax checking information may be incorrect. [C:\Users\flavi\Desktop\Perceptron_network\MLP\MLP.srcs\sources_1\new\Layer.vhd:]
WARNING: [filemgmt 56-199] Attempt to get parsing info during refresh. "On-the-fly" syntax checking information may be incorrect. [C:\Users\flavi\Desktop\Perceptron_network\MLP\MLP.srcs\sim_1\new\simulation_Layer.vhd:]
WARNING: [filemgmt 56-199] Attempt to get parsing info during refresh. "On-the-fly" syntax checking information may be incorrect. [C:\Users\flavi\Desktop\Perceptron_network\MLP\MLP.srcs\sources_1\new\Perceptron_BRAM.vhd:]
WARNING: [filemgmt 56-199] Attempt to get parsing info during refresh. "On-the-fly" syntax checking information may be incorrect. [C:\Users\flavi\Desktop\Perceptron_network\MLP\MLP.srcs\sources_1\new\WEIGHTS.vhd:]
WARNING: [filemgmt 56-199] Attempt to get parsing info during refresh. "On-the-fly" syntax checking information may be incorrect. [C:\Users\flavi\Desktop\Perceptron_network\MLP\MLP.srcs\sources_1\new\WEIGHTS.vhd:]
launch_simulation
Command: launch_simulation 
INFO: [Vivado 12-25911] Executing simulation for 'XSim' simulator
INFO: [Vivado 12-28535] Process started - Thu Jan 29 20:10:31 2026

INFO: [Vivado 12-12493] Simulation top is 'simulation_Layer'
INFO: [Vivado 12-5682] Launching behavioral simulation in 'C:/Users/flavi/Desktop/Perceptron_network/MLP/MLP.sim/sim_1/behav/xsim'
INFO: [SIM-utils-51] Simulation object is 'sim_1'
INFO: [SIM-utils-72] Using boost library from 'C:/Program/2025.2/Vivado/tps/boost_1_72_0'
ERROR: [Common 17-180] Spawn failed: The operation completed successfully.

ERROR: [Common 17-39] 'get_xpm_libraries' failed due to earlier errors.

    while executing
"rdi::get_xpm_libraries"
    (procedure "xcs_get_xpm_libraries" line 14)
    invoked from within
"xcs_get_xpm_libraries"
    (procedure "usf_xsim_setup_simulation" line 50)
    invoked from within
"usf_xsim_setup_simulation"
    (procedure "tclapp::xilinx::xsim::setup" line 29)
    invoked from within
"tclapp::xilinx::xsim::setup { -simset sim_1 -mode behavioral -run_dir C:/Users/flavi/Desktop/Perceptron_network/MLP/MLP.sim/sim_1/behav/xsim -int_os_t..."
ERROR: [Vivado 12-4473] Detected error while running simulation. Please correct the issue and retry this operation.
ERROR: [Common 17-39] 'launch_simulation' failed due to earlier errors.
launch_simulation
Command: launch_simulation 
INFO: [Vivado 12-25911] Executing simulation for 'XSim' simulator
INFO: [Vivado 12-28535] Process started - Thu Jan 29 20:11:03 2026

INFO: [Vivado 12-12493] Simulation top is 'simulation_Layer'
INFO: [Vivado 12-5682] Launching behavioral simulation in 'C:/Users/flavi/Desktop/Perceptron_network/MLP/MLP.sim/sim_1/behav/xsim'
INFO: [SIM-utils-51] Simulation object is 'sim_1'
INFO: [SIM-utils-72] Using boost library from 'C:/Program/2025.2/Vivado/tps/boost_1_72_0'
INFO: [SIM-utils-54] Inspecting design source files for 'simulation_Layer' in fileset 'sim_1'...
INFO: [USF-XSim-97] Finding global include files...
INFO: [USF-XSim-100] Fetching design files from 'sources_1'...(this may take a while)...
INFO: [USF-XSim-101] Fetching design files from 'sim_1'...
INFO: [USF-XSim-2] XSim::Compile design
INFO: [USF-XSim-61] Executing 'COMPILE and ANALYZE' step in 'C:/Users/flavi/Desktop/Perceptron_network/MLP/MLP.sim/sim_1/behav/xsim'
"xvhdl --incr --relax -prj simulation_Layer_vhdl.prj"
INFO: [VRFC 10-163] Analyzing VHDL file "C:/Users/flavi/Desktop/Perceptron_network/MLP/MLP.srcs/sim_1/new/simulation_Layer.vhd" into library xil_defaultlib
INFO: [VRFC 10-3107] analyzing entity 'simulation_Layer'
INFO: [USF-XSim-69] 'compile' step finished in '1' seconds
INFO: [USF-XSim-3] XSim::Elaborate design
INFO: [USF-XSim-61] Executing 'ELABORATE' step in 'C:/Users/flavi/Desktop/Perceptron_network/MLP/MLP.sim/sim_1/behav/xsim'
"xelab --incr --debug typical --relax --mt 2 -L xil_defaultlib -L secureip --snapshot simulation_Layer_behav xil_defaultlib.simulation_Layer -log elaborate.log"
Vivado Simulator v2025.2
Copyright 1986-2022 Xilinx, Inc. All Rights Reserved.
Copyright 2022-2025 Advanced Micro Devices, Inc. All Rights Reserved.
Running: C:/Program/2025.2/Vivado/bin/unwrapped/win64.o/xelab.exe --incr --debug typical --relax --mt 2 -L xil_defaultlib -L secureip --snapshot simulation_Layer_behav xil_defaultlib.simulation_Layer -log elaborate.log 
Using 2 slave threads.
Starting static elaboration
Completed static elaboration
Starting simulation data flow analysis
Completed simulation data flow analysis
Time Resolution for simulation is 1ps
Compiling package std.standard
Compiling package std.textio
Compiling package ieee.std_logic_1164
Compiling package ieee.std_logic_arith
Compiling package ieee.std_logic_unsigned
Compiling package ieee.numeric_std
Compiling architecture behavioral of entity xil_defaultlib.Perceptron_BRAM [perceptron_bram_default]
Compiling architecture rtl of entity xil_defaultlib.WEIGHTS [weights_default]
Compiling architecture behavioral of entity xil_defaultlib.Layer [layer_default]
Compiling architecture bench of entity xil_defaultlib.simulation_layer
Built simulation snapshot simulation_Layer_behav
INFO: [USF-XSim-69] 'elaborate' step finished in '2' seconds
INFO: [USF-XSim-4] XSim::Simulate design
INFO: [USF-XSim-61] Executing 'SIMULATE' step in 'C:/Users/flavi/Desktop/Perceptron_network/MLP/MLP.sim/sim_1/behav/xsim'
INFO: [USF-XSim-98] *** Running xsim
   with args "simulation_Layer_behav -key {Behavioral:sim_1:Functional:simulation_Layer} -tclbatch {simulation_Layer.tcl} -view {C:/Users/flavi/Desktop/Perceptron_network/MLP/simulation_Perceptron_CONFIG.wcfg} -log {simulate.log}"
INFO: [USF-XSim-8] Loading simulator feature
Time resolution is 1 ps
open_wave_config C:/Users/flavi/Desktop/Perceptron_network/MLP/simulation_Perceptron_CONFIG.wcfg
source simulation_Layer.tcl
# set curr_wave [current_wave_config]
# if { [string length $curr_wave] == 0 } {
#   if { [llength [get_objects]] > 0} {
#     add_wave /
#     set_property needs_save false [current_wave_config]
#   } else {
#      send_msg_id Add_Wave-1 WARNING "No top level signals found. Simulator will start without a wave window. If you want to open a wave window go to 'File->New Waveform Configuration' or type 'create_wave_config' in the TCL console."
#   }
# }
# run 1000ns
INFO: [USF-XSim-96] XSim completed. Design snapshot 'simulation_Layer_behav' loaded.
INFO: [USF-XSim-97] XSim simulation ran for 1000ns
run 16 us
close_sim
INFO: [Simtcl 6-16] Simulation closed
WARNING: [filemgmt 56-199] Attempt to get parsing info during refresh. "On-the-fly" syntax checking information may be incorrect. [C:\Users\flavi\Desktop\Perceptron_network\MLP\MLP.srcs\sources_1\new\WEIGHTS.vhd:]
WARNING: [filemgmt 56-199] Attempt to get parsing info during refresh. "On-the-fly" syntax checking information may be incorrect. [C:\Users\flavi\Desktop\Perceptron_network\MLP\MLP.srcs\sources_1\new\Layer.vhd:]
WARNING: [filemgmt 56-199] Attempt to get parsing info during refresh. "On-the-fly" syntax checking information may be incorrect. [C:\Users\flavi\Desktop\Perceptron_network\MLP\MLP.srcs\sim_1\new\simulation_Layer.vhd:]
WARNING: [filemgmt 56-199] Attempt to get parsing info during refresh. "On-the-fly" syntax checking information may be incorrect. [C:\Users\flavi\Desktop\Perceptron_network\MLP\MLP.srcs\sources_1\new\Perceptron_BRAM.vhd:]
WARNING: [filemgmt 56-199] Attempt to get parsing info during refresh. "On-the-fly" syntax checking information may be incorrect. [C:\Users\flavi\Desktop\Perceptron_network\MLP\MLP.srcs\sources_1\new\Layer.vhd:]
WARNING: [filemgmt 56-199] Attempt to get parsing info during refresh. "On-the-fly" syntax checking information may be incorrect. [C:\Users\flavi\Desktop\Perceptron_network\MLP\MLP.srcs\sources_1\new\Layer.vhd:]
ERROR: [Common 17-180] Spawn failed: The operation completed successfully.

WARNING: [filemgmt 56-199] Attempt to get parsing info during refresh. "On-the-fly" syntax checking information may be incorrect. [C:\Users\flavi\Desktop\Perceptron_network\MLP\MLP.srcs\sources_1\new\WEIGHTS.vhd:]
WARNING: [filemgmt 56-199] Attempt to get parsing info during refresh. "On-the-fly" syntax checking information may be incorrect. [C:\Users\flavi\Desktop\Perceptron_network\MLP\MLP.srcs\sources_1\new\Layer.vhd:]
WARNING: [filemgmt 56-199] Attempt to get parsing info during refresh. "On-the-fly" syntax checking information may be incorrect. [C:\Users\flavi\Desktop\Perceptron_network\MLP\MLP.srcs\sim_1\new\simulation_Layer.vhd:]
WARNING: [filemgmt 56-199] Attempt to get parsing info during refresh. "On-the-fly" syntax checking information may be incorrect. [C:\Users\flavi\Desktop\Perceptron_network\MLP\MLP.srcs\sources_1\new\Perceptron_BRAM.vhd:]
WARNING: [filemgmt 56-199] Attempt to get parsing info during refresh. "On-the-fly" syntax checking information may be incorrect. [C:\Users\flavi\Desktop\Perceptron_network\MLP\MLP.srcs\sim_1\new\simulation_Layer.vhd:]
WARNING: [filemgmt 56-199] Attempt to get parsing info during refresh. "On-the-fly" syntax checking information may be incorrect. [C:\Users\flavi\Desktop\Perceptron_network\MLP\MLP.srcs\sim_1\new\simulation_Layer.vhd:]
WARNING: [filemgmt 56-199] Attempt to get parsing info during refresh. "On-the-fly" syntax checking information may be incorrect. [C:\Users\flavi\Desktop\Perceptron_network\MLP\MLP.srcs\sources_1\new\WEIGHTS.vhd:]
WARNING: [filemgmt 56-199] Attempt to get parsing info during refresh. "On-the-fly" syntax checking information may be incorrect. [C:\Users\flavi\Desktop\Perceptron_network\MLP\MLP.srcs\sources_1\new\Layer.vhd:]
WARNING: [filemgmt 56-199] Attempt to get parsing info during refresh. "On-the-fly" syntax checking information may be incorrect. [C:\Users\flavi\Desktop\Perceptron_network\MLP\MLP.srcs\sim_1\new\simulation_Layer.vhd:]
WARNING: [filemgmt 56-199] Attempt to get parsing info during refresh. "On-the-fly" syntax checking information may be incorrect. [C:\Users\flavi\Desktop\Perceptron_network\MLP\MLP.srcs\sources_1\new\Perceptron_BRAM.vhd:]
WARNING: [filemgmt 56-199] Attempt to get parsing info during refresh. "On-the-fly" syntax checking information may be incorrect. [C:\Users\flavi\Desktop\Perceptron_network\MLP\MLP.srcs\sources_1\new\Perceptron_BRAM.vhd:]
WARNING: [filemgmt 56-199] Attempt to get parsing info during refresh. "On-the-fly" syntax checking information may be incorrect. [C:\Users\flavi\Desktop\Perceptron_network\MLP\MLP.srcs\sources_1\new\Perceptron_BRAM.vhd:]
ERROR: [Common 17-180] Spawn failed: The operation completed successfully.

launch_simulation
Command: launch_simulation 
INFO: [Vivado 12-25911] Executing simulation for 'XSim' simulator
INFO: [Vivado 12-28535] Process started - Thu Jan 29 20:15:49 2026

INFO: [Vivado 12-12493] Simulation top is 'simulation_Layer'
INFO: [Vivado 12-5682] Launching behavioral simulation in 'C:/Users/flavi/Desktop/Perceptron_network/MLP/MLP.sim/sim_1/behav/xsim'
INFO: [SIM-utils-51] Simulation object is 'sim_1'
INFO: [SIM-utils-72] Using boost library from 'C:/Program/2025.2/Vivado/tps/boost_1_72_0'
INFO: [SIM-utils-54] Inspecting design source files for 'simulation_Layer' in fileset 'sim_1'...
INFO: [USF-XSim-97] Finding global include files...
INFO: [USF-XSim-100] Fetching design files from 'sources_1'...(this may take a while)...
INFO: [USF-XSim-101] Fetching design files from 'sim_1'...
INFO: [USF-XSim-2] XSim::Compile design
INFO: [USF-XSim-61] Executing 'COMPILE and ANALYZE' step in 'C:/Users/flavi/Desktop/Perceptron_network/MLP/MLP.sim/sim_1/behav/xsim'
"xvhdl --incr --relax -prj simulation_Layer_vhdl.prj"
INFO: [VRFC 10-163] Analyzing VHDL file "C:/Users/flavi/Desktop/Perceptron_network/MLP/MLP.srcs/sim_1/new/simulation_Layer.vhd" into library xil_defaultlib
INFO: [VRFC 10-3107] analyzing entity 'simulation_Layer'
INFO: [USF-XSim-69] 'compile' step finished in '1' seconds
INFO: [USF-XSim-3] XSim::Elaborate design
INFO: [USF-XSim-61] Executing 'ELABORATE' step in 'C:/Users/flavi/Desktop/Perceptron_network/MLP/MLP.sim/sim_1/behav/xsim'
"xelab --incr --debug typical --relax --mt 2 -L xil_defaultlib -L secureip --snapshot simulation_Layer_behav xil_defaultlib.simulation_Layer -log elaborate.log"
Vivado Simulator v2025.2
Copyright 1986-2022 Xilinx, Inc. All Rights Reserved.
Copyright 2022-2025 Advanced Micro Devices, Inc. All Rights Reserved.
Running: C:/Program/2025.2/Vivado/bin/unwrapped/win64.o/xelab.exe --incr --debug typical --relax --mt 2 -L xil_defaultlib -L secureip --snapshot simulation_Layer_behav xil_defaultlib.simulation_Layer -log elaborate.log 
Using 2 slave threads.
Starting static elaboration
Completed static elaboration
Starting simulation data flow analysis
Completed simulation data flow analysis
Time Resolution for simulation is 1ps
Compiling package std.standard
Compiling package std.textio
Compiling package ieee.std_logic_1164
Compiling package ieee.std_logic_arith
Compiling package ieee.std_logic_unsigned
Compiling package ieee.numeric_std
Compiling architecture behavioral of entity xil_defaultlib.Perceptron_BRAM [perceptron_bram_default]
Compiling architecture rtl of entity xil_defaultlib.WEIGHTS [weights_default]
Compiling architecture behavioral of entity xil_defaultlib.Layer [layer_default]
Compiling architecture bench of entity xil_defaultlib.simulation_layer
Built simulation snapshot simulation_Layer_behav
INFO: [USF-XSim-69] 'elaborate' step finished in '2' seconds
INFO: [USF-XSim-4] XSim::Simulate design
INFO: [USF-XSim-61] Executing 'SIMULATE' step in 'C:/Users/flavi/Desktop/Perceptron_network/MLP/MLP.sim/sim_1/behav/xsim'
INFO: [USF-XSim-98] *** Running xsim
   with args "simulation_Layer_behav -key {Behavioral:sim_1:Functional:simulation_Layer} -tclbatch {simulation_Layer.tcl} -view {C:/Users/flavi/Desktop/Perceptron_network/MLP/simulation_Perceptron_CONFIG.wcfg} -log {simulate.log}"
INFO: [USF-XSim-8] Loading simulator feature
Time resolution is 1 ps
open_wave_config C:/Users/flavi/Desktop/Perceptron_network/MLP/simulation_Perceptron_CONFIG.wcfg
source simulation_Layer.tcl
# set curr_wave [current_wave_config]
# if { [string length $curr_wave] == 0 } {
#   if { [llength [get_objects]] > 0} {
#     add_wave /
#     set_property needs_save false [current_wave_config]
#   } else {
#      send_msg_id Add_Wave-1 WARNING "No top level signals found. Simulator will start without a wave window. If you want to open a wave window go to 'File->New Waveform Configuration' or type 'create_wave_config' in the TCL console."
#   }
# }
# run 1000ns
INFO: [USF-XSim-96] XSim completed. Design snapshot 'simulation_Layer_behav' loaded.
INFO: [USF-XSim-97] XSim simulation ran for 1000ns
launch_simulation: Time (s): cpu = 00:00:02 ; elapsed = 00:00:05 . Memory (MB): peak = 3905.457 ; gain = 0.000
run 16 us
WARNING: [filemgmt 56-199] Attempt to get parsing info during refresh. "On-the-fly" syntax checking information may be incorrect. [C:\Users\flavi\Desktop\Perceptron_network\MLP\MLP.srcs\sources_1\new\WEIGHTS.vhd:]
WARNING: [filemgmt 56-199] Attempt to get parsing info during refresh. "On-the-fly" syntax checking information may be incorrect. [C:\Users\flavi\Desktop\Perceptron_network\MLP\MLP.srcs\sources_1\new\Layer.vhd:]
WARNING: [filemgmt 56-199] Attempt to get parsing info during refresh. "On-the-fly" syntax checking information may be incorrect. [C:\Users\flavi\Desktop\Perceptron_network\MLP\MLP.srcs\sim_1\new\simulation_Layer.vhd:]
WARNING: [filemgmt 56-199] Attempt to get parsing info during refresh. "On-the-fly" syntax checking information may be incorrect. [C:\Users\flavi\Desktop\Perceptron_network\MLP\MLP.srcs\sources_1\new\Perceptron_BRAM.vhd:]
WARNING: [filemgmt 56-199] Attempt to get parsing info during refresh. "On-the-fly" syntax checking information may be incorrect. [C:\Users\flavi\Desktop\Perceptron_network\MLP\MLP.srcs\sources_1\new\Layer.vhd:]
WARNING: [filemgmt 56-199] Attempt to get parsing info during refresh. "On-the-fly" syntax checking information may be incorrect. [C:\Users\flavi\Desktop\Perceptron_network\MLP\MLP.srcs\sources_1\new\Layer.vhd:]
WARNING: [filemgmt 56-199] Attempt to get parsing info during refresh. "On-the-fly" syntax checking information may be incorrect. [C:\Users\flavi\Desktop\Perceptron_network\MLP\MLP.srcs\sources_1\new\WEIGHTS.vhd:]
WARNING: [filemgmt 56-199] Attempt to get parsing info during refresh. "On-the-fly" syntax checking information may be incorrect. [C:\Users\flavi\Desktop\Perceptron_network\MLP\MLP.srcs\sources_1\new\Layer.vhd:]
WARNING: [filemgmt 56-199] Attempt to get parsing info during refresh. "On-the-fly" syntax checking information may be incorrect. [C:\Users\flavi\Desktop\Perceptron_network\MLP\MLP.srcs\sim_1\new\simulation_Layer.vhd:]
WARNING: [filemgmt 56-199] Attempt to get parsing info during refresh. "On-the-fly" syntax checking information may be incorrect. [C:\Users\flavi\Desktop\Perceptron_network\MLP\MLP.srcs\sources_1\new\Perceptron_BRAM.vhd:]
WARNING: [filemgmt 56-199] Attempt to get parsing info during refresh. "On-the-fly" syntax checking information may be incorrect. [C:\Users\flavi\Desktop\Perceptron_network\MLP\MLP.srcs\sources_1\new\WEIGHTS.vhd:]
WARNING: [filemgmt 56-199] Attempt to get parsing info during refresh. "On-the-fly" syntax checking information may be incorrect. [C:\Users\flavi\Desktop\Perceptron_network\MLP\MLP.srcs\sources_1\new\WEIGHTS.vhd:]
close_sim
INFO: [Simtcl 6-16] Simulation closed
launch_simulation
Command: launch_simulation 
INFO: [Vivado 12-25911] Executing simulation for 'XSim' simulator
INFO: [Vivado 12-28535] Process started - Thu Jan 29 20:17:47 2026

INFO: [Vivado 12-12493] Simulation top is 'simulation_Layer'
INFO: [Vivado 12-5682] Launching behavioral simulation in 'C:/Users/flavi/Desktop/Perceptron_network/MLP/MLP.sim/sim_1/behav/xsim'
INFO: [SIM-utils-51] Simulation object is 'sim_1'
INFO: [SIM-utils-72] Using boost library from 'C:/Program/2025.2/Vivado/tps/boost_1_72_0'
INFO: [SIM-utils-54] Inspecting design source files for 'simulation_Layer' in fileset 'sim_1'...
INFO: [USF-XSim-97] Finding global include files...
INFO: [USF-XSim-100] Fetching design files from 'sources_1'...(this may take a while)...
INFO: [USF-XSim-101] Fetching design files from 'sim_1'...
INFO: [USF-XSim-2] XSim::Compile design
INFO: [USF-XSim-61] Executing 'COMPILE and ANALYZE' step in 'C:/Users/flavi/Desktop/Perceptron_network/MLP/MLP.sim/sim_1/behav/xsim'
"xvhdl --incr --relax -prj simulation_Layer_vhdl.prj"
INFO: [VRFC 10-163] Analyzing VHDL file "C:/Users/flavi/Desktop/Perceptron_network/MLP/MLP.srcs/sim_1/new/simulation_Layer.vhd" into library xil_defaultlib
INFO: [VRFC 10-3107] analyzing entity 'simulation_Layer'
INFO: [USF-XSim-69] 'compile' step finished in '1' seconds
INFO: [USF-XSim-3] XSim::Elaborate design
INFO: [USF-XSim-61] Executing 'ELABORATE' step in 'C:/Users/flavi/Desktop/Perceptron_network/MLP/MLP.sim/sim_1/behav/xsim'
"xelab --incr --debug typical --relax --mt 2 -L xil_defaultlib -L secureip --snapshot simulation_Layer_behav xil_defaultlib.simulation_Layer -log elaborate.log"
Vivado Simulator v2025.2
Copyright 1986-2022 Xilinx, Inc. All Rights Reserved.
Copyright 2022-2025 Advanced Micro Devices, Inc. All Rights Reserved.
Running: C:/Program/2025.2/Vivado/bin/unwrapped/win64.o/xelab.exe --incr --debug typical --relax --mt 2 -L xil_defaultlib -L secureip --snapshot simulation_Layer_behav xil_defaultlib.simulation_Layer -log elaborate.log 
Using 2 slave threads.
Starting static elaboration
Completed static elaboration
Starting simulation data flow analysis
Completed simulation data flow analysis
Time Resolution for simulation is 1ps
Compiling package std.standard
Compiling package std.textio
Compiling package ieee.std_logic_1164
Compiling package ieee.std_logic_arith
Compiling package ieee.std_logic_unsigned
Compiling package ieee.numeric_std
Compiling architecture behavioral of entity xil_defaultlib.Perceptron_BRAM [perceptron_bram_default]
Compiling architecture rtl of entity xil_defaultlib.WEIGHTS [weights_default]
Compiling architecture behavioral of entity xil_defaultlib.Layer [layer_default]
Compiling architecture bench of entity xil_defaultlib.simulation_layer
Built simulation snapshot simulation_Layer_behav
INFO: [USF-XSim-69] 'elaborate' step finished in '2' seconds
INFO: [USF-XSim-4] XSim::Simulate design
INFO: [USF-XSim-61] Executing 'SIMULATE' step in 'C:/Users/flavi/Desktop/Perceptron_network/MLP/MLP.sim/sim_1/behav/xsim'
INFO: [USF-XSim-98] *** Running xsim
   with args "simulation_Layer_behav -key {Behavioral:sim_1:Functional:simulation_Layer} -tclbatch {simulation_Layer.tcl} -view {C:/Users/flavi/Desktop/Perceptron_network/MLP/simulation_Perceptron_CONFIG.wcfg} -log {simulate.log}"
INFO: [USF-XSim-8] Loading simulator feature
Time resolution is 1 ps
open_wave_config C:/Users/flavi/Desktop/Perceptron_network/MLP/simulation_Perceptron_CONFIG.wcfg
source simulation_Layer.tcl
# set curr_wave [current_wave_config]
# if { [string length $curr_wave] == 0 } {
#   if { [llength [get_objects]] > 0} {
#     add_wave /
#     set_property needs_save false [current_wave_config]
#   } else {
#      send_msg_id Add_Wave-1 WARNING "No top level signals found. Simulator will start without a wave window. If you want to open a wave window go to 'File->New Waveform Configuration' or type 'create_wave_config' in the TCL console."
#   }
# }
# run 1000ns
INFO: [USF-XSim-96] XSim completed. Design snapshot 'simulation_Layer_behav' loaded.
INFO: [USF-XSim-97] XSim simulation ran for 1000ns
launch_simulation: Time (s): cpu = 00:00:03 ; elapsed = 00:00:06 . Memory (MB): peak = 3905.457 ; gain = 0.000
run 16 us
close_sim
INFO: [Simtcl 6-16] Simulation closed
launch_simulation
Command: launch_simulation 
INFO: [Vivado 12-25911] Executing simulation for 'XSim' simulator
INFO: [Vivado 12-28535] Process started - Thu Jan 29 20:23:37 2026

INFO: [Vivado 12-12493] Simulation top is 'simulation_Layer'
INFO: [Vivado 12-5682] Launching behavioral simulation in 'C:/Users/flavi/Desktop/Perceptron_network/MLP/MLP.sim/sim_1/behav/xsim'
INFO: [SIM-utils-51] Simulation object is 'sim_1'
INFO: [SIM-utils-72] Using boost library from 'C:/Program/2025.2/Vivado/tps/boost_1_72_0'
INFO: [SIM-utils-54] Inspecting design source files for 'simulation_Layer' in fileset 'sim_1'...
INFO: [USF-XSim-97] Finding global include files...
INFO: [USF-XSim-100] Fetching design files from 'sources_1'...(this may take a while)...
INFO: [USF-XSim-101] Fetching design files from 'sim_1'...
INFO: [USF-XSim-2] XSim::Compile design
INFO: [USF-XSim-61] Executing 'COMPILE and ANALYZE' step in 'C:/Users/flavi/Desktop/Perceptron_network/MLP/MLP.sim/sim_1/behav/xsim'
"xvhdl --incr --relax -prj simulation_Layer_vhdl.prj"
INFO: [USF-XSim-69] 'compile' step finished in '1' seconds
INFO: [USF-XSim-3] XSim::Elaborate design
INFO: [USF-XSim-61] Executing 'ELABORATE' step in 'C:/Users/flavi/Desktop/Perceptron_network/MLP/MLP.sim/sim_1/behav/xsim'
"xelab --incr --debug typical --relax --mt 2 -L xil_defaultlib -L secureip --snapshot simulation_Layer_behav xil_defaultlib.simulation_Layer -log elaborate.log"
Vivado Simulator v2025.2
Copyright 1986-2022 Xilinx, Inc. All Rights Reserved.
Copyright 2022-2025 Advanced Micro Devices, Inc. All Rights Reserved.
Running: C:/Program/2025.2/Vivado/bin/unwrapped/win64.o/xelab.exe --incr --debug typical --relax --mt 2 -L xil_defaultlib -L secureip --snapshot simulation_Layer_behav xil_defaultlib.simulation_Layer -log elaborate.log 
Using 2 slave threads.
Starting static elaboration
Completed static elaboration
INFO: [XSIM 43-4323] No Change in HDL. Linking previously generated obj files to create kernel
INFO: [USF-XSim-69] 'elaborate' step finished in '1' seconds
INFO: [USF-XSim-4] XSim::Simulate design
INFO: [USF-XSim-61] Executing 'SIMULATE' step in 'C:/Users/flavi/Desktop/Perceptron_network/MLP/MLP.sim/sim_1/behav/xsim'
INFO: [USF-XSim-98] *** Running xsim
   with args "simulation_Layer_behav -key {Behavioral:sim_1:Functional:simulation_Layer} -tclbatch {simulation_Layer.tcl} -view {C:/Users/flavi/Desktop/Perceptron_network/MLP/simulation_Perceptron_CONFIG.wcfg} -log {simulate.log}"
INFO: [USF-XSim-8] Loading simulator feature
Time resolution is 1 ps
open_wave_config C:/Users/flavi/Desktop/Perceptron_network/MLP/simulation_Perceptron_CONFIG.wcfg
source simulation_Layer.tcl
# set curr_wave [current_wave_config]
# if { [string length $curr_wave] == 0 } {
#   if { [llength [get_objects]] > 0} {
#     add_wave /
#     set_property needs_save false [current_wave_config]
#   } else {
#      send_msg_id Add_Wave-1 WARNING "No top level signals found. Simulator will start without a wave window. If you want to open a wave window go to 'File->New Waveform Configuration' or type 'create_wave_config' in the TCL console."
#   }
# }
# run 1000ns
INFO: [USF-XSim-96] XSim completed. Design snapshot 'simulation_Layer_behav' loaded.
INFO: [USF-XSim-97] XSim simulation ran for 1000ns
run 16 us
close_sim
INFO: [Simtcl 6-16] Simulation closed
launch_simulation
Command: launch_simulation 
INFO: [Vivado 12-25911] Executing simulation for 'XSim' simulator
INFO: [Vivado 12-28535] Process started - Thu Jan 29 20:25:23 2026

INFO: [Vivado 12-12493] Simulation top is 'simulation_Layer'
INFO: [Vivado 12-5682] Launching behavioral simulation in 'C:/Users/flavi/Desktop/Perceptron_network/MLP/MLP.sim/sim_1/behav/xsim'
INFO: [SIM-utils-51] Simulation object is 'sim_1'
INFO: [SIM-utils-72] Using boost library from 'C:/Program/2025.2/Vivado/tps/boost_1_72_0'
INFO: [SIM-utils-54] Inspecting design source files for 'simulation_Layer' in fileset 'sim_1'...
INFO: [USF-XSim-97] Finding global include files...
INFO: [USF-XSim-100] Fetching design files from 'sources_1'...(this may take a while)...
INFO: [USF-XSim-101] Fetching design files from 'sim_1'...
INFO: [USF-XSim-2] XSim::Compile design
INFO: [USF-XSim-61] Executing 'COMPILE and ANALYZE' step in 'C:/Users/flavi/Desktop/Perceptron_network/MLP/MLP.sim/sim_1/behav/xsim'
"xvhdl --incr --relax -prj simulation_Layer_vhdl.prj"
INFO: [VRFC 10-163] Analyzing VHDL file "C:/Users/flavi/Desktop/Perceptron_network/MLP/MLP.srcs/sim_1/new/simulation_Layer.vhd" into library xil_defaultlib
INFO: [VRFC 10-3107] analyzing entity 'simulation_Layer'
INFO: [USF-XSim-69] 'compile' step finished in '1' seconds
INFO: [USF-XSim-3] XSim::Elaborate design
INFO: [USF-XSim-61] Executing 'ELABORATE' step in 'C:/Users/flavi/Desktop/Perceptron_network/MLP/MLP.sim/sim_1/behav/xsim'
"xelab --incr --debug typical --relax --mt 2 -L xil_defaultlib -L secureip --snapshot simulation_Layer_behav xil_defaultlib.simulation_Layer -log elaborate.log"
Vivado Simulator v2025.2
Copyright 1986-2022 Xilinx, Inc. All Rights Reserved.
Copyright 2022-2025 Advanced Micro Devices, Inc. All Rights Reserved.
Running: C:/Program/2025.2/Vivado/bin/unwrapped/win64.o/xelab.exe --incr --debug typical --relax --mt 2 -L xil_defaultlib -L secureip --snapshot simulation_Layer_behav xil_defaultlib.simulation_Layer -log elaborate.log 
Using 2 slave threads.
Starting static elaboration
Completed static elaboration
Starting simulation data flow analysis
Completed simulation data flow analysis
Time Resolution for simulation is 1ps
Compiling package std.standard
Compiling package std.textio
Compiling package ieee.std_logic_1164
Compiling package ieee.std_logic_arith
Compiling package ieee.std_logic_unsigned
Compiling package ieee.numeric_std
Compiling architecture behavioral of entity xil_defaultlib.Perceptron_BRAM [perceptron_bram_default]
Compiling architecture rtl of entity xil_defaultlib.WEIGHTS [weights_default]
Compiling architecture behavioral of entity xil_defaultlib.Layer [layer_default]
Compiling architecture bench of entity xil_defaultlib.simulation_layer
Built simulation snapshot simulation_Layer_behav
INFO: [USF-XSim-69] 'elaborate' step finished in '2' seconds
INFO: [USF-XSim-4] XSim::Simulate design
INFO: [USF-XSim-61] Executing 'SIMULATE' step in 'C:/Users/flavi/Desktop/Perceptron_network/MLP/MLP.sim/sim_1/behav/xsim'
INFO: [USF-XSim-98] *** Running xsim
   with args "simulation_Layer_behav -key {Behavioral:sim_1:Functional:simulation_Layer} -tclbatch {simulation_Layer.tcl} -view {C:/Users/flavi/Desktop/Perceptron_network/MLP/simulation_Perceptron_CONFIG.wcfg} -log {simulate.log}"
INFO: [USF-XSim-8] Loading simulator feature
Time resolution is 1 ps
open_wave_config C:/Users/flavi/Desktop/Perceptron_network/MLP/simulation_Perceptron_CONFIG.wcfg
source simulation_Layer.tcl
# set curr_wave [current_wave_config]
# if { [string length $curr_wave] == 0 } {
#   if { [llength [get_objects]] > 0} {
#     add_wave /
#     set_property needs_save false [current_wave_config]
#   } else {
#      send_msg_id Add_Wave-1 WARNING "No top level signals found. Simulator will start without a wave window. If you want to open a wave window go to 'File->New Waveform Configuration' or type 'create_wave_config' in the TCL console."
#   }
# }
# run 1000ns
INFO: [USF-XSim-96] XSim completed. Design snapshot 'simulation_Layer_behav' loaded.
INFO: [USF-XSim-97] XSim simulation ran for 1000ns
launch_simulation: Time (s): cpu = 00:00:02 ; elapsed = 00:00:06 . Memory (MB): peak = 3905.457 ; gain = 0.000
run 16 us
close_sim
INFO: [Simtcl 6-16] Simulation closed
launch_simulation
Command: launch_simulation 
INFO: [Vivado 12-25911] Executing simulation for 'XSim' simulator
INFO: [Vivado 12-28535] Process started - Thu Jan 29 20:27:35 2026

INFO: [Vivado 12-12493] Simulation top is 'simulation_Layer'
INFO: [Vivado 12-5682] Launching behavioral simulation in 'C:/Users/flavi/Desktop/Perceptron_network/MLP/MLP.sim/sim_1/behav/xsim'
INFO: [SIM-utils-51] Simulation object is 'sim_1'
INFO: [SIM-utils-72] Using boost library from 'C:/Program/2025.2/Vivado/tps/boost_1_72_0'
INFO: [SIM-utils-54] Inspecting design source files for 'simulation_Layer' in fileset 'sim_1'...
INFO: [USF-XSim-97] Finding global include files...
INFO: [USF-XSim-100] Fetching design files from 'sources_1'...(this may take a while)...
INFO: [USF-XSim-101] Fetching design files from 'sim_1'...
INFO: [USF-XSim-2] XSim::Compile design
INFO: [USF-XSim-61] Executing 'COMPILE and ANALYZE' step in 'C:/Users/flavi/Desktop/Perceptron_network/MLP/MLP.sim/sim_1/behav/xsim'
"xvhdl --incr --relax -prj simulation_Layer_vhdl.prj"
INFO: [USF-XSim-69] 'compile' step finished in '1' seconds
INFO: [USF-XSim-3] XSim::Elaborate design
INFO: [USF-XSim-61] Executing 'ELABORATE' step in 'C:/Users/flavi/Desktop/Perceptron_network/MLP/MLP.sim/sim_1/behav/xsim'
"xelab --incr --debug typical --relax --mt 2 -L xil_defaultlib -L secureip --snapshot simulation_Layer_behav xil_defaultlib.simulation_Layer -log elaborate.log"
Vivado Simulator v2025.2
Copyright 1986-2022 Xilinx, Inc. All Rights Reserved.
Copyright 2022-2025 Advanced Micro Devices, Inc. All Rights Reserved.
Running: C:/Program/2025.2/Vivado/bin/unwrapped/win64.o/xelab.exe --incr --debug typical --relax --mt 2 -L xil_defaultlib -L secureip --snapshot simulation_Layer_behav xil_defaultlib.simulation_Layer -log elaborate.log 
Using 2 slave threads.
Starting static elaboration
Completed static elaboration
INFO: [XSIM 43-4323] No Change in HDL. Linking previously generated obj files to create kernel
INFO: [USF-XSim-69] 'elaborate' step finished in '1' seconds
INFO: [USF-XSim-4] XSim::Simulate design
INFO: [USF-XSim-61] Executing 'SIMULATE' step in 'C:/Users/flavi/Desktop/Perceptron_network/MLP/MLP.sim/sim_1/behav/xsim'
INFO: [USF-XSim-98] *** Running xsim
   with args "simulation_Layer_behav -key {Behavioral:sim_1:Functional:simulation_Layer} -tclbatch {simulation_Layer.tcl} -view {C:/Users/flavi/Desktop/Perceptron_network/MLP/simulation_Perceptron_CONFIG.wcfg} -log {simulate.log}"
INFO: [USF-XSim-8] Loading simulator feature
Time resolution is 1 ps
open_wave_config C:/Users/flavi/Desktop/Perceptron_network/MLP/simulation_Perceptron_CONFIG.wcfg
source simulation_Layer.tcl
# set curr_wave [current_wave_config]
# if { [string length $curr_wave] == 0 } {
#   if { [llength [get_objects]] > 0} {
#     add_wave /
#     set_property needs_save false [current_wave_config]
#   } else {
#      send_msg_id Add_Wave-1 WARNING "No top level signals found. Simulator will start without a wave window. If you want to open a wave window go to 'File->New Waveform Configuration' or type 'create_wave_config' in the TCL console."
#   }
# }
# run 1000ns
INFO: [USF-XSim-96] XSim completed. Design snapshot 'simulation_Layer_behav' loaded.
INFO: [USF-XSim-97] XSim simulation ran for 1000ns
run 16 us
close_sim
INFO: [Simtcl 6-16] Simulation closed
launch_simulation
Command: launch_simulation 
INFO: [Vivado 12-25911] Executing simulation for 'XSim' simulator
INFO: [Vivado 12-28535] Process started - Thu Jan 29 20:28:14 2026

INFO: [Vivado 12-12493] Simulation top is 'simulation_Layer'
INFO: [Vivado 12-5682] Launching behavioral simulation in 'C:/Users/flavi/Desktop/Perceptron_network/MLP/MLP.sim/sim_1/behav/xsim'
INFO: [SIM-utils-51] Simulation object is 'sim_1'
INFO: [SIM-utils-72] Using boost library from 'C:/Program/2025.2/Vivado/tps/boost_1_72_0'
INFO: [SIM-utils-54] Inspecting design source files for 'simulation_Layer' in fileset 'sim_1'...
INFO: [USF-XSim-97] Finding global include files...
INFO: [USF-XSim-100] Fetching design files from 'sources_1'...(this may take a while)...
INFO: [USF-XSim-101] Fetching design files from 'sim_1'...
INFO: [USF-XSim-2] XSim::Compile design
INFO: [USF-XSim-61] Executing 'COMPILE and ANALYZE' step in 'C:/Users/flavi/Desktop/Perceptron_network/MLP/MLP.sim/sim_1/behav/xsim'
"xvhdl --incr --relax -prj simulation_Layer_vhdl.prj"
INFO: [VRFC 10-163] Analyzing VHDL file "C:/Users/flavi/Desktop/Perceptron_network/MLP/MLP.srcs/sim_1/new/simulation_Layer.vhd" into library xil_defaultlib
INFO: [VRFC 10-3107] analyzing entity 'simulation_Layer'
INFO: [USF-XSim-69] 'compile' step finished in '1' seconds
INFO: [USF-XSim-3] XSim::Elaborate design
INFO: [USF-XSim-61] Executing 'ELABORATE' step in 'C:/Users/flavi/Desktop/Perceptron_network/MLP/MLP.sim/sim_1/behav/xsim'
"xelab --incr --debug typical --relax --mt 2 -L xil_defaultlib -L secureip --snapshot simulation_Layer_behav xil_defaultlib.simulation_Layer -log elaborate.log"
Vivado Simulator v2025.2
Copyright 1986-2022 Xilinx, Inc. All Rights Reserved.
Copyright 2022-2025 Advanced Micro Devices, Inc. All Rights Reserved.
Running: C:/Program/2025.2/Vivado/bin/unwrapped/win64.o/xelab.exe --incr --debug typical --relax --mt 2 -L xil_defaultlib -L secureip --snapshot simulation_Layer_behav xil_defaultlib.simulation_Layer -log elaborate.log 
Using 2 slave threads.
Starting static elaboration
Completed static elaboration
Starting simulation data flow analysis
Completed simulation data flow analysis
Time Resolution for simulation is 1ps
Compiling package std.standard
Compiling package std.textio
Compiling package ieee.std_logic_1164
Compiling package ieee.std_logic_arith
Compiling package ieee.std_logic_unsigned
Compiling package ieee.numeric_std
Compiling architecture behavioral of entity xil_defaultlib.Perceptron_BRAM [perceptron_bram_default]
Compiling architecture rtl of entity xil_defaultlib.WEIGHTS [weights_default]
Compiling architecture behavioral of entity xil_defaultlib.Layer [layer_default]
Compiling architecture bench of entity xil_defaultlib.simulation_layer
Built simulation snapshot simulation_Layer_behav
INFO: [USF-XSim-69] 'elaborate' step finished in '1' seconds
INFO: [USF-XSim-4] XSim::Simulate design
INFO: [USF-XSim-61] Executing 'SIMULATE' step in 'C:/Users/flavi/Desktop/Perceptron_network/MLP/MLP.sim/sim_1/behav/xsim'
INFO: [USF-XSim-98] *** Running xsim
   with args "simulation_Layer_behav -key {Behavioral:sim_1:Functional:simulation_Layer} -tclbatch {simulation_Layer.tcl} -view {C:/Users/flavi/Desktop/Perceptron_network/MLP/simulation_Perceptron_CONFIG.wcfg} -log {simulate.log}"
INFO: [USF-XSim-8] Loading simulator feature
Time resolution is 1 ps
open_wave_config C:/Users/flavi/Desktop/Perceptron_network/MLP/simulation_Perceptron_CONFIG.wcfg
source simulation_Layer.tcl
# set curr_wave [current_wave_config]
# if { [string length $curr_wave] == 0 } {
#   if { [llength [get_objects]] > 0} {
#     add_wave /
#     set_property needs_save false [current_wave_config]
#   } else {
#      send_msg_id Add_Wave-1 WARNING "No top level signals found. Simulator will start without a wave window. If you want to open a wave window go to 'File->New Waveform Configuration' or type 'create_wave_config' in the TCL console."
#   }
# }
# run 1000ns
INFO: [USF-XSim-96] XSim completed. Design snapshot 'simulation_Layer_behav' loaded.
INFO: [USF-XSim-97] XSim simulation ran for 1000ns
launch_simulation: Time (s): cpu = 00:00:02 ; elapsed = 00:00:06 . Memory (MB): peak = 3905.457 ; gain = 0.000
run 16 us
close_sim
INFO: [Simtcl 6-16] Simulation closed
launch_simulation
Command: launch_simulation 
INFO: [Vivado 12-25911] Executing simulation for 'XSim' simulator
INFO: [Vivado 12-28535] Process started - Thu Jan 29 20:31:50 2026

INFO: [Vivado 12-12493] Simulation top is 'simulation_Layer'
INFO: [Vivado 12-5682] Launching behavioral simulation in 'C:/Users/flavi/Desktop/Perceptron_network/MLP/MLP.sim/sim_1/behav/xsim'
INFO: [SIM-utils-51] Simulation object is 'sim_1'
INFO: [SIM-utils-72] Using boost library from 'C:/Program/2025.2/Vivado/tps/boost_1_72_0'
INFO: [SIM-utils-54] Inspecting design source files for 'simulation_Layer' in fileset 'sim_1'...
INFO: [USF-XSim-97] Finding global include files...
INFO: [USF-XSim-100] Fetching design files from 'sources_1'...(this may take a while)...
INFO: [USF-XSim-101] Fetching design files from 'sim_1'...
INFO: [USF-XSim-2] XSim::Compile design
INFO: [USF-XSim-61] Executing 'COMPILE and ANALYZE' step in 'C:/Users/flavi/Desktop/Perceptron_network/MLP/MLP.sim/sim_1/behav/xsim'
"xvhdl --incr --relax -prj simulation_Layer_vhdl.prj"
INFO: [VRFC 10-163] Analyzing VHDL file "C:/Users/flavi/Desktop/Perceptron_network/MLP/MLP.srcs/sim_1/new/simulation_Layer.vhd" into library xil_defaultlib
INFO: [VRFC 10-3107] analyzing entity 'simulation_Layer'
INFO: [USF-XSim-69] 'compile' step finished in '1' seconds
INFO: [USF-XSim-3] XSim::Elaborate design
INFO: [USF-XSim-61] Executing 'ELABORATE' step in 'C:/Users/flavi/Desktop/Perceptron_network/MLP/MLP.sim/sim_1/behav/xsim'
"xelab --incr --debug typical --relax --mt 2 -L xil_defaultlib -L secureip --snapshot simulation_Layer_behav xil_defaultlib.simulation_Layer -log elaborate.log"
Vivado Simulator v2025.2
Copyright 1986-2022 Xilinx, Inc. All Rights Reserved.
Copyright 2022-2025 Advanced Micro Devices, Inc. All Rights Reserved.
Running: C:/Program/2025.2/Vivado/bin/unwrapped/win64.o/xelab.exe --incr --debug typical --relax --mt 2 -L xil_defaultlib -L secureip --snapshot simulation_Layer_behav xil_defaultlib.simulation_Layer -log elaborate.log 
Using 2 slave threads.
Starting static elaboration
Completed static elaboration
Starting simulation data flow analysis
Completed simulation data flow analysis
Time Resolution for simulation is 1ps
Compiling package std.standard
Compiling package std.textio
Compiling package ieee.std_logic_1164
Compiling package ieee.std_logic_arith
Compiling package ieee.std_logic_unsigned
Compiling package ieee.numeric_std
Compiling architecture behavioral of entity xil_defaultlib.Perceptron_BRAM [perceptron_bram_default]
Compiling architecture rtl of entity xil_defaultlib.WEIGHTS [weights_default]
Compiling architecture behavioral of entity xil_defaultlib.Layer [layer_default]
Compiling architecture bench of entity xil_defaultlib.simulation_layer
Built simulation snapshot simulation_Layer_behav
INFO: [USF-XSim-69] 'elaborate' step finished in '2' seconds
INFO: [USF-XSim-4] XSim::Simulate design
INFO: [USF-XSim-61] Executing 'SIMULATE' step in 'C:/Users/flavi/Desktop/Perceptron_network/MLP/MLP.sim/sim_1/behav/xsim'
INFO: [USF-XSim-98] *** Running xsim
   with args "simulation_Layer_behav -key {Behavioral:sim_1:Functional:simulation_Layer} -tclbatch {simulation_Layer.tcl} -view {C:/Users/flavi/Desktop/Perceptron_network/MLP/simulation_Perceptron_CONFIG.wcfg} -log {simulate.log}"
INFO: [USF-XSim-8] Loading simulator feature
Time resolution is 1 ps
open_wave_config C:/Users/flavi/Desktop/Perceptron_network/MLP/simulation_Perceptron_CONFIG.wcfg
source simulation_Layer.tcl
# set curr_wave [current_wave_config]
# if { [string length $curr_wave] == 0 } {
#   if { [llength [get_objects]] > 0} {
#     add_wave /
#     set_property needs_save false [current_wave_config]
#   } else {
#      send_msg_id Add_Wave-1 WARNING "No top level signals found. Simulator will start without a wave window. If you want to open a wave window go to 'File->New Waveform Configuration' or type 'create_wave_config' in the TCL console."
#   }
# }
# run 1000ns
INFO: [USF-XSim-96] XSim completed. Design snapshot 'simulation_Layer_behav' loaded.
INFO: [USF-XSim-97] XSim simulation ran for 1000ns
launch_simulation: Time (s): cpu = 00:00:02 ; elapsed = 00:00:06 . Memory (MB): peak = 3905.457 ; gain = 0.000
run 16 us
close_sim
INFO: [Simtcl 6-16] Simulation closed
launch_simulation
Command: launch_simulation 
INFO: [Vivado 12-25911] Executing simulation for 'XSim' simulator
INFO: [Vivado 12-28535] Process started - Thu Jan 29 20:33:48 2026

INFO: [Vivado 12-12493] Simulation top is 'simulation_Layer'
INFO: [Vivado 12-5682] Launching behavioral simulation in 'C:/Users/flavi/Desktop/Perceptron_network/MLP/MLP.sim/sim_1/behav/xsim'
INFO: [SIM-utils-51] Simulation object is 'sim_1'
INFO: [SIM-utils-72] Using boost library from 'C:/Program/2025.2/Vivado/tps/boost_1_72_0'
INFO: [SIM-utils-54] Inspecting design source files for 'simulation_Layer' in fileset 'sim_1'...
INFO: [USF-XSim-97] Finding global include files...
INFO: [USF-XSim-100] Fetching design files from 'sources_1'...(this may take a while)...
INFO: [USF-XSim-101] Fetching design files from 'sim_1'...
INFO: [USF-XSim-2] XSim::Compile design
INFO: [USF-XSim-61] Executing 'COMPILE and ANALYZE' step in 'C:/Users/flavi/Desktop/Perceptron_network/MLP/MLP.sim/sim_1/behav/xsim'
"xvhdl --incr --relax -prj simulation_Layer_vhdl.prj"
INFO: [VRFC 10-163] Analyzing VHDL file "C:/Users/flavi/Desktop/Perceptron_network/MLP/MLP.srcs/sim_1/new/simulation_Layer.vhd" into library xil_defaultlib
INFO: [VRFC 10-3107] analyzing entity 'simulation_Layer'
INFO: [USF-XSim-69] 'compile' step finished in '1' seconds
INFO: [USF-XSim-3] XSim::Elaborate design
INFO: [USF-XSim-61] Executing 'ELABORATE' step in 'C:/Users/flavi/Desktop/Perceptron_network/MLP/MLP.sim/sim_1/behav/xsim'
"xelab --incr --debug typical --relax --mt 2 -L xil_defaultlib -L secureip --snapshot simulation_Layer_behav xil_defaultlib.simulation_Layer -log elaborate.log"
Vivado Simulator v2025.2
Copyright 1986-2022 Xilinx, Inc. All Rights Reserved.
Copyright 2022-2025 Advanced Micro Devices, Inc. All Rights Reserved.
Running: C:/Program/2025.2/Vivado/bin/unwrapped/win64.o/xelab.exe --incr --debug typical --relax --mt 2 -L xil_defaultlib -L secureip --snapshot simulation_Layer_behav xil_defaultlib.simulation_Layer -log elaborate.log 
Using 2 slave threads.
Starting static elaboration
Completed static elaboration
Starting simulation data flow analysis
Completed simulation data flow analysis
Time Resolution for simulation is 1ps
Compiling package std.standard
Compiling package std.textio
Compiling package ieee.std_logic_1164
Compiling package ieee.std_logic_arith
Compiling package ieee.std_logic_unsigned
Compiling package ieee.numeric_std
Compiling architecture behavioral of entity xil_defaultlib.Perceptron_BRAM [perceptron_bram_default]
Compiling architecture rtl of entity xil_defaultlib.WEIGHTS [weights_default]
Compiling architecture behavioral of entity xil_defaultlib.Layer [layer_default]
Compiling architecture bench of entity xil_defaultlib.simulation_layer
Built simulation snapshot simulation_Layer_behav
INFO: [USF-XSim-69] 'elaborate' step finished in '2' seconds
INFO: [USF-XSim-4] XSim::Simulate design
INFO: [USF-XSim-61] Executing 'SIMULATE' step in 'C:/Users/flavi/Desktop/Perceptron_network/MLP/MLP.sim/sim_1/behav/xsim'
INFO: [USF-XSim-98] *** Running xsim
   with args "simulation_Layer_behav -key {Behavioral:sim_1:Functional:simulation_Layer} -tclbatch {simulation_Layer.tcl} -view {C:/Users/flavi/Desktop/Perceptron_network/MLP/simulation_Perceptron_CONFIG.wcfg} -log {simulate.log}"
INFO: [USF-XSim-8] Loading simulator feature
Time resolution is 1 ps
open_wave_config C:/Users/flavi/Desktop/Perceptron_network/MLP/simulation_Perceptron_CONFIG.wcfg
source simulation_Layer.tcl
# set curr_wave [current_wave_config]
# if { [string length $curr_wave] == 0 } {
#   if { [llength [get_objects]] > 0} {
#     add_wave /
#     set_property needs_save false [current_wave_config]
#   } else {
#      send_msg_id Add_Wave-1 WARNING "No top level signals found. Simulator will start without a wave window. If you want to open a wave window go to 'File->New Waveform Configuration' or type 'create_wave_config' in the TCL console."
#   }
# }
# run 1000ns
INFO: [USF-XSim-96] XSim completed. Design snapshot 'simulation_Layer_behav' loaded.
INFO: [USF-XSim-97] XSim simulation ran for 1000ns
launch_simulation: Time (s): cpu = 00:00:03 ; elapsed = 00:00:06 . Memory (MB): peak = 3905.457 ; gain = 0.000
run 16 us
WARNING: [filemgmt 56-199] Attempt to get parsing info during refresh. "On-the-fly" syntax checking information may be incorrect. [C:\Users\flavi\Desktop\Perceptron_network\MLP\MLP.srcs\sources_1\new\WEIGHTS.vhd:]
WARNING: [filemgmt 56-199] Attempt to get parsing info during refresh. "On-the-fly" syntax checking information may be incorrect. [C:\Users\flavi\Desktop\Perceptron_network\MLP\MLP.srcs\sources_1\new\Layer.vhd:]
WARNING: [filemgmt 56-199] Attempt to get parsing info during refresh. "On-the-fly" syntax checking information may be incorrect. [C:\Users\flavi\Desktop\Perceptron_network\MLP\MLP.srcs\sim_1\new\simulation_Layer.vhd:]
WARNING: [filemgmt 56-199] Attempt to get parsing info during refresh. "On-the-fly" syntax checking information may be incorrect. [C:\Users\flavi\Desktop\Perceptron_network\MLP\MLP.srcs\sources_1\new\Perceptron_BRAM.vhd:]
WARNING: [filemgmt 56-199] Attempt to get parsing info during refresh. "On-the-fly" syntax checking information may be incorrect. [C:\Users\flavi\Desktop\Perceptron_network\MLP\MLP.srcs\sources_1\new\Layer.vhd:]
WARNING: [filemgmt 56-199] Attempt to get parsing info during refresh. "On-the-fly" syntax checking information may be incorrect. [C:\Users\flavi\Desktop\Perceptron_network\MLP\MLP.srcs\sources_1\new\Layer.vhd:]
WARNING: [filemgmt 56-199] Attempt to get parsing info during refresh. "On-the-fly" syntax checking information may be incorrect. [C:\Users\flavi\Desktop\Perceptron_network\MLP\MLP.srcs\sources_1\new\WEIGHTS.vhd:]
WARNING: [filemgmt 56-199] Attempt to get parsing info during refresh. "On-the-fly" syntax checking information may be incorrect. [C:\Users\flavi\Desktop\Perceptron_network\MLP\MLP.srcs\sources_1\new\Layer.vhd:]
WARNING: [filemgmt 56-199] Attempt to get parsing info during refresh. "On-the-fly" syntax checking information may be incorrect. [C:\Users\flavi\Desktop\Perceptron_network\MLP\MLP.srcs\sim_1\new\simulation_Layer.vhd:]
WARNING: [filemgmt 56-199] Attempt to get parsing info during refresh. "On-the-fly" syntax checking information may be incorrect. [C:\Users\flavi\Desktop\Perceptron_network\MLP\MLP.srcs\sources_1\new\Perceptron_BRAM.vhd:]
WARNING: [filemgmt 56-199] Attempt to get parsing info during refresh. "On-the-fly" syntax checking information may be incorrect. [C:\Users\flavi\Desktop\Perceptron_network\MLP\MLP.srcs\sources_1\new\WEIGHTS.vhd:]
WARNING: [filemgmt 56-199] Attempt to get parsing info during refresh. "On-the-fly" syntax checking information may be incorrect. [C:\Users\flavi\Desktop\Perceptron_network\MLP\MLP.srcs\sources_1\new\WEIGHTS.vhd:]
ERROR: [Common 17-180] Spawn failed: The operation completed successfully.

WARNING: [filemgmt 56-199] Attempt to get parsing info during refresh. "On-the-fly" syntax checking information may be incorrect. [C:\Users\flavi\Desktop\Perceptron_network\MLP\MLP.srcs\sources_1\new\WEIGHTS.vhd:]
WARNING: [filemgmt 56-199] Attempt to get parsing info during refresh. "On-the-fly" syntax checking information may be incorrect. [C:\Users\flavi\Desktop\Perceptron_network\MLP\MLP.srcs\sources_1\new\Layer.vhd:]
WARNING: [filemgmt 56-199] Attempt to get parsing info during refresh. "On-the-fly" syntax checking information may be incorrect. [C:\Users\flavi\Desktop\Perceptron_network\MLP\MLP.srcs\sim_1\new\simulation_Layer.vhd:]
WARNING: [filemgmt 56-199] Attempt to get parsing info during refresh. "On-the-fly" syntax checking information may be incorrect. [C:\Users\flavi\Desktop\Perceptron_network\MLP\MLP.srcs\sources_1\new\Perceptron_BRAM.vhd:]
WARNING: [filemgmt 56-199] Attempt to get parsing info during refresh. "On-the-fly" syntax checking information may be incorrect. [C:\Users\flavi\Desktop\Perceptron_network\MLP\MLP.srcs\sources_1\new\Layer.vhd:]
WARNING: [filemgmt 56-199] Attempt to get parsing info during refresh. "On-the-fly" syntax checking information may be incorrect. [C:\Users\flavi\Desktop\Perceptron_network\MLP\MLP.srcs\sources_1\new\Layer.vhd:]
WARNING: [filemgmt 56-199] Attempt to get parsing info during refresh. "On-the-fly" syntax checking information may be incorrect. [C:\Users\flavi\Desktop\Perceptron_network\MLP\MLP.srcs\sources_1\new\WEIGHTS.vhd:]
WARNING: [filemgmt 56-199] Attempt to get parsing info during refresh. "On-the-fly" syntax checking information may be incorrect. [C:\Users\flavi\Desktop\Perceptron_network\MLP\MLP.srcs\sources_1\new\Layer.vhd:]
WARNING: [filemgmt 56-199] Attempt to get parsing info during refresh. "On-the-fly" syntax checking information may be incorrect. [C:\Users\flavi\Desktop\Perceptron_network\MLP\MLP.srcs\sim_1\new\simulation_Layer.vhd:]
WARNING: [filemgmt 56-199] Attempt to get parsing info during refresh. "On-the-fly" syntax checking information may be incorrect. [C:\Users\flavi\Desktop\Perceptron_network\MLP\MLP.srcs\sources_1\new\Perceptron_BRAM.vhd:]
WARNING: [filemgmt 56-199] Attempt to get parsing info during refresh. "On-the-fly" syntax checking information may be incorrect. [C:\Users\flavi\Desktop\Perceptron_network\MLP\MLP.srcs\sources_1\new\Perceptron_BRAM.vhd:]
WARNING: [filemgmt 56-199] Attempt to get parsing info during refresh. "On-the-fly" syntax checking information may be incorrect. [C:\Users\flavi\Desktop\Perceptron_network\MLP\MLP.srcs\sources_1\new\Perceptron_BRAM.vhd:]
ERROR: [Common 17-180] Spawn failed: The operation completed successfully.

WARNING: [filemgmt 56-199] Attempt to get parsing info during refresh. "On-the-fly" syntax checking information may be incorrect. [C:\Users\flavi\Desktop\Perceptron_network\MLP\MLP.srcs\sources_1\new\WEIGHTS.vhd:]
WARNING: [filemgmt 56-199] Attempt to get parsing info during refresh. "On-the-fly" syntax checking information may be incorrect. [C:\Users\flavi\Desktop\Perceptron_network\MLP\MLP.srcs\sources_1\new\Layer.vhd:]
WARNING: [filemgmt 56-199] Attempt to get parsing info during refresh. "On-the-fly" syntax checking information may be incorrect. [C:\Users\flavi\Desktop\Perceptron_network\MLP\MLP.srcs\sim_1\new\simulation_Layer.vhd:]
WARNING: [filemgmt 56-199] Attempt to get parsing info during refresh. "On-the-fly" syntax checking information may be incorrect. [C:\Users\flavi\Desktop\Perceptron_network\MLP\MLP.srcs\sources_1\new\Perceptron_BRAM.vhd:]
WARNING: [filemgmt 56-199] Attempt to get parsing info during refresh. "On-the-fly" syntax checking information may be incorrect. [C:\Users\flavi\Desktop\Perceptron_network\MLP\MLP.srcs\sim_1\new\simulation_Layer.vhd:]
WARNING: [filemgmt 56-199] Attempt to get parsing info during refresh. "On-the-fly" syntax checking information may be incorrect. [C:\Users\flavi\Desktop\Perceptron_network\MLP\MLP.srcs\sim_1\new\simulation_Layer.vhd:]
close_sim
INFO: [Simtcl 6-16] Simulation closed
launch_simulation
Command: launch_simulation 
INFO: [Vivado 12-25911] Executing simulation for 'XSim' simulator
INFO: [Vivado 12-28535] Process started - Thu Jan 29 20:37:22 2026

INFO: [Vivado 12-12493] Simulation top is 'simulation_Layer'
INFO: [Vivado 12-5682] Launching behavioral simulation in 'C:/Users/flavi/Desktop/Perceptron_network/MLP/MLP.sim/sim_1/behav/xsim'
INFO: [SIM-utils-51] Simulation object is 'sim_1'
INFO: [SIM-utils-72] Using boost library from 'C:/Program/2025.2/Vivado/tps/boost_1_72_0'
INFO: [SIM-utils-54] Inspecting design source files for 'simulation_Layer' in fileset 'sim_1'...
INFO: [USF-XSim-97] Finding global include files...
INFO: [USF-XSim-100] Fetching design files from 'sources_1'...(this may take a while)...
INFO: [USF-XSim-101] Fetching design files from 'sim_1'...
INFO: [USF-XSim-2] XSim::Compile design
INFO: [USF-XSim-61] Executing 'COMPILE and ANALYZE' step in 'C:/Users/flavi/Desktop/Perceptron_network/MLP/MLP.sim/sim_1/behav/xsim'
"xvhdl --incr --relax -prj simulation_Layer_vhdl.prj"
INFO: [VRFC 10-163] Analyzing VHDL file "C:/Users/flavi/Desktop/Perceptron_network/MLP/MLP.srcs/sim_1/new/simulation_Layer.vhd" into library xil_defaultlib
INFO: [VRFC 10-3107] analyzing entity 'simulation_Layer'
INFO: [USF-XSim-69] 'compile' step finished in '1' seconds
INFO: [USF-XSim-3] XSim::Elaborate design
INFO: [USF-XSim-61] Executing 'ELABORATE' step in 'C:/Users/flavi/Desktop/Perceptron_network/MLP/MLP.sim/sim_1/behav/xsim'
"xelab --incr --debug typical --relax --mt 2 -L xil_defaultlib -L secureip --snapshot simulation_Layer_behav xil_defaultlib.simulation_Layer -log elaborate.log"
Vivado Simulator v2025.2
Copyright 1986-2022 Xilinx, Inc. All Rights Reserved.
Copyright 2022-2025 Advanced Micro Devices, Inc. All Rights Reserved.
Running: C:/Program/2025.2/Vivado/bin/unwrapped/win64.o/xelab.exe --incr --debug typical --relax --mt 2 -L xil_defaultlib -L secureip --snapshot simulation_Layer_behav xil_defaultlib.simulation_Layer -log elaborate.log 
Using 2 slave threads.
Starting static elaboration
Completed static elaboration
Starting simulation data flow analysis
Completed simulation data flow analysis
Time Resolution for simulation is 1ps
Compiling package std.standard
Compiling package std.textio
Compiling package ieee.std_logic_1164
Compiling package ieee.std_logic_arith
Compiling package ieee.std_logic_unsigned
Compiling package ieee.numeric_std
Compiling architecture behavioral of entity xil_defaultlib.Perceptron_BRAM [perceptron_bram_default]
Compiling architecture rtl of entity xil_defaultlib.WEIGHTS [weights_default]
Compiling architecture behavioral of entity xil_defaultlib.Layer [layer_default]
Compiling architecture bench of entity xil_defaultlib.simulation_layer
Built simulation snapshot simulation_Layer_behav
INFO: [USF-XSim-69] 'elaborate' step finished in '2' seconds
INFO: [USF-XSim-4] XSim::Simulate design
INFO: [USF-XSim-61] Executing 'SIMULATE' step in 'C:/Users/flavi/Desktop/Perceptron_network/MLP/MLP.sim/sim_1/behav/xsim'
INFO: [USF-XSim-98] *** Running xsim
   with args "simulation_Layer_behav -key {Behavioral:sim_1:Functional:simulation_Layer} -tclbatch {simulation_Layer.tcl} -view {C:/Users/flavi/Desktop/Perceptron_network/MLP/simulation_Perceptron_CONFIG.wcfg} -log {simulate.log}"
INFO: [USF-XSim-8] Loading simulator feature
Time resolution is 1 ps
open_wave_config C:/Users/flavi/Desktop/Perceptron_network/MLP/simulation_Perceptron_CONFIG.wcfg
source simulation_Layer.tcl
# set curr_wave [current_wave_config]
# if { [string length $curr_wave] == 0 } {
#   if { [llength [get_objects]] > 0} {
#     add_wave /
#     set_property needs_save false [current_wave_config]
#   } else {
#      send_msg_id Add_Wave-1 WARNING "No top level signals found. Simulator will start without a wave window. If you want to open a wave window go to 'File->New Waveform Configuration' or type 'create_wave_config' in the TCL console."
#   }
# }
# run 1000ns
INFO: [USF-XSim-96] XSim completed. Design snapshot 'simulation_Layer_behav' loaded.
INFO: [USF-XSim-97] XSim simulation ran for 1000ns
launch_simulation: Time (s): cpu = 00:00:02 ; elapsed = 00:00:06 . Memory (MB): peak = 3905.457 ; gain = 0.000
run 16 us
close_sim
INFO: [Simtcl 6-16] Simulation closed
launch_simulation
Command: launch_simulation 
INFO: [Vivado 12-25911] Executing simulation for 'XSim' simulator
INFO: [Vivado 12-28535] Process started - Thu Jan 29 20:48:43 2026

INFO: [Vivado 12-12493] Simulation top is 'simulation_Layer'
INFO: [Vivado 12-5682] Launching behavioral simulation in 'C:/Users/flavi/Desktop/Perceptron_network/MLP/MLP.sim/sim_1/behav/xsim'
INFO: [SIM-utils-51] Simulation object is 'sim_1'
INFO: [SIM-utils-72] Using boost library from 'C:/Program/2025.2/Vivado/tps/boost_1_72_0'
INFO: [SIM-utils-54] Inspecting design source files for 'simulation_Layer' in fileset 'sim_1'...
INFO: [USF-XSim-97] Finding global include files...
INFO: [USF-XSim-100] Fetching design files from 'sources_1'...(this may take a while)...
INFO: [USF-XSim-101] Fetching design files from 'sim_1'...
INFO: [USF-XSim-2] XSim::Compile design
INFO: [USF-XSim-61] Executing 'COMPILE and ANALYZE' step in 'C:/Users/flavi/Desktop/Perceptron_network/MLP/MLP.sim/sim_1/behav/xsim'
"xvhdl --incr --relax -prj simulation_Layer_vhdl.prj"
INFO: [VRFC 10-163] Analyzing VHDL file "C:/Users/flavi/Desktop/Perceptron_network/MLP/MLP.srcs/sources_1/new/Perceptron_BRAM.vhd" into library xil_defaultlib
INFO: [VRFC 10-3107] analyzing entity 'Perceptron_BRAM'
INFO: [VRFC 10-163] Analyzing VHDL file "C:/Users/flavi/Desktop/Perceptron_network/MLP/MLP.srcs/sources_1/new/Layer.vhd" into library xil_defaultlib
INFO: [VRFC 10-3107] analyzing entity 'Layer'
INFO: [USF-XSim-69] 'compile' step finished in '1' seconds
INFO: [USF-XSim-3] XSim::Elaborate design
INFO: [USF-XSim-61] Executing 'ELABORATE' step in 'C:/Users/flavi/Desktop/Perceptron_network/MLP/MLP.sim/sim_1/behav/xsim'
"xelab --incr --debug typical --relax --mt 2 -L xil_defaultlib -L secureip --snapshot simulation_Layer_behav xil_defaultlib.simulation_Layer -log elaborate.log"
Vivado Simulator v2025.2
Copyright 1986-2022 Xilinx, Inc. All Rights Reserved.
Copyright 2022-2025 Advanced Micro Devices, Inc. All Rights Reserved.
Running: C:/Program/2025.2/Vivado/bin/unwrapped/win64.o/xelab.exe --incr --debug typical --relax --mt 2 -L xil_defaultlib -L secureip --snapshot simulation_Layer_behav xil_defaultlib.simulation_Layer -log elaborate.log 
Using 2 slave threads.
Starting static elaboration
Completed static elaboration
Starting simulation data flow analysis
Completed simulation data flow analysis
Time Resolution for simulation is 1ps
Compiling package std.standard
Compiling package std.textio
Compiling package ieee.std_logic_1164
Compiling package ieee.std_logic_arith
Compiling package ieee.std_logic_unsigned
Compiling package ieee.numeric_std
Compiling architecture behavioral of entity xil_defaultlib.Perceptron_BRAM [perceptron_bram_default]
Compiling architecture rtl of entity xil_defaultlib.WEIGHTS [weights_default]
Compiling architecture behavioral of entity xil_defaultlib.Layer [layer_default]
Compiling architecture bench of entity xil_defaultlib.simulation_layer
Built simulation snapshot simulation_Layer_behav
INFO: [USF-XSim-69] 'elaborate' step finished in '2' seconds
INFO: [USF-XSim-4] XSim::Simulate design
INFO: [USF-XSim-61] Executing 'SIMULATE' step in 'C:/Users/flavi/Desktop/Perceptron_network/MLP/MLP.sim/sim_1/behav/xsim'
INFO: [USF-XSim-98] *** Running xsim
   with args "simulation_Layer_behav -key {Behavioral:sim_1:Functional:simulation_Layer} -tclbatch {simulation_Layer.tcl} -view {C:/Users/flavi/Desktop/Perceptron_network/MLP/simulation_Perceptron_CONFIG.wcfg} -log {simulate.log}"
INFO: [USF-XSim-8] Loading simulator feature
Time resolution is 1 ps
open_wave_config C:/Users/flavi/Desktop/Perceptron_network/MLP/simulation_Perceptron_CONFIG.wcfg
source simulation_Layer.tcl
# set curr_wave [current_wave_config]
# if { [string length $curr_wave] == 0 } {
#   if { [llength [get_objects]] > 0} {
#     add_wave /
#     set_property needs_save false [current_wave_config]
#   } else {
#      send_msg_id Add_Wave-1 WARNING "No top level signals found. Simulator will start without a wave window. If you want to open a wave window go to 'File->New Waveform Configuration' or type 'create_wave_config' in the TCL console."
#   }
# }
# run 1000ns
INFO: [USF-XSim-96] XSim completed. Design snapshot 'simulation_Layer_behav' loaded.
INFO: [USF-XSim-97] XSim simulation ran for 1000ns
launch_simulation: Time (s): cpu = 00:00:09 ; elapsed = 00:00:08 . Memory (MB): peak = 3905.457 ; gain = 0.000
run 16 us
close_sim
INFO: [Simtcl 6-16] Simulation closed
launch_simulation
Command: launch_simulation 
INFO: [Vivado 12-25911] Executing simulation for 'XSim' simulator
INFO: [Vivado 12-28535] Process started - Thu Jan 29 20:49:48 2026

INFO: [Vivado 12-12493] Simulation top is 'simulation_Layer'
INFO: [Vivado 12-5682] Launching behavioral simulation in 'C:/Users/flavi/Desktop/Perceptron_network/MLP/MLP.sim/sim_1/behav/xsim'
INFO: [SIM-utils-51] Simulation object is 'sim_1'
INFO: [SIM-utils-72] Using boost library from 'C:/Program/2025.2/Vivado/tps/boost_1_72_0'
INFO: [SIM-utils-54] Inspecting design source files for 'simulation_Layer' in fileset 'sim_1'...
INFO: [USF-XSim-97] Finding global include files...
INFO: [USF-XSim-100] Fetching design files from 'sources_1'...(this may take a while)...
INFO: [USF-XSim-101] Fetching design files from 'sim_1'...
INFO: [USF-XSim-2] XSim::Compile design
INFO: [USF-XSim-61] Executing 'COMPILE and ANALYZE' step in 'C:/Users/flavi/Desktop/Perceptron_network/MLP/MLP.sim/sim_1/behav/xsim'
"xvhdl --incr --relax -prj simulation_Layer_vhdl.prj"
INFO: [VRFC 10-163] Analyzing VHDL file "C:/Users/flavi/Desktop/Perceptron_network/MLP/MLP.srcs/sources_1/new/Perceptron_BRAM.vhd" into library xil_defaultlib
INFO: [VRFC 10-3107] analyzing entity 'Perceptron_BRAM'
INFO: [VRFC 10-163] Analyzing VHDL file "C:/Users/flavi/Desktop/Perceptron_network/MLP/MLP.srcs/sources_1/new/Layer.vhd" into library xil_defaultlib
INFO: [VRFC 10-3107] analyzing entity 'Layer'
INFO: [USF-XSim-69] 'compile' step finished in '1' seconds
INFO: [USF-XSim-3] XSim::Elaborate design
INFO: [USF-XSim-61] Executing 'ELABORATE' step in 'C:/Users/flavi/Desktop/Perceptron_network/MLP/MLP.sim/sim_1/behav/xsim'
"xelab --incr --debug typical --relax --mt 2 -L xil_defaultlib -L secureip --snapshot simulation_Layer_behav xil_defaultlib.simulation_Layer -log elaborate.log"
Vivado Simulator v2025.2
Copyright 1986-2022 Xilinx, Inc. All Rights Reserved.
Copyright 2022-2025 Advanced Micro Devices, Inc. All Rights Reserved.
Running: C:/Program/2025.2/Vivado/bin/unwrapped/win64.o/xelab.exe --incr --debug typical --relax --mt 2 -L xil_defaultlib -L secureip --snapshot simulation_Layer_behav xil_defaultlib.simulation_Layer -log elaborate.log 
Using 2 slave threads.
Starting static elaboration
Completed static elaboration
Starting simulation data flow analysis
Completed simulation data flow analysis
Time Resolution for simulation is 1ps
Compiling package std.standard
Compiling package std.textio
Compiling package ieee.std_logic_1164
Compiling package ieee.std_logic_arith
Compiling package ieee.std_logic_unsigned
Compiling package ieee.numeric_std
Compiling architecture behavioral of entity xil_defaultlib.Perceptron_BRAM [perceptron_bram_default]
Compiling architecture rtl of entity xil_defaultlib.WEIGHTS [weights_default]
Compiling architecture behavioral of entity xil_defaultlib.Layer [layer_default]
Compiling architecture bench of entity xil_defaultlib.simulation_layer
Built simulation snapshot simulation_Layer_behav
INFO: [USF-XSim-69] 'elaborate' step finished in '1' seconds
INFO: [USF-XSim-4] XSim::Simulate design
INFO: [USF-XSim-61] Executing 'SIMULATE' step in 'C:/Users/flavi/Desktop/Perceptron_network/MLP/MLP.sim/sim_1/behav/xsim'
INFO: [USF-XSim-98] *** Running xsim
   with args "simulation_Layer_behav -key {Behavioral:sim_1:Functional:simulation_Layer} -tclbatch {simulation_Layer.tcl} -view {C:/Users/flavi/Desktop/Perceptron_network/MLP/simulation_Perceptron_CONFIG.wcfg} -log {simulate.log}"
INFO: [USF-XSim-8] Loading simulator feature
Time resolution is 1 ps
open_wave_config C:/Users/flavi/Desktop/Perceptron_network/MLP/simulation_Perceptron_CONFIG.wcfg
source simulation_Layer.tcl
# set curr_wave [current_wave_config]
# if { [string length $curr_wave] == 0 } {
#   if { [llength [get_objects]] > 0} {
#     add_wave /
#     set_property needs_save false [current_wave_config]
#   } else {
#      send_msg_id Add_Wave-1 WARNING "No top level signals found. Simulator will start without a wave window. If you want to open a wave window go to 'File->New Waveform Configuration' or type 'create_wave_config' in the TCL console."
#   }
# }
# run 1000ns
INFO: [USF-XSim-96] XSim completed. Design snapshot 'simulation_Layer_behav' loaded.
INFO: [USF-XSim-97] XSim simulation ran for 1000ns
launch_simulation: Time (s): cpu = 00:00:04 ; elapsed = 00:00:07 . Memory (MB): peak = 3905.457 ; gain = 0.000
run 16 us
WARNING: [filemgmt 56-199] Attempt to get parsing info during refresh. "On-the-fly" syntax checking information may be incorrect. [C:\Users\flavi\Desktop\Perceptron_network\MLP\MLP.srcs\sources_1\new\WEIGHTS.vhd:]
WARNING: [filemgmt 56-199] Attempt to get parsing info during refresh. "On-the-fly" syntax checking information may be incorrect. [C:\Users\flavi\Desktop\Perceptron_network\MLP\MLP.srcs\sources_1\new\Layer.vhd:]
WARNING: [filemgmt 56-199] Attempt to get parsing info during refresh. "On-the-fly" syntax checking information may be incorrect. [C:\Users\flavi\Desktop\Perceptron_network\MLP\MLP.srcs\sim_1\new\simulation_Layer.vhd:]
WARNING: [filemgmt 56-199] Attempt to get parsing info during refresh. "On-the-fly" syntax checking information may be incorrect. [C:\Users\flavi\Desktop\Perceptron_network\MLP\MLP.srcs\sources_1\new\Perceptron_BRAM.vhd:]
WARNING: [filemgmt 56-199] Attempt to get parsing info during refresh. "On-the-fly" syntax checking information may be incorrect. [C:\Users\flavi\Desktop\Perceptron_network\MLP\MLP.srcs\sources_1\new\Layer.vhd:]
WARNING: [filemgmt 56-199] Attempt to get parsing info during refresh. "On-the-fly" syntax checking information may be incorrect. [C:\Users\flavi\Desktop\Perceptron_network\MLP\MLP.srcs\sources_1\new\Layer.vhd:]
WARNING: [filemgmt 56-199] Attempt to get parsing info during refresh. "On-the-fly" syntax checking information may be incorrect. [C:\Users\flavi\Desktop\Perceptron_network\MLP\MLP.srcs\sources_1\new\WEIGHTS.vhd:]
WARNING: [filemgmt 56-199] Attempt to get parsing info during refresh. "On-the-fly" syntax checking information may be incorrect. [C:\Users\flavi\Desktop\Perceptron_network\MLP\MLP.srcs\sources_1\new\Layer.vhd:]
WARNING: [filemgmt 56-199] Attempt to get parsing info during refresh. "On-the-fly" syntax checking information may be incorrect. [C:\Users\flavi\Desktop\Perceptron_network\MLP\MLP.srcs\sim_1\new\simulation_Layer.vhd:]
WARNING: [filemgmt 56-199] Attempt to get parsing info during refresh. "On-the-fly" syntax checking information may be incorrect. [C:\Users\flavi\Desktop\Perceptron_network\MLP\MLP.srcs\sources_1\new\Perceptron_BRAM.vhd:]
WARNING: [filemgmt 56-199] Attempt to get parsing info during refresh. "On-the-fly" syntax checking information may be incorrect. [C:\Users\flavi\Desktop\Perceptron_network\MLP\MLP.srcs\sources_1\new\WEIGHTS.vhd:]
WARNING: [filemgmt 56-199] Attempt to get parsing info during refresh. "On-the-fly" syntax checking information may be incorrect. [C:\Users\flavi\Desktop\Perceptron_network\MLP\MLP.srcs\sources_1\new\WEIGHTS.vhd:]
ERROR: [Common 17-180] Spawn failed: The operation completed successfully.

WARNING: [filemgmt 56-199] Attempt to get parsing info during refresh. "On-the-fly" syntax checking information may be incorrect. [C:\Users\flavi\Desktop\Perceptron_network\MLP\MLP.srcs\sources_1\new\WEIGHTS.vhd:]
WARNING: [filemgmt 56-199] Attempt to get parsing info during refresh. "On-the-fly" syntax checking information may be incorrect. [C:\Users\flavi\Desktop\Perceptron_network\MLP\MLP.srcs\sources_1\new\Layer.vhd:]
WARNING: [filemgmt 56-199] Attempt to get parsing info during refresh. "On-the-fly" syntax checking information may be incorrect. [C:\Users\flavi\Desktop\Perceptron_network\MLP\MLP.srcs\sim_1\new\simulation_Layer.vhd:]
WARNING: [filemgmt 56-199] Attempt to get parsing info during refresh. "On-the-fly" syntax checking information may be incorrect. [C:\Users\flavi\Desktop\Perceptron_network\MLP\MLP.srcs\sources_1\new\Perceptron_BRAM.vhd:]
WARNING: [filemgmt 56-199] Attempt to get parsing info during refresh. "On-the-fly" syntax checking information may be incorrect. [C:\Users\flavi\Desktop\Perceptron_network\MLP\MLP.srcs\sources_1\new\Layer.vhd:]
WARNING: [filemgmt 56-199] Attempt to get parsing info during refresh. "On-the-fly" syntax checking information may be incorrect. [C:\Users\flavi\Desktop\Perceptron_network\MLP\MLP.srcs\sources_1\new\Layer.vhd:]
WARNING: [filemgmt 56-199] Attempt to get parsing info during refresh. "On-the-fly" syntax checking information may be incorrect. [C:\Users\flavi\Desktop\Perceptron_network\MLP\MLP.srcs\sources_1\new\WEIGHTS.vhd:]
WARNING: [filemgmt 56-199] Attempt to get parsing info during refresh. "On-the-fly" syntax checking information may be incorrect. [C:\Users\flavi\Desktop\Perceptron_network\MLP\MLP.srcs\sources_1\new\Layer.vhd:]
WARNING: [filemgmt 56-199] Attempt to get parsing info during refresh. "On-the-fly" syntax checking information may be incorrect. [C:\Users\flavi\Desktop\Perceptron_network\MLP\MLP.srcs\sim_1\new\simulation_Layer.vhd:]
WARNING: [filemgmt 56-199] Attempt to get parsing info during refresh. "On-the-fly" syntax checking information may be incorrect. [C:\Users\flavi\Desktop\Perceptron_network\MLP\MLP.srcs\sources_1\new\Perceptron_BRAM.vhd:]
WARNING: [filemgmt 56-199] Attempt to get parsing info during refresh. "On-the-fly" syntax checking information may be incorrect. [C:\Users\flavi\Desktop\Perceptron_network\MLP\MLP.srcs\sources_1\new\WEIGHTS.vhd:]
WARNING: [filemgmt 56-199] Attempt to get parsing info during refresh. "On-the-fly" syntax checking information may be incorrect. [C:\Users\flavi\Desktop\Perceptron_network\MLP\MLP.srcs\sources_1\new\WEIGHTS.vhd:]
ERROR: [Common 17-180] Spawn failed: The operation completed successfully.

WARNING: [filemgmt 56-199] Attempt to get parsing info during refresh. "On-the-fly" syntax checking information may be incorrect. [C:\Users\flavi\Desktop\Perceptron_network\MLP\MLP.srcs\sources_1\new\WEIGHTS.vhd:]
WARNING: [filemgmt 56-199] Attempt to get parsing info during refresh. "On-the-fly" syntax checking information may be incorrect. [C:\Users\flavi\Desktop\Perceptron_network\MLP\MLP.srcs\sources_1\new\Layer.vhd:]
WARNING: [filemgmt 56-199] Attempt to get parsing info during refresh. "On-the-fly" syntax checking information may be incorrect. [C:\Users\flavi\Desktop\Perceptron_network\MLP\MLP.srcs\sim_1\new\simulation_Layer.vhd:]
WARNING: [filemgmt 56-199] Attempt to get parsing info during refresh. "On-the-fly" syntax checking information may be incorrect. [C:\Users\flavi\Desktop\Perceptron_network\MLP\MLP.srcs\sources_1\new\Perceptron_BRAM.vhd:]
WARNING: [filemgmt 56-199] Attempt to get parsing info during refresh. "On-the-fly" syntax checking information may be incorrect. [C:\Users\flavi\Desktop\Perceptron_network\MLP\MLP.srcs\sim_1\new\simulation_Layer.vhd:]
WARNING: [filemgmt 56-199] Attempt to get parsing info during refresh. "On-the-fly" syntax checking information may be incorrect. [C:\Users\flavi\Desktop\Perceptron_network\MLP\MLP.srcs\sim_1\new\simulation_Layer.vhd:]
close_sim
INFO: [Simtcl 6-16] Simulation closed
launch_simulation
Command: launch_simulation 
INFO: [Vivado 12-25911] Executing simulation for 'XSim' simulator
INFO: [Vivado 12-28535] Process started - Thu Jan 29 20:57:32 2026

INFO: [Vivado 12-12493] Simulation top is 'simulation_Layer'
INFO: [Vivado 12-5682] Launching behavioral simulation in 'C:/Users/flavi/Desktop/Perceptron_network/MLP/MLP.sim/sim_1/behav/xsim'
INFO: [SIM-utils-51] Simulation object is 'sim_1'
INFO: [SIM-utils-72] Using boost library from 'C:/Program/2025.2/Vivado/tps/boost_1_72_0'
INFO: [SIM-utils-54] Inspecting design source files for 'simulation_Layer' in fileset 'sim_1'...
INFO: [USF-XSim-97] Finding global include files...
INFO: [USF-XSim-100] Fetching design files from 'sources_1'...(this may take a while)...
INFO: [USF-XSim-101] Fetching design files from 'sim_1'...
INFO: [USF-XSim-2] XSim::Compile design
INFO: [USF-XSim-61] Executing 'COMPILE and ANALYZE' step in 'C:/Users/flavi/Desktop/Perceptron_network/MLP/MLP.sim/sim_1/behav/xsim'
"xvhdl --incr --relax -prj simulation_Layer_vhdl.prj"
INFO: [VRFC 10-163] Analyzing VHDL file "C:/Users/flavi/Desktop/Perceptron_network/MLP/MLP.srcs/sources_1/new/Perceptron_BRAM.vhd" into library xil_defaultlib
INFO: [VRFC 10-3107] analyzing entity 'Perceptron_BRAM'
INFO: [VRFC 10-163] Analyzing VHDL file "C:/Users/flavi/Desktop/Perceptron_network/MLP/MLP.srcs/sources_1/new/Layer.vhd" into library xil_defaultlib
INFO: [VRFC 10-3107] analyzing entity 'Layer'
INFO: [USF-XSim-69] 'compile' step finished in '1' seconds
INFO: [USF-XSim-3] XSim::Elaborate design
INFO: [USF-XSim-61] Executing 'ELABORATE' step in 'C:/Users/flavi/Desktop/Perceptron_network/MLP/MLP.sim/sim_1/behav/xsim'
"xelab --incr --debug typical --relax --mt 2 -L xil_defaultlib -L secureip --snapshot simulation_Layer_behav xil_defaultlib.simulation_Layer -log elaborate.log"
Vivado Simulator v2025.2
Copyright 1986-2022 Xilinx, Inc. All Rights Reserved.
Copyright 2022-2025 Advanced Micro Devices, Inc. All Rights Reserved.
Running: C:/Program/2025.2/Vivado/bin/unwrapped/win64.o/xelab.exe --incr --debug typical --relax --mt 2 -L xil_defaultlib -L secureip --snapshot simulation_Layer_behav xil_defaultlib.simulation_Layer -log elaborate.log 
Using 2 slave threads.
Starting static elaboration
Completed static elaboration
Starting simulation data flow analysis
Completed simulation data flow analysis
Time Resolution for simulation is 1ps
Compiling package std.standard
Compiling package std.textio
Compiling package ieee.std_logic_1164
Compiling package ieee.std_logic_arith
Compiling package ieee.std_logic_unsigned
Compiling package ieee.numeric_std
Compiling architecture behavioral of entity xil_defaultlib.Perceptron_BRAM [perceptron_bram_default]
Compiling architecture rtl of entity xil_defaultlib.WEIGHTS [weights_default]
Compiling architecture behavioral of entity xil_defaultlib.Layer [layer_default]
Compiling architecture bench of entity xil_defaultlib.simulation_layer
Built simulation snapshot simulation_Layer_behav
INFO: [USF-XSim-69] 'elaborate' step finished in '1' seconds
INFO: [USF-XSim-4] XSim::Simulate design
INFO: [USF-XSim-61] Executing 'SIMULATE' step in 'C:/Users/flavi/Desktop/Perceptron_network/MLP/MLP.sim/sim_1/behav/xsim'
INFO: [USF-XSim-98] *** Running xsim
   with args "simulation_Layer_behav -key {Behavioral:sim_1:Functional:simulation_Layer} -tclbatch {simulation_Layer.tcl} -view {C:/Users/flavi/Desktop/Perceptron_network/MLP/simulation_Perceptron_CONFIG.wcfg} -log {simulate.log}"
INFO: [USF-XSim-8] Loading simulator feature
Time resolution is 1 ps
open_wave_config C:/Users/flavi/Desktop/Perceptron_network/MLP/simulation_Perceptron_CONFIG.wcfg
source simulation_Layer.tcl
# set curr_wave [current_wave_config]
# if { [string length $curr_wave] == 0 } {
#   if { [llength [get_objects]] > 0} {
#     add_wave /
#     set_property needs_save false [current_wave_config]
#   } else {
#      send_msg_id Add_Wave-1 WARNING "No top level signals found. Simulator will start without a wave window. If you want to open a wave window go to 'File->New Waveform Configuration' or type 'create_wave_config' in the TCL console."
#   }
# }
# run 1000ns
INFO: [USF-XSim-96] XSim completed. Design snapshot 'simulation_Layer_behav' loaded.
INFO: [USF-XSim-97] XSim simulation ran for 1000ns
launch_simulation: Time (s): cpu = 00:00:06 ; elapsed = 00:00:08 . Memory (MB): peak = 3905.457 ; gain = 0.000
run 16 us
close_sim
INFO: [Simtcl 6-16] Simulation closed
WARNING: [filemgmt 56-199] Attempt to get parsing info during refresh. "On-the-fly" syntax checking information may be incorrect. [C:\Users\flavi\Desktop\Perceptron_network\MLP\MLP.srcs\sources_1\new\WEIGHTS.vhd:]
WARNING: [filemgmt 56-199] Attempt to get parsing info during refresh. "On-the-fly" syntax checking information may be incorrect. [C:\Users\flavi\Desktop\Perceptron_network\MLP\MLP.srcs\sources_1\new\Layer.vhd:]
WARNING: [filemgmt 56-199] Attempt to get parsing info during refresh. "On-the-fly" syntax checking information may be incorrect. [C:\Users\flavi\Desktop\Perceptron_network\MLP\MLP.srcs\sim_1\new\simulation_Layer.vhd:]
WARNING: [filemgmt 56-199] Attempt to get parsing info during refresh. "On-the-fly" syntax checking information may be incorrect. [C:\Users\flavi\Desktop\Perceptron_network\MLP\MLP.srcs\sources_1\new\Perceptron_BRAM.vhd:]
WARNING: [filemgmt 56-199] Attempt to get parsing info during refresh. "On-the-fly" syntax checking information may be incorrect. [C:\Users\flavi\Desktop\Perceptron_network\MLP\MLP.srcs\sources_1\new\Layer.vhd:]
WARNING: [filemgmt 56-199] Attempt to get parsing info during refresh. "On-the-fly" syntax checking information may be incorrect. [C:\Users\flavi\Desktop\Perceptron_network\MLP\MLP.srcs\sources_1\new\Layer.vhd:]
WARNING: [filemgmt 56-199] Attempt to get parsing info during refresh. "On-the-fly" syntax checking information may be incorrect. [C:\Users\flavi\Desktop\Perceptron_network\MLP\MLP.srcs\sources_1\new\WEIGHTS.vhd:]
WARNING: [filemgmt 56-199] Attempt to get parsing info during refresh. "On-the-fly" syntax checking information may be incorrect. [C:\Users\flavi\Desktop\Perceptron_network\MLP\MLP.srcs\sources_1\new\Layer.vhd:]
WARNING: [filemgmt 56-199] Attempt to get parsing info during refresh. "On-the-fly" syntax checking information may be incorrect. [C:\Users\flavi\Desktop\Perceptron_network\MLP\MLP.srcs\sim_1\new\simulation_Layer.vhd:]
WARNING: [filemgmt 56-199] Attempt to get parsing info during refresh. "On-the-fly" syntax checking information may be incorrect. [C:\Users\flavi\Desktop\Perceptron_network\MLP\MLP.srcs\sources_1\new\Perceptron_BRAM.vhd:]
WARNING: [filemgmt 56-199] Attempt to get parsing info during refresh. "On-the-fly" syntax checking information may be incorrect. [C:\Users\flavi\Desktop\Perceptron_network\MLP\MLP.srcs\sources_1\new\Perceptron_BRAM.vhd:]
WARNING: [filemgmt 56-199] Attempt to get parsing info during refresh. "On-the-fly" syntax checking information may be incorrect. [C:\Users\flavi\Desktop\Perceptron_network\MLP\MLP.srcs\sources_1\new\Perceptron_BRAM.vhd:]
WARNING: [filemgmt 56-199] Attempt to get parsing info during refresh. "On-the-fly" syntax checking information may be incorrect. [C:\Users\flavi\Desktop\Perceptron_network\MLP\MLP.srcs\sources_1\new\WEIGHTS.vhd:]
WARNING: [filemgmt 56-199] Attempt to get parsing info during refresh. "On-the-fly" syntax checking information may be incorrect. [C:\Users\flavi\Desktop\Perceptron_network\MLP\MLP.srcs\sources_1\new\Layer.vhd:]
WARNING: [filemgmt 56-199] Attempt to get parsing info during refresh. "On-the-fly" syntax checking information may be incorrect. [C:\Users\flavi\Desktop\Perceptron_network\MLP\MLP.srcs\sim_1\new\simulation_Layer.vhd:]
WARNING: [filemgmt 56-199] Attempt to get parsing info during refresh. "On-the-fly" syntax checking information may be incorrect. [C:\Users\flavi\Desktop\Perceptron_network\MLP\MLP.srcs\sources_1\new\Perceptron_BRAM.vhd:]
WARNING: [filemgmt 56-199] Attempt to get parsing info during refresh. "On-the-fly" syntax checking information may be incorrect. [C:\Users\flavi\Desktop\Perceptron_network\MLP\MLP.srcs\sources_1\new\WEIGHTS.vhd:]
WARNING: [filemgmt 56-199] Attempt to get parsing info during refresh. "On-the-fly" syntax checking information may be incorrect. [C:\Users\flavi\Desktop\Perceptron_network\MLP\MLP.srcs\sources_1\new\WEIGHTS.vhd:]
ERROR: [Common 17-180] Spawn failed: The operation completed successfully.

WARNING: [filemgmt 56-199] Attempt to get parsing info during refresh. "On-the-fly" syntax checking information may be incorrect. [C:\Users\flavi\Desktop\Perceptron_network\MLP\MLP.srcs\sources_1\new\WEIGHTS.vhd:]
WARNING: [filemgmt 56-199] Attempt to get parsing info during refresh. "On-the-fly" syntax checking information may be incorrect. [C:\Users\flavi\Desktop\Perceptron_network\MLP\MLP.srcs\sources_1\new\Layer.vhd:]
WARNING: [filemgmt 56-199] Attempt to get parsing info during refresh. "On-the-fly" syntax checking information may be incorrect. [C:\Users\flavi\Desktop\Perceptron_network\MLP\MLP.srcs\sim_1\new\simulation_Layer.vhd:]
WARNING: [filemgmt 56-199] Attempt to get parsing info during refresh. "On-the-fly" syntax checking information may be incorrect. [C:\Users\flavi\Desktop\Perceptron_network\MLP\MLP.srcs\sources_1\new\Perceptron_BRAM.vhd:]
WARNING: [filemgmt 56-199] Attempt to get parsing info during refresh. "On-the-fly" syntax checking information may be incorrect. [C:\Users\flavi\Desktop\Perceptron_network\MLP\MLP.srcs\sources_1\new\Layer.vhd:]
WARNING: [filemgmt 56-199] Attempt to get parsing info during refresh. "On-the-fly" syntax checking information may be incorrect. [C:\Users\flavi\Desktop\Perceptron_network\MLP\MLP.srcs\sources_1\new\Layer.vhd:]
WARNING: [filemgmt 56-199] Attempt to get parsing info during refresh. "On-the-fly" syntax checking information may be incorrect. [C:\Users\flavi\Desktop\Perceptron_network\MLP\MLP.srcs\sources_1\new\WEIGHTS.vhd:]
WARNING: [filemgmt 56-199] Attempt to get parsing info during refresh. "On-the-fly" syntax checking information may be incorrect. [C:\Users\flavi\Desktop\Perceptron_network\MLP\MLP.srcs\sources_1\new\Layer.vhd:]
WARNING: [filemgmt 56-199] Attempt to get parsing info during refresh. "On-the-fly" syntax checking information may be incorrect. [C:\Users\flavi\Desktop\Perceptron_network\MLP\MLP.srcs\sim_1\new\simulation_Layer.vhd:]
WARNING: [filemgmt 56-199] Attempt to get parsing info during refresh. "On-the-fly" syntax checking information may be incorrect. [C:\Users\flavi\Desktop\Perceptron_network\MLP\MLP.srcs\sources_1\new\Perceptron_BRAM.vhd:]
WARNING: [filemgmt 56-199] Attempt to get parsing info during refresh. "On-the-fly" syntax checking information may be incorrect. [C:\Users\flavi\Desktop\Perceptron_network\MLP\MLP.srcs\sources_1\new\WEIGHTS.vhd:]
WARNING: [filemgmt 56-199] Attempt to get parsing info during refresh. "On-the-fly" syntax checking information may be incorrect. [C:\Users\flavi\Desktop\Perceptron_network\MLP\MLP.srcs\sources_1\new\WEIGHTS.vhd:]
ERROR: [Common 17-180] Spawn failed: The operation completed successfully.

launch_simulation
Command: launch_simulation 
INFO: [Vivado 12-25911] Executing simulation for 'XSim' simulator
INFO: [Vivado 12-28535] Process started - Thu Jan 29 20:59:18 2026

INFO: [Vivado 12-12493] Simulation top is 'simulation_Layer'
INFO: [Vivado 12-5682] Launching behavioral simulation in 'C:/Users/flavi/Desktop/Perceptron_network/MLP/MLP.sim/sim_1/behav/xsim'
INFO: [SIM-utils-51] Simulation object is 'sim_1'
INFO: [SIM-utils-72] Using boost library from 'C:/Program/2025.2/Vivado/tps/boost_1_72_0'
INFO: [SIM-utils-54] Inspecting design source files for 'simulation_Layer' in fileset 'sim_1'...
INFO: [USF-XSim-97] Finding global include files...
INFO: [USF-XSim-100] Fetching design files from 'sources_1'...(this may take a while)...
INFO: [USF-XSim-101] Fetching design files from 'sim_1'...
INFO: [USF-XSim-2] XSim::Compile design
INFO: [USF-XSim-61] Executing 'COMPILE and ANALYZE' step in 'C:/Users/flavi/Desktop/Perceptron_network/MLP/MLP.sim/sim_1/behav/xsim'
"xvhdl --incr --relax -prj simulation_Layer_vhdl.prj"
INFO: [VRFC 10-163] Analyzing VHDL file "C:/Users/flavi/Desktop/Perceptron_network/MLP/MLP.srcs/sources_1/new/Perceptron_BRAM.vhd" into library xil_defaultlib
INFO: [VRFC 10-3107] analyzing entity 'Perceptron_BRAM'
INFO: [VRFC 10-163] Analyzing VHDL file "C:/Users/flavi/Desktop/Perceptron_network/MLP/MLP.srcs/sources_1/new/Layer.vhd" into library xil_defaultlib
INFO: [VRFC 10-3107] analyzing entity 'Layer'
INFO: [USF-XSim-69] 'compile' step finished in '1' seconds
INFO: [USF-XSim-3] XSim::Elaborate design
INFO: [USF-XSim-61] Executing 'ELABORATE' step in 'C:/Users/flavi/Desktop/Perceptron_network/MLP/MLP.sim/sim_1/behav/xsim'
"xelab --incr --debug typical --relax --mt 2 -L xil_defaultlib -L secureip --snapshot simulation_Layer_behav xil_defaultlib.simulation_Layer -log elaborate.log"
Vivado Simulator v2025.2
Copyright 1986-2022 Xilinx, Inc. All Rights Reserved.
Copyright 2022-2025 Advanced Micro Devices, Inc. All Rights Reserved.
Running: C:/Program/2025.2/Vivado/bin/unwrapped/win64.o/xelab.exe --incr --debug typical --relax --mt 2 -L xil_defaultlib -L secureip --snapshot simulation_Layer_behav xil_defaultlib.simulation_Layer -log elaborate.log 
Using 2 slave threads.
Starting static elaboration
Completed static elaboration
Starting simulation data flow analysis
Completed simulation data flow analysis
Time Resolution for simulation is 1ps
Compiling package std.standard
Compiling package std.textio
Compiling package ieee.std_logic_1164
Compiling package ieee.std_logic_arith
Compiling package ieee.std_logic_unsigned
Compiling package ieee.numeric_std
Compiling architecture behavioral of entity xil_defaultlib.Perceptron_BRAM [perceptron_bram_default]
Compiling architecture rtl of entity xil_defaultlib.WEIGHTS [weights_default]
Compiling architecture behavioral of entity xil_defaultlib.Layer [layer_default]
Compiling architecture bench of entity xil_defaultlib.simulation_layer
Built simulation snapshot simulation_Layer_behav
INFO: [USF-XSim-69] 'elaborate' step finished in '2' seconds
INFO: [USF-XSim-4] XSim::Simulate design
INFO: [USF-XSim-61] Executing 'SIMULATE' step in 'C:/Users/flavi/Desktop/Perceptron_network/MLP/MLP.sim/sim_1/behav/xsim'
INFO: [USF-XSim-98] *** Running xsim
   with args "simulation_Layer_behav -key {Behavioral:sim_1:Functional:simulation_Layer} -tclbatch {simulation_Layer.tcl} -view {C:/Users/flavi/Desktop/Perceptron_network/MLP/simulation_Perceptron_CONFIG.wcfg} -log {simulate.log}"
INFO: [USF-XSim-8] Loading simulator feature
Time resolution is 1 ps
open_wave_config C:/Users/flavi/Desktop/Perceptron_network/MLP/simulation_Perceptron_CONFIG.wcfg
source simulation_Layer.tcl
# set curr_wave [current_wave_config]
# if { [string length $curr_wave] == 0 } {
#   if { [llength [get_objects]] > 0} {
#     add_wave /
#     set_property needs_save false [current_wave_config]
#   } else {
#      send_msg_id Add_Wave-1 WARNING "No top level signals found. Simulator will start without a wave window. If you want to open a wave window go to 'File->New Waveform Configuration' or type 'create_wave_config' in the TCL console."
#   }
# }
# run 1000ns
INFO: [USF-XSim-96] XSim completed. Design snapshot 'simulation_Layer_behav' loaded.
INFO: [USF-XSim-97] XSim simulation ran for 1000ns
launch_simulation: Time (s): cpu = 00:00:04 ; elapsed = 00:00:05 . Memory (MB): peak = 3905.457 ; gain = 0.000
run 16 us
WARNING: [filemgmt 56-199] Attempt to get parsing info during refresh. "On-the-fly" syntax checking information may be incorrect. [C:\Users\flavi\Desktop\Perceptron_network\MLP\MLP.srcs\sources_1\new\WEIGHTS.vhd:]
WARNING: [filemgmt 56-199] Attempt to get parsing info during refresh. "On-the-fly" syntax checking information may be incorrect. [C:\Users\flavi\Desktop\Perceptron_network\MLP\MLP.srcs\sources_1\new\Layer.vhd:]
WARNING: [filemgmt 56-199] Attempt to get parsing info during refresh. "On-the-fly" syntax checking information may be incorrect. [C:\Users\flavi\Desktop\Perceptron_network\MLP\MLP.srcs\sim_1\new\simulation_Layer.vhd:]
WARNING: [filemgmt 56-199] Attempt to get parsing info during refresh. "On-the-fly" syntax checking information may be incorrect. [C:\Users\flavi\Desktop\Perceptron_network\MLP\MLP.srcs\sources_1\new\Perceptron_BRAM.vhd:]
WARNING: [filemgmt 56-199] Attempt to get parsing info during refresh. "On-the-fly" syntax checking information may be incorrect. [C:\Users\flavi\Desktop\Perceptron_network\MLP\MLP.srcs\sources_1\new\Layer.vhd:]
WARNING: [filemgmt 56-199] Attempt to get parsing info during refresh. "On-the-fly" syntax checking information may be incorrect. [C:\Users\flavi\Desktop\Perceptron_network\MLP\MLP.srcs\sources_1\new\Layer.vhd:]
WARNING: [filemgmt 56-199] Attempt to get parsing info during refresh. "On-the-fly" syntax checking information may be incorrect. [C:\Users\flavi\Desktop\Perceptron_network\MLP\MLP.srcs\sources_1\new\WEIGHTS.vhd:]
WARNING: [filemgmt 56-199] Attempt to get parsing info during refresh. "On-the-fly" syntax checking information may be incorrect. [C:\Users\flavi\Desktop\Perceptron_network\MLP\MLP.srcs\sources_1\new\Layer.vhd:]
WARNING: [filemgmt 56-199] Attempt to get parsing info during refresh. "On-the-fly" syntax checking information may be incorrect. [C:\Users\flavi\Desktop\Perceptron_network\MLP\MLP.srcs\sim_1\new\simulation_Layer.vhd:]
WARNING: [filemgmt 56-199] Attempt to get parsing info during refresh. "On-the-fly" syntax checking information may be incorrect. [C:\Users\flavi\Desktop\Perceptron_network\MLP\MLP.srcs\sources_1\new\Perceptron_BRAM.vhd:]
WARNING: [filemgmt 56-199] Attempt to get parsing info during refresh. "On-the-fly" syntax checking information may be incorrect. [C:\Users\flavi\Desktop\Perceptron_network\MLP\MLP.srcs\sources_1\new\Perceptron_BRAM.vhd:]
WARNING: [filemgmt 56-199] Attempt to get parsing info during refresh. "On-the-fly" syntax checking information may be incorrect. [C:\Users\flavi\Desktop\Perceptron_network\MLP\MLP.srcs\sources_1\new\Perceptron_BRAM.vhd:]
close_sim
INFO: [Simtcl 6-16] Simulation closed
launch_simulation
Command: launch_simulation 
INFO: [Vivado 12-25911] Executing simulation for 'XSim' simulator
INFO: [Vivado 12-28535] Process started - Thu Jan 29 21:01:27 2026

INFO: [Vivado 12-12493] Simulation top is 'simulation_Layer'
INFO: [Vivado 12-5682] Launching behavioral simulation in 'C:/Users/flavi/Desktop/Perceptron_network/MLP/MLP.sim/sim_1/behav/xsim'
INFO: [SIM-utils-51] Simulation object is 'sim_1'
INFO: [SIM-utils-72] Using boost library from 'C:/Program/2025.2/Vivado/tps/boost_1_72_0'
INFO: [SIM-utils-54] Inspecting design source files for 'simulation_Layer' in fileset 'sim_1'...
INFO: [USF-XSim-97] Finding global include files...
INFO: [USF-XSim-100] Fetching design files from 'sources_1'...(this may take a while)...
INFO: [USF-XSim-101] Fetching design files from 'sim_1'...
INFO: [USF-XSim-2] XSim::Compile design
INFO: [USF-XSim-61] Executing 'COMPILE and ANALYZE' step in 'C:/Users/flavi/Desktop/Perceptron_network/MLP/MLP.sim/sim_1/behav/xsim'
"xvhdl --incr --relax -prj simulation_Layer_vhdl.prj"
INFO: [VRFC 10-163] Analyzing VHDL file "C:/Users/flavi/Desktop/Perceptron_network/MLP/MLP.srcs/sources_1/new/Perceptron_BRAM.vhd" into library xil_defaultlib
INFO: [VRFC 10-3107] analyzing entity 'Perceptron_BRAM'
INFO: [VRFC 10-163] Analyzing VHDL file "C:/Users/flavi/Desktop/Perceptron_network/MLP/MLP.srcs/sources_1/new/Layer.vhd" into library xil_defaultlib
INFO: [VRFC 10-3107] analyzing entity 'Layer'
INFO: [USF-XSim-69] 'compile' step finished in '1' seconds
INFO: [USF-XSim-3] XSim::Elaborate design
INFO: [USF-XSim-61] Executing 'ELABORATE' step in 'C:/Users/flavi/Desktop/Perceptron_network/MLP/MLP.sim/sim_1/behav/xsim'
"xelab --incr --debug typical --relax --mt 2 -L xil_defaultlib -L secureip --snapshot simulation_Layer_behav xil_defaultlib.simulation_Layer -log elaborate.log"
Vivado Simulator v2025.2
Copyright 1986-2022 Xilinx, Inc. All Rights Reserved.
Copyright 2022-2025 Advanced Micro Devices, Inc. All Rights Reserved.
Running: C:/Program/2025.2/Vivado/bin/unwrapped/win64.o/xelab.exe --incr --debug typical --relax --mt 2 -L xil_defaultlib -L secureip --snapshot simulation_Layer_behav xil_defaultlib.simulation_Layer -log elaborate.log 
Using 2 slave threads.
Starting static elaboration
Completed static elaboration
Starting simulation data flow analysis
Completed simulation data flow analysis
Time Resolution for simulation is 1ps
Compiling package std.standard
Compiling package std.textio
Compiling package ieee.std_logic_1164
Compiling package ieee.std_logic_arith
Compiling package ieee.std_logic_unsigned
Compiling package ieee.numeric_std
Compiling architecture behavioral of entity xil_defaultlib.Perceptron_BRAM [perceptron_bram_default]
Compiling architecture rtl of entity xil_defaultlib.WEIGHTS [weights_default]
Compiling architecture behavioral of entity xil_defaultlib.Layer [layer_default]
Compiling architecture bench of entity xil_defaultlib.simulation_layer
Built simulation snapshot simulation_Layer_behav
INFO: [USF-XSim-69] 'elaborate' step finished in '1' seconds
INFO: [USF-XSim-4] XSim::Simulate design
INFO: [USF-XSim-61] Executing 'SIMULATE' step in 'C:/Users/flavi/Desktop/Perceptron_network/MLP/MLP.sim/sim_1/behav/xsim'
INFO: [USF-XSim-98] *** Running xsim
   with args "simulation_Layer_behav -key {Behavioral:sim_1:Functional:simulation_Layer} -tclbatch {simulation_Layer.tcl} -view {C:/Users/flavi/Desktop/Perceptron_network/MLP/simulation_Perceptron_CONFIG.wcfg} -log {simulate.log}"
INFO: [USF-XSim-8] Loading simulator feature
Time resolution is 1 ps
open_wave_config C:/Users/flavi/Desktop/Perceptron_network/MLP/simulation_Perceptron_CONFIG.wcfg
source simulation_Layer.tcl
# set curr_wave [current_wave_config]
# if { [string length $curr_wave] == 0 } {
#   if { [llength [get_objects]] > 0} {
#     add_wave /
#     set_property needs_save false [current_wave_config]
#   } else {
#      send_msg_id Add_Wave-1 WARNING "No top level signals found. Simulator will start without a wave window. If you want to open a wave window go to 'File->New Waveform Configuration' or type 'create_wave_config' in the TCL console."
#   }
# }
# run 1000ns
INFO: [USF-XSim-96] XSim completed. Design snapshot 'simulation_Layer_behav' loaded.
INFO: [USF-XSim-97] XSim simulation ran for 1000ns
launch_simulation: Time (s): cpu = 00:00:03 ; elapsed = 00:00:07 . Memory (MB): peak = 3905.457 ; gain = 0.000
run 16 us
WARNING: [filemgmt 56-199] Attempt to get parsing info during refresh. "On-the-fly" syntax checking information may be incorrect. [C:\Users\flavi\Desktop\Perceptron_network\MLP\MLP.srcs\sources_1\new\WEIGHTS.vhd:]
WARNING: [filemgmt 56-199] Attempt to get parsing info during refresh. "On-the-fly" syntax checking information may be incorrect. [C:\Users\flavi\Desktop\Perceptron_network\MLP\MLP.srcs\sources_1\new\Layer.vhd:]
WARNING: [filemgmt 56-199] Attempt to get parsing info during refresh. "On-the-fly" syntax checking information may be incorrect. [C:\Users\flavi\Desktop\Perceptron_network\MLP\MLP.srcs\sim_1\new\simulation_Layer.vhd:]
WARNING: [filemgmt 56-199] Attempt to get parsing info during refresh. "On-the-fly" syntax checking information may be incorrect. [C:\Users\flavi\Desktop\Perceptron_network\MLP\MLP.srcs\sources_1\new\Perceptron_BRAM.vhd:]
WARNING: [filemgmt 56-199] Attempt to get parsing info during refresh. "On-the-fly" syntax checking information may be incorrect. [C:\Users\flavi\Desktop\Perceptron_network\MLP\MLP.srcs\sources_1\new\Layer.vhd:]
WARNING: [filemgmt 56-199] Attempt to get parsing info during refresh. "On-the-fly" syntax checking information may be incorrect. [C:\Users\flavi\Desktop\Perceptron_network\MLP\MLP.srcs\sources_1\new\Layer.vhd:]
WARNING: [filemgmt 56-199] Attempt to get parsing info during refresh. "On-the-fly" syntax checking information may be incorrect. [C:\Users\flavi\Desktop\Perceptron_network\MLP\MLP.srcs\sources_1\new\WEIGHTS.vhd:]
WARNING: [filemgmt 56-199] Attempt to get parsing info during refresh. "On-the-fly" syntax checking information may be incorrect. [C:\Users\flavi\Desktop\Perceptron_network\MLP\MLP.srcs\sources_1\new\Layer.vhd:]
WARNING: [filemgmt 56-199] Attempt to get parsing info during refresh. "On-the-fly" syntax checking information may be incorrect. [C:\Users\flavi\Desktop\Perceptron_network\MLP\MLP.srcs\sim_1\new\simulation_Layer.vhd:]
WARNING: [filemgmt 56-199] Attempt to get parsing info during refresh. "On-the-fly" syntax checking information may be incorrect. [C:\Users\flavi\Desktop\Perceptron_network\MLP\MLP.srcs\sources_1\new\Perceptron_BRAM.vhd:]
WARNING: [filemgmt 56-199] Attempt to get parsing info during refresh. "On-the-fly" syntax checking information may be incorrect. [C:\Users\flavi\Desktop\Perceptron_network\MLP\MLP.srcs\sources_1\new\Perceptron_BRAM.vhd:]
WARNING: [filemgmt 56-199] Attempt to get parsing info during refresh. "On-the-fly" syntax checking information may be incorrect. [C:\Users\flavi\Desktop\Perceptron_network\MLP\MLP.srcs\sources_1\new\Perceptron_BRAM.vhd:]
WARNING: [filemgmt 56-199] Attempt to get parsing info during refresh. "On-the-fly" syntax checking information may be incorrect. [C:\Users\flavi\Desktop\Perceptron_network\MLP\MLP.srcs\sources_1\new\WEIGHTS.vhd:]
WARNING: [filemgmt 56-199] Attempt to get parsing info during refresh. "On-the-fly" syntax checking information may be incorrect. [C:\Users\flavi\Desktop\Perceptron_network\MLP\MLP.srcs\sources_1\new\Layer.vhd:]
WARNING: [filemgmt 56-199] Attempt to get parsing info during refresh. "On-the-fly" syntax checking information may be incorrect. [C:\Users\flavi\Desktop\Perceptron_network\MLP\MLP.srcs\sim_1\new\simulation_Layer.vhd:]
WARNING: [filemgmt 56-199] Attempt to get parsing info during refresh. "On-the-fly" syntax checking information may be incorrect. [C:\Users\flavi\Desktop\Perceptron_network\MLP\MLP.srcs\sources_1\new\Perceptron_BRAM.vhd:]
WARNING: [filemgmt 56-199] Attempt to get parsing info during refresh. "On-the-fly" syntax checking information may be incorrect. [C:\Users\flavi\Desktop\Perceptron_network\MLP\MLP.srcs\sim_1\new\simulation_Layer.vhd:]
WARNING: [filemgmt 56-199] Attempt to get parsing info during refresh. "On-the-fly" syntax checking information may be incorrect. [C:\Users\flavi\Desktop\Perceptron_network\MLP\MLP.srcs\sim_1\new\simulation_Layer.vhd:]
ERROR: [Common 17-180] Spawn failed: The operation completed successfully.

close_sim
INFO: [Simtcl 6-16] Simulation closed
launch_simulation
Command: launch_simulation 
INFO: [Vivado 12-25911] Executing simulation for 'XSim' simulator
INFO: [Vivado 12-28535] Process started - Thu Jan 29 21:07:26 2026

INFO: [Vivado 12-12493] Simulation top is 'simulation_Layer'
INFO: [Vivado 12-5682] Launching behavioral simulation in 'C:/Users/flavi/Desktop/Perceptron_network/MLP/MLP.sim/sim_1/behav/xsim'
INFO: [SIM-utils-51] Simulation object is 'sim_1'
INFO: [SIM-utils-72] Using boost library from 'C:/Program/2025.2/Vivado/tps/boost_1_72_0'
INFO: [SIM-utils-54] Inspecting design source files for 'simulation_Layer' in fileset 'sim_1'...
INFO: [USF-XSim-97] Finding global include files...
INFO: [USF-XSim-100] Fetching design files from 'sources_1'...(this may take a while)...
INFO: [USF-XSim-101] Fetching design files from 'sim_1'...
INFO: [USF-XSim-2] XSim::Compile design
INFO: [USF-XSim-61] Executing 'COMPILE and ANALYZE' step in 'C:/Users/flavi/Desktop/Perceptron_network/MLP/MLP.sim/sim_1/behav/xsim'
"xvhdl --incr --relax -prj simulation_Layer_vhdl.prj"
INFO: [VRFC 10-163] Analyzing VHDL file "C:/Users/flavi/Desktop/Perceptron_network/MLP/MLP.srcs/sources_1/new/Perceptron_BRAM.vhd" into library xil_defaultlib
INFO: [VRFC 10-3107] analyzing entity 'Perceptron_BRAM'
INFO: [VRFC 10-163] Analyzing VHDL file "C:/Users/flavi/Desktop/Perceptron_network/MLP/MLP.srcs/sources_1/new/Layer.vhd" into library xil_defaultlib
INFO: [VRFC 10-3107] analyzing entity 'Layer'
INFO: [USF-XSim-69] 'compile' step finished in '1' seconds
INFO: [USF-XSim-3] XSim::Elaborate design
INFO: [USF-XSim-61] Executing 'ELABORATE' step in 'C:/Users/flavi/Desktop/Perceptron_network/MLP/MLP.sim/sim_1/behav/xsim'
"xelab --incr --debug typical --relax --mt 2 -L xil_defaultlib -L secureip --snapshot simulation_Layer_behav xil_defaultlib.simulation_Layer -log elaborate.log"
Vivado Simulator v2025.2
Copyright 1986-2022 Xilinx, Inc. All Rights Reserved.
Copyright 2022-2025 Advanced Micro Devices, Inc. All Rights Reserved.
Running: C:/Program/2025.2/Vivado/bin/unwrapped/win64.o/xelab.exe --incr --debug typical --relax --mt 2 -L xil_defaultlib -L secureip --snapshot simulation_Layer_behav xil_defaultlib.simulation_Layer -log elaborate.log 
Using 2 slave threads.
Starting static elaboration
Completed static elaboration
Starting simulation data flow analysis
Completed simulation data flow analysis
Time Resolution for simulation is 1ps
Compiling package std.standard
Compiling package std.textio
Compiling package ieee.std_logic_1164
Compiling package ieee.std_logic_arith
Compiling package ieee.std_logic_unsigned
Compiling package ieee.numeric_std
Compiling architecture behavioral of entity xil_defaultlib.Perceptron_BRAM [perceptron_bram_default]
Compiling architecture rtl of entity xil_defaultlib.WEIGHTS [weights_default]
Compiling architecture behavioral of entity xil_defaultlib.Layer [layer_default]
Compiling architecture bench of entity xil_defaultlib.simulation_layer
Built simulation snapshot simulation_Layer_behav
INFO: [USF-XSim-69] 'elaborate' step finished in '1' seconds
INFO: [USF-XSim-4] XSim::Simulate design
INFO: [USF-XSim-61] Executing 'SIMULATE' step in 'C:/Users/flavi/Desktop/Perceptron_network/MLP/MLP.sim/sim_1/behav/xsim'
INFO: [USF-XSim-98] *** Running xsim
   with args "simulation_Layer_behav -key {Behavioral:sim_1:Functional:simulation_Layer} -tclbatch {simulation_Layer.tcl} -view {C:/Users/flavi/Desktop/Perceptron_network/MLP/simulation_Perceptron_CONFIG.wcfg} -log {simulate.log}"
INFO: [USF-XSim-8] Loading simulator feature
Time resolution is 1 ps
open_wave_config C:/Users/flavi/Desktop/Perceptron_network/MLP/simulation_Perceptron_CONFIG.wcfg
source simulation_Layer.tcl
# set curr_wave [current_wave_config]
# if { [string length $curr_wave] == 0 } {
#   if { [llength [get_objects]] > 0} {
#     add_wave /
#     set_property needs_save false [current_wave_config]
#   } else {
#      send_msg_id Add_Wave-1 WARNING "No top level signals found. Simulator will start without a wave window. If you want to open a wave window go to 'File->New Waveform Configuration' or type 'create_wave_config' in the TCL console."
#   }
# }
# run 1000ns
INFO: [USF-XSim-96] XSim completed. Design snapshot 'simulation_Layer_behav' loaded.
INFO: [USF-XSim-97] XSim simulation ran for 1000ns
launch_simulation: Time (s): cpu = 00:00:03 ; elapsed = 00:00:05 . Memory (MB): peak = 3905.457 ; gain = 0.000
run 16 us
WARNING: [filemgmt 56-199] Attempt to get parsing info during refresh. "On-the-fly" syntax checking information may be incorrect. [C:\Users\flavi\Desktop\Perceptron_network\MLP\MLP.srcs\sources_1\new\WEIGHTS.vhd:]
WARNING: [filemgmt 56-199] Attempt to get parsing info during refresh. "On-the-fly" syntax checking information may be incorrect. [C:\Users\flavi\Desktop\Perceptron_network\MLP\MLP.srcs\sources_1\new\Layer.vhd:]
WARNING: [filemgmt 56-199] Attempt to get parsing info during refresh. "On-the-fly" syntax checking information may be incorrect. [C:\Users\flavi\Desktop\Perceptron_network\MLP\MLP.srcs\sim_1\new\simulation_Layer.vhd:]
WARNING: [filemgmt 56-199] Attempt to get parsing info during refresh. "On-the-fly" syntax checking information may be incorrect. [C:\Users\flavi\Desktop\Perceptron_network\MLP\MLP.srcs\sources_1\new\Perceptron_BRAM.vhd:]
WARNING: [filemgmt 56-199] Attempt to get parsing info during refresh. "On-the-fly" syntax checking information may be incorrect. [C:\Users\flavi\Desktop\Perceptron_network\MLP\MLP.srcs\sources_1\new\Layer.vhd:]
WARNING: [filemgmt 56-199] Attempt to get parsing info during refresh. "On-the-fly" syntax checking information may be incorrect. [C:\Users\flavi\Desktop\Perceptron_network\MLP\MLP.srcs\sources_1\new\Layer.vhd:]
WARNING: [filemgmt 56-199] Attempt to get parsing info during refresh. "On-the-fly" syntax checking information may be incorrect. [C:\Users\flavi\Desktop\Perceptron_network\MLP\MLP.srcs\sources_1\new\WEIGHTS.vhd:]
WARNING: [filemgmt 56-199] Attempt to get parsing info during refresh. "On-the-fly" syntax checking information may be incorrect. [C:\Users\flavi\Desktop\Perceptron_network\MLP\MLP.srcs\sources_1\new\Layer.vhd:]
WARNING: [filemgmt 56-199] Attempt to get parsing info during refresh. "On-the-fly" syntax checking information may be incorrect. [C:\Users\flavi\Desktop\Perceptron_network\MLP\MLP.srcs\sim_1\new\simulation_Layer.vhd:]
WARNING: [filemgmt 56-199] Attempt to get parsing info during refresh. "On-the-fly" syntax checking information may be incorrect. [C:\Users\flavi\Desktop\Perceptron_network\MLP\MLP.srcs\sources_1\new\Perceptron_BRAM.vhd:]
WARNING: [filemgmt 56-199] Attempt to get parsing info during refresh. "On-the-fly" syntax checking information may be incorrect. [C:\Users\flavi\Desktop\Perceptron_network\MLP\MLP.srcs\sources_1\new\Perceptron_BRAM.vhd:]
WARNING: [filemgmt 56-199] Attempt to get parsing info during refresh. "On-the-fly" syntax checking information may be incorrect. [C:\Users\flavi\Desktop\Perceptron_network\MLP\MLP.srcs\sources_1\new\Perceptron_BRAM.vhd:]
WARNING: [filemgmt 56-199] Attempt to get parsing info during refresh. "On-the-fly" syntax checking information may be incorrect. [C:\Users\flavi\Desktop\Perceptron_network\MLP\MLP.srcs\sources_1\new\WEIGHTS.vhd:]
WARNING: [filemgmt 56-199] Attempt to get parsing info during refresh. "On-the-fly" syntax checking information may be incorrect. [C:\Users\flavi\Desktop\Perceptron_network\MLP\MLP.srcs\sources_1\new\Layer.vhd:]
WARNING: [filemgmt 56-199] Attempt to get parsing info during refresh. "On-the-fly" syntax checking information may be incorrect. [C:\Users\flavi\Desktop\Perceptron_network\MLP\MLP.srcs\sim_1\new\simulation_Layer.vhd:]
WARNING: [filemgmt 56-199] Attempt to get parsing info during refresh. "On-the-fly" syntax checking information may be incorrect. [C:\Users\flavi\Desktop\Perceptron_network\MLP\MLP.srcs\sources_1\new\Perceptron_BRAM.vhd:]
WARNING: [filemgmt 56-199] Attempt to get parsing info during refresh. "On-the-fly" syntax checking information may be incorrect. [C:\Users\flavi\Desktop\Perceptron_network\MLP\MLP.srcs\sources_1\new\WEIGHTS.vhd:]
WARNING: [filemgmt 56-199] Attempt to get parsing info during refresh. "On-the-fly" syntax checking information may be incorrect. [C:\Users\flavi\Desktop\Perceptron_network\MLP\MLP.srcs\sources_1\new\WEIGHTS.vhd:]
close_sim
INFO: [Simtcl 6-16] Simulation closed
launch_simulation
Command: launch_simulation 
INFO: [Vivado 12-25911] Executing simulation for 'XSim' simulator
INFO: [Vivado 12-28535] Process started - Thu Jan 29 21:08:10 2026

INFO: [Vivado 12-12493] Simulation top is 'simulation_Layer'
INFO: [Vivado 12-5682] Launching behavioral simulation in 'C:/Users/flavi/Desktop/Perceptron_network/MLP/MLP.sim/sim_1/behav/xsim'
INFO: [SIM-utils-51] Simulation object is 'sim_1'
INFO: [SIM-utils-72] Using boost library from 'C:/Program/2025.2/Vivado/tps/boost_1_72_0'
INFO: [SIM-utils-54] Inspecting design source files for 'simulation_Layer' in fileset 'sim_1'...
INFO: [USF-XSim-97] Finding global include files...
INFO: [USF-XSim-100] Fetching design files from 'sources_1'...(this may take a while)...
INFO: [USF-XSim-101] Fetching design files from 'sim_1'...
INFO: [USF-XSim-2] XSim::Compile design
INFO: [USF-XSim-61] Executing 'COMPILE and ANALYZE' step in 'C:/Users/flavi/Desktop/Perceptron_network/MLP/MLP.sim/sim_1/behav/xsim'
"xvhdl --incr --relax -prj simulation_Layer_vhdl.prj"
INFO: [VRFC 10-163] Analyzing VHDL file "C:/Users/flavi/Desktop/Perceptron_network/MLP/MLP.srcs/sim_1/new/simulation_Layer.vhd" into library xil_defaultlib
INFO: [VRFC 10-3107] analyzing entity 'simulation_Layer'
INFO: [USF-XSim-69] 'compile' step finished in '1' seconds
INFO: [USF-XSim-3] XSim::Elaborate design
INFO: [USF-XSim-61] Executing 'ELABORATE' step in 'C:/Users/flavi/Desktop/Perceptron_network/MLP/MLP.sim/sim_1/behav/xsim'
"xelab --incr --debug typical --relax --mt 2 -L xil_defaultlib -L secureip --snapshot simulation_Layer_behav xil_defaultlib.simulation_Layer -log elaborate.log"
Vivado Simulator v2025.2
Copyright 1986-2022 Xilinx, Inc. All Rights Reserved.
Copyright 2022-2025 Advanced Micro Devices, Inc. All Rights Reserved.
Running: C:/Program/2025.2/Vivado/bin/unwrapped/win64.o/xelab.exe --incr --debug typical --relax --mt 2 -L xil_defaultlib -L secureip --snapshot simulation_Layer_behav xil_defaultlib.simulation_Layer -log elaborate.log 
Using 2 slave threads.
Starting static elaboration
Completed static elaboration
Starting simulation data flow analysis
Completed simulation data flow analysis
Time Resolution for simulation is 1ps
Compiling package std.standard
Compiling package std.textio
Compiling package ieee.std_logic_1164
Compiling package ieee.std_logic_arith
Compiling package ieee.std_logic_unsigned
Compiling package ieee.numeric_std
Compiling architecture behavioral of entity xil_defaultlib.Perceptron_BRAM [perceptron_bram_default]
Compiling architecture rtl of entity xil_defaultlib.WEIGHTS [weights_default]
Compiling architecture behavioral of entity xil_defaultlib.Layer [layer_default]
Compiling architecture bench of entity xil_defaultlib.simulation_layer
Built simulation snapshot simulation_Layer_behav
INFO: [USF-XSim-69] 'elaborate' step finished in '2' seconds
INFO: [USF-XSim-4] XSim::Simulate design
INFO: [USF-XSim-61] Executing 'SIMULATE' step in 'C:/Users/flavi/Desktop/Perceptron_network/MLP/MLP.sim/sim_1/behav/xsim'
INFO: [USF-XSim-98] *** Running xsim
   with args "simulation_Layer_behav -key {Behavioral:sim_1:Functional:simulation_Layer} -tclbatch {simulation_Layer.tcl} -view {C:/Users/flavi/Desktop/Perceptron_network/MLP/simulation_Perceptron_CONFIG.wcfg} -log {simulate.log}"
INFO: [USF-XSim-8] Loading simulator feature
Time resolution is 1 ps
open_wave_config C:/Users/flavi/Desktop/Perceptron_network/MLP/simulation_Perceptron_CONFIG.wcfg
source simulation_Layer.tcl
# set curr_wave [current_wave_config]
# if { [string length $curr_wave] == 0 } {
#   if { [llength [get_objects]] > 0} {
#     add_wave /
#     set_property needs_save false [current_wave_config]
#   } else {
#      send_msg_id Add_Wave-1 WARNING "No top level signals found. Simulator will start without a wave window. If you want to open a wave window go to 'File->New Waveform Configuration' or type 'create_wave_config' in the TCL console."
#   }
# }
# run 1000ns
INFO: [USF-XSim-96] XSim completed. Design snapshot 'simulation_Layer_behav' loaded.
INFO: [USF-XSim-97] XSim simulation ran for 1000ns
launch_simulation: Time (s): cpu = 00:00:02 ; elapsed = 00:00:06 . Memory (MB): peak = 3948.363 ; gain = 8.879
run 16 us
WARNING: [filemgmt 56-199] Attempt to get parsing info during refresh. "On-the-fly" syntax checking information may be incorrect. [C:\Users\flavi\Desktop\Perceptron_network\MLP\MLP.srcs\sources_1\new\WEIGHTS.vhd:]
WARNING: [filemgmt 56-199] Attempt to get parsing info during refresh. "On-the-fly" syntax checking information may be incorrect. [C:\Users\flavi\Desktop\Perceptron_network\MLP\MLP.srcs\sources_1\new\Layer.vhd:]
WARNING: [filemgmt 56-199] Attempt to get parsing info during refresh. "On-the-fly" syntax checking information may be incorrect. [C:\Users\flavi\Desktop\Perceptron_network\MLP\MLP.srcs\sim_1\new\simulation_Layer.vhd:]
WARNING: [filemgmt 56-199] Attempt to get parsing info during refresh. "On-the-fly" syntax checking information may be incorrect. [C:\Users\flavi\Desktop\Perceptron_network\MLP\MLP.srcs\sources_1\new\Perceptron_BRAM.vhd:]
WARNING: [filemgmt 56-199] Attempt to get parsing info during refresh. "On-the-fly" syntax checking information may be incorrect. [C:\Users\flavi\Desktop\Perceptron_network\MLP\MLP.srcs\sources_1\new\Layer.vhd:]
WARNING: [filemgmt 56-199] Attempt to get parsing info during refresh. "On-the-fly" syntax checking information may be incorrect. [C:\Users\flavi\Desktop\Perceptron_network\MLP\MLP.srcs\sources_1\new\Layer.vhd:]
WARNING: [filemgmt 56-199] Attempt to get parsing info during refresh. "On-the-fly" syntax checking information may be incorrect. [C:\Users\flavi\Desktop\Perceptron_network\MLP\MLP.srcs\sources_1\new\WEIGHTS.vhd:]
WARNING: [filemgmt 56-199] Attempt to get parsing info during refresh. "On-the-fly" syntax checking information may be incorrect. [C:\Users\flavi\Desktop\Perceptron_network\MLP\MLP.srcs\sources_1\new\Layer.vhd:]
WARNING: [filemgmt 56-199] Attempt to get parsing info during refresh. "On-the-fly" syntax checking information may be incorrect. [C:\Users\flavi\Desktop\Perceptron_network\MLP\MLP.srcs\sim_1\new\simulation_Layer.vhd:]
WARNING: [filemgmt 56-199] Attempt to get parsing info during refresh. "On-the-fly" syntax checking information may be incorrect. [C:\Users\flavi\Desktop\Perceptron_network\MLP\MLP.srcs\sources_1\new\Perceptron_BRAM.vhd:]
WARNING: [filemgmt 56-199] Attempt to get parsing info during refresh. "On-the-fly" syntax checking information may be incorrect. [C:\Users\flavi\Desktop\Perceptron_network\MLP\MLP.srcs\sources_1\new\Perceptron_BRAM.vhd:]
WARNING: [filemgmt 56-199] Attempt to get parsing info during refresh. "On-the-fly" syntax checking information may be incorrect. [C:\Users\flavi\Desktop\Perceptron_network\MLP\MLP.srcs\sources_1\new\Perceptron_BRAM.vhd:]
WARNING: [filemgmt 56-199] Attempt to get parsing info during refresh. "On-the-fly" syntax checking information may be incorrect. [C:\Users\flavi\Desktop\Perceptron_network\MLP\MLP.srcs\sources_1\new\WEIGHTS.vhd:]
WARNING: [filemgmt 56-199] Attempt to get parsing info during refresh. "On-the-fly" syntax checking information may be incorrect. [C:\Users\flavi\Desktop\Perceptron_network\MLP\MLP.srcs\sources_1\new\Layer.vhd:]
WARNING: [filemgmt 56-199] Attempt to get parsing info during refresh. "On-the-fly" syntax checking information may be incorrect. [C:\Users\flavi\Desktop\Perceptron_network\MLP\MLP.srcs\sim_1\new\simulation_Layer.vhd:]
WARNING: [filemgmt 56-199] Attempt to get parsing info during refresh. "On-the-fly" syntax checking information may be incorrect. [C:\Users\flavi\Desktop\Perceptron_network\MLP\MLP.srcs\sources_1\new\Perceptron_BRAM.vhd:]
WARNING: [filemgmt 56-199] Attempt to get parsing info during refresh. "On-the-fly" syntax checking information may be incorrect. [C:\Users\flavi\Desktop\Perceptron_network\MLP\MLP.srcs\sources_1\new\WEIGHTS.vhd:]
WARNING: [filemgmt 56-199] Attempt to get parsing info during refresh. "On-the-fly" syntax checking information may be incorrect. [C:\Users\flavi\Desktop\Perceptron_network\MLP\MLP.srcs\sources_1\new\WEIGHTS.vhd:]
close_sim
INFO: [Simtcl 6-16] Simulation closed
launch_simulation
Command: launch_simulation 
INFO: [Vivado 12-25911] Executing simulation for 'XSim' simulator
INFO: [Vivado 12-28535] Process started - Thu Jan 29 21:09:10 2026

INFO: [Vivado 12-12493] Simulation top is 'simulation_Layer'
INFO: [Vivado 12-5682] Launching behavioral simulation in 'C:/Users/flavi/Desktop/Perceptron_network/MLP/MLP.sim/sim_1/behav/xsim'
INFO: [SIM-utils-51] Simulation object is 'sim_1'
INFO: [SIM-utils-72] Using boost library from 'C:/Program/2025.2/Vivado/tps/boost_1_72_0'
INFO: [SIM-utils-54] Inspecting design source files for 'simulation_Layer' in fileset 'sim_1'...
INFO: [USF-XSim-97] Finding global include files...
INFO: [USF-XSim-100] Fetching design files from 'sources_1'...(this may take a while)...
INFO: [USF-XSim-101] Fetching design files from 'sim_1'...
INFO: [USF-XSim-2] XSim::Compile design
INFO: [USF-XSim-61] Executing 'COMPILE and ANALYZE' step in 'C:/Users/flavi/Desktop/Perceptron_network/MLP/MLP.sim/sim_1/behav/xsim'
"xvhdl --incr --relax -prj simulation_Layer_vhdl.prj"
INFO: [VRFC 10-163] Analyzing VHDL file "C:/Users/flavi/Desktop/Perceptron_network/MLP/MLP.srcs/sources_1/new/Perceptron_BRAM.vhd" into library xil_defaultlib
INFO: [VRFC 10-3107] analyzing entity 'Perceptron_BRAM'
INFO: [VRFC 10-163] Analyzing VHDL file "C:/Users/flavi/Desktop/Perceptron_network/MLP/MLP.srcs/sources_1/new/Layer.vhd" into library xil_defaultlib
INFO: [VRFC 10-3107] analyzing entity 'Layer'
INFO: [USF-XSim-69] 'compile' step finished in '1' seconds
INFO: [USF-XSim-3] XSim::Elaborate design
INFO: [USF-XSim-61] Executing 'ELABORATE' step in 'C:/Users/flavi/Desktop/Perceptron_network/MLP/MLP.sim/sim_1/behav/xsim'
"xelab --incr --debug typical --relax --mt 2 -L xil_defaultlib -L secureip --snapshot simulation_Layer_behav xil_defaultlib.simulation_Layer -log elaborate.log"
Vivado Simulator v2025.2
Copyright 1986-2022 Xilinx, Inc. All Rights Reserved.
Copyright 2022-2025 Advanced Micro Devices, Inc. All Rights Reserved.
Running: C:/Program/2025.2/Vivado/bin/unwrapped/win64.o/xelab.exe --incr --debug typical --relax --mt 2 -L xil_defaultlib -L secureip --snapshot simulation_Layer_behav xil_defaultlib.simulation_Layer -log elaborate.log 
Using 2 slave threads.
Starting static elaboration
Completed static elaboration
Starting simulation data flow analysis
Completed simulation data flow analysis
Time Resolution for simulation is 1ps
Compiling package std.standard
Compiling package std.textio
Compiling package ieee.std_logic_1164
Compiling package ieee.std_logic_arith
Compiling package ieee.std_logic_unsigned
Compiling package ieee.numeric_std
Compiling architecture behavioral of entity xil_defaultlib.Perceptron_BRAM [perceptron_bram_default]
Compiling architecture rtl of entity xil_defaultlib.WEIGHTS [weights_default]
Compiling architecture behavioral of entity xil_defaultlib.Layer [layer_default]
Compiling architecture bench of entity xil_defaultlib.simulation_layer
Built simulation snapshot simulation_Layer_behav
INFO: [USF-XSim-69] 'elaborate' step finished in '1' seconds
INFO: [USF-XSim-4] XSim::Simulate design
INFO: [USF-XSim-61] Executing 'SIMULATE' step in 'C:/Users/flavi/Desktop/Perceptron_network/MLP/MLP.sim/sim_1/behav/xsim'
INFO: [USF-XSim-98] *** Running xsim
   with args "simulation_Layer_behav -key {Behavioral:sim_1:Functional:simulation_Layer} -tclbatch {simulation_Layer.tcl} -view {C:/Users/flavi/Desktop/Perceptron_network/MLP/simulation_Perceptron_CONFIG.wcfg} -log {simulate.log}"
INFO: [USF-XSim-8] Loading simulator feature
Time resolution is 1 ps
open_wave_config C:/Users/flavi/Desktop/Perceptron_network/MLP/simulation_Perceptron_CONFIG.wcfg
source simulation_Layer.tcl
# set curr_wave [current_wave_config]
# if { [string length $curr_wave] == 0 } {
#   if { [llength [get_objects]] > 0} {
#     add_wave /
#     set_property needs_save false [current_wave_config]
#   } else {
#      send_msg_id Add_Wave-1 WARNING "No top level signals found. Simulator will start without a wave window. If you want to open a wave window go to 'File->New Waveform Configuration' or type 'create_wave_config' in the TCL console."
#   }
# }
# run 1000ns
INFO: [USF-XSim-96] XSim completed. Design snapshot 'simulation_Layer_behav' loaded.
INFO: [USF-XSim-97] XSim simulation ran for 1000ns
launch_simulation: Time (s): cpu = 00:00:02 ; elapsed = 00:00:07 . Memory (MB): peak = 3948.363 ; gain = 0.000
close_sim
INFO: [Simtcl 6-16] Simulation closed
launch_simulation
Command: launch_simulation 
INFO: [Vivado 12-25911] Executing simulation for 'XSim' simulator
INFO: [Vivado 12-28535] Process started - Thu Jan 29 21:11:07 2026

INFO: [Vivado 12-12493] Simulation top is 'simulation_Layer'
INFO: [Vivado 12-5682] Launching behavioral simulation in 'C:/Users/flavi/Desktop/Perceptron_network/MLP/MLP.sim/sim_1/behav/xsim'
INFO: [SIM-utils-51] Simulation object is 'sim_1'
INFO: [SIM-utils-72] Using boost library from 'C:/Program/2025.2/Vivado/tps/boost_1_72_0'
INFO: [SIM-utils-54] Inspecting design source files for 'simulation_Layer' in fileset 'sim_1'...
INFO: [USF-XSim-97] Finding global include files...
INFO: [USF-XSim-100] Fetching design files from 'sources_1'...(this may take a while)...
INFO: [USF-XSim-101] Fetching design files from 'sim_1'...
INFO: [USF-XSim-2] XSim::Compile design
INFO: [USF-XSim-61] Executing 'COMPILE and ANALYZE' step in 'C:/Users/flavi/Desktop/Perceptron_network/MLP/MLP.sim/sim_1/behav/xsim'
"xvhdl --incr --relax -prj simulation_Layer_vhdl.prj"
INFO: [VRFC 10-163] Analyzing VHDL file "C:/Users/flavi/Desktop/Perceptron_network/MLP/MLP.srcs/sim_1/new/simulation_Layer.vhd" into library xil_defaultlib
INFO: [VRFC 10-3107] analyzing entity 'simulation_Layer'
INFO: [USF-XSim-69] 'compile' step finished in '1' seconds
INFO: [USF-XSim-3] XSim::Elaborate design
INFO: [USF-XSim-61] Executing 'ELABORATE' step in 'C:/Users/flavi/Desktop/Perceptron_network/MLP/MLP.sim/sim_1/behav/xsim'
"xelab --incr --debug typical --relax --mt 2 -L xil_defaultlib -L secureip --snapshot simulation_Layer_behav xil_defaultlib.simulation_Layer -log elaborate.log"
Vivado Simulator v2025.2
Copyright 1986-2022 Xilinx, Inc. All Rights Reserved.
Copyright 2022-2025 Advanced Micro Devices, Inc. All Rights Reserved.
Running: C:/Program/2025.2/Vivado/bin/unwrapped/win64.o/xelab.exe --incr --debug typical --relax --mt 2 -L xil_defaultlib -L secureip --snapshot simulation_Layer_behav xil_defaultlib.simulation_Layer -log elaborate.log 
Using 2 slave threads.
Starting static elaboration
Completed static elaboration
Starting simulation data flow analysis
Completed simulation data flow analysis
Time Resolution for simulation is 1ps
Compiling package std.standard
Compiling package std.textio
Compiling package ieee.std_logic_1164
Compiling package ieee.std_logic_arith
Compiling package ieee.std_logic_unsigned
Compiling package ieee.numeric_std
Compiling architecture behavioral of entity xil_defaultlib.Perceptron_BRAM [perceptron_bram_default]
Compiling architecture rtl of entity xil_defaultlib.WEIGHTS [weights_default]
Compiling architecture behavioral of entity xil_defaultlib.Layer [layer_default]
Compiling architecture bench of entity xil_defaultlib.simulation_layer
Built simulation snapshot simulation_Layer_behav
INFO: [USF-XSim-69] 'elaborate' step finished in '2' seconds
INFO: [USF-XSim-4] XSim::Simulate design
INFO: [USF-XSim-61] Executing 'SIMULATE' step in 'C:/Users/flavi/Desktop/Perceptron_network/MLP/MLP.sim/sim_1/behav/xsim'
INFO: [USF-XSim-98] *** Running xsim
   with args "simulation_Layer_behav -key {Behavioral:sim_1:Functional:simulation_Layer} -tclbatch {simulation_Layer.tcl} -view {C:/Users/flavi/Desktop/Perceptron_network/MLP/simulation_Perceptron_CONFIG.wcfg} -log {simulate.log}"
INFO: [USF-XSim-8] Loading simulator feature
Time resolution is 1 ps
open_wave_config C:/Users/flavi/Desktop/Perceptron_network/MLP/simulation_Perceptron_CONFIG.wcfg
source simulation_Layer.tcl
# set curr_wave [current_wave_config]
# if { [string length $curr_wave] == 0 } {
#   if { [llength [get_objects]] > 0} {
#     add_wave /
#     set_property needs_save false [current_wave_config]
#   } else {
#      send_msg_id Add_Wave-1 WARNING "No top level signals found. Simulator will start without a wave window. If you want to open a wave window go to 'File->New Waveform Configuration' or type 'create_wave_config' in the TCL console."
#   }
# }
# run 1000ns
INFO: [USF-XSim-96] XSim completed. Design snapshot 'simulation_Layer_behav' loaded.
INFO: [USF-XSim-97] XSim simulation ran for 1000ns
launch_simulation: Time (s): cpu = 00:00:03 ; elapsed = 00:00:05 . Memory (MB): peak = 3948.363 ; gain = 0.000
run 16 us
WARNING: [filemgmt 56-199] Attempt to get parsing info during refresh. "On-the-fly" syntax checking information may be incorrect. [C:\Users\flavi\Desktop\Perceptron_network\MLP\MLP.srcs\sources_1\new\WEIGHTS.vhd:]
WARNING: [filemgmt 56-199] Attempt to get parsing info during refresh. "On-the-fly" syntax checking information may be incorrect. [C:\Users\flavi\Desktop\Perceptron_network\MLP\MLP.srcs\sources_1\new\Layer.vhd:]
WARNING: [filemgmt 56-199] Attempt to get parsing info during refresh. "On-the-fly" syntax checking information may be incorrect. [C:\Users\flavi\Desktop\Perceptron_network\MLP\MLP.srcs\sim_1\new\simulation_Layer.vhd:]
WARNING: [filemgmt 56-199] Attempt to get parsing info during refresh. "On-the-fly" syntax checking information may be incorrect. [C:\Users\flavi\Desktop\Perceptron_network\MLP\MLP.srcs\sources_1\new\Perceptron_BRAM.vhd:]
WARNING: [filemgmt 56-199] Attempt to get parsing info during refresh. "On-the-fly" syntax checking information may be incorrect. [C:\Users\flavi\Desktop\Perceptron_network\MLP\MLP.srcs\sources_1\new\Layer.vhd:]
WARNING: [filemgmt 56-199] Attempt to get parsing info during refresh. "On-the-fly" syntax checking information may be incorrect. [C:\Users\flavi\Desktop\Perceptron_network\MLP\MLP.srcs\sources_1\new\Layer.vhd:]
WARNING: [filemgmt 56-199] Attempt to get parsing info during refresh. "On-the-fly" syntax checking information may be incorrect. [C:\Users\flavi\Desktop\Perceptron_network\MLP\MLP.srcs\sources_1\new\WEIGHTS.vhd:]
WARNING: [filemgmt 56-199] Attempt to get parsing info during refresh. "On-the-fly" syntax checking information may be incorrect. [C:\Users\flavi\Desktop\Perceptron_network\MLP\MLP.srcs\sources_1\new\Layer.vhd:]
WARNING: [filemgmt 56-199] Attempt to get parsing info during refresh. "On-the-fly" syntax checking information may be incorrect. [C:\Users\flavi\Desktop\Perceptron_network\MLP\MLP.srcs\sim_1\new\simulation_Layer.vhd:]
WARNING: [filemgmt 56-199] Attempt to get parsing info during refresh. "On-the-fly" syntax checking information may be incorrect. [C:\Users\flavi\Desktop\Perceptron_network\MLP\MLP.srcs\sources_1\new\Perceptron_BRAM.vhd:]
WARNING: [filemgmt 56-199] Attempt to get parsing info during refresh. "On-the-fly" syntax checking information may be incorrect. [C:\Users\flavi\Desktop\Perceptron_network\MLP\MLP.srcs\sources_1\new\Perceptron_BRAM.vhd:]
WARNING: [filemgmt 56-199] Attempt to get parsing info during refresh. "On-the-fly" syntax checking information may be incorrect. [C:\Users\flavi\Desktop\Perceptron_network\MLP\MLP.srcs\sources_1\new\Perceptron_BRAM.vhd:]
WARNING: [filemgmt 56-199] Attempt to get parsing info during refresh. "On-the-fly" syntax checking information may be incorrect. [C:\Users\flavi\Desktop\Perceptron_network\MLP\MLP.srcs\sources_1\new\WEIGHTS.vhd:]
WARNING: [filemgmt 56-199] Attempt to get parsing info during refresh. "On-the-fly" syntax checking information may be incorrect. [C:\Users\flavi\Desktop\Perceptron_network\MLP\MLP.srcs\sources_1\new\Layer.vhd:]
WARNING: [filemgmt 56-199] Attempt to get parsing info during refresh. "On-the-fly" syntax checking information may be incorrect. [C:\Users\flavi\Desktop\Perceptron_network\MLP\MLP.srcs\sim_1\new\simulation_Layer.vhd:]
WARNING: [filemgmt 56-199] Attempt to get parsing info during refresh. "On-the-fly" syntax checking information may be incorrect. [C:\Users\flavi\Desktop\Perceptron_network\MLP\MLP.srcs\sources_1\new\Perceptron_BRAM.vhd:]
WARNING: [filemgmt 56-199] Attempt to get parsing info during refresh. "On-the-fly" syntax checking information may be incorrect. [C:\Users\flavi\Desktop\Perceptron_network\MLP\MLP.srcs\sim_1\new\simulation_Layer.vhd:]
WARNING: [filemgmt 56-199] Attempt to get parsing info during refresh. "On-the-fly" syntax checking information may be incorrect. [C:\Users\flavi\Desktop\Perceptron_network\MLP\MLP.srcs\sim_1\new\simulation_Layer.vhd:]
close_sim
INFO: [Simtcl 6-16] Simulation closed
launch_simulation
Command: launch_simulation 
INFO: [Vivado 12-25911] Executing simulation for 'XSim' simulator
INFO: [Vivado 12-28535] Process started - Thu Jan 29 21:11:50 2026

INFO: [Vivado 12-12493] Simulation top is 'simulation_Layer'
INFO: [Vivado 12-5682] Launching behavioral simulation in 'C:/Users/flavi/Desktop/Perceptron_network/MLP/MLP.sim/sim_1/behav/xsim'
INFO: [SIM-utils-51] Simulation object is 'sim_1'
INFO: [SIM-utils-72] Using boost library from 'C:/Program/2025.2/Vivado/tps/boost_1_72_0'
INFO: [SIM-utils-54] Inspecting design source files for 'simulation_Layer' in fileset 'sim_1'...
INFO: [USF-XSim-97] Finding global include files...
INFO: [USF-XSim-100] Fetching design files from 'sources_1'...(this may take a while)...
INFO: [USF-XSim-101] Fetching design files from 'sim_1'...
INFO: [USF-XSim-2] XSim::Compile design
INFO: [USF-XSim-61] Executing 'COMPILE and ANALYZE' step in 'C:/Users/flavi/Desktop/Perceptron_network/MLP/MLP.sim/sim_1/behav/xsim'
"xvhdl --incr --relax -prj simulation_Layer_vhdl.prj"
INFO: [VRFC 10-163] Analyzing VHDL file "C:/Users/flavi/Desktop/Perceptron_network/MLP/MLP.srcs/sim_1/new/simulation_Layer.vhd" into library xil_defaultlib
INFO: [VRFC 10-3107] analyzing entity 'simulation_Layer'
INFO: [USF-XSim-69] 'compile' step finished in '1' seconds
INFO: [USF-XSim-3] XSim::Elaborate design
INFO: [USF-XSim-61] Executing 'ELABORATE' step in 'C:/Users/flavi/Desktop/Perceptron_network/MLP/MLP.sim/sim_1/behav/xsim'
"xelab --incr --debug typical --relax --mt 2 -L xil_defaultlib -L secureip --snapshot simulation_Layer_behav xil_defaultlib.simulation_Layer -log elaborate.log"
Vivado Simulator v2025.2
Copyright 1986-2022 Xilinx, Inc. All Rights Reserved.
Copyright 2022-2025 Advanced Micro Devices, Inc. All Rights Reserved.
Running: C:/Program/2025.2/Vivado/bin/unwrapped/win64.o/xelab.exe --incr --debug typical --relax --mt 2 -L xil_defaultlib -L secureip --snapshot simulation_Layer_behav xil_defaultlib.simulation_Layer -log elaborate.log 
Using 2 slave threads.
Starting static elaboration
Completed static elaboration
Starting simulation data flow analysis
Completed simulation data flow analysis
Time Resolution for simulation is 1ps
Compiling package std.standard
Compiling package std.textio
Compiling package ieee.std_logic_1164
Compiling package ieee.std_logic_arith
Compiling package ieee.std_logic_unsigned
Compiling package ieee.numeric_std
Compiling architecture behavioral of entity xil_defaultlib.Perceptron_BRAM [perceptron_bram_default]
Compiling architecture rtl of entity xil_defaultlib.WEIGHTS [weights_default]
Compiling architecture behavioral of entity xil_defaultlib.Layer [layer_default]
Compiling architecture bench of entity xil_defaultlib.simulation_layer
Built simulation snapshot simulation_Layer_behav
INFO: [USF-XSim-69] 'elaborate' step finished in '2' seconds
INFO: [USF-XSim-4] XSim::Simulate design
INFO: [USF-XSim-61] Executing 'SIMULATE' step in 'C:/Users/flavi/Desktop/Perceptron_network/MLP/MLP.sim/sim_1/behav/xsim'
INFO: [USF-XSim-98] *** Running xsim
   with args "simulation_Layer_behav -key {Behavioral:sim_1:Functional:simulation_Layer} -tclbatch {simulation_Layer.tcl} -view {C:/Users/flavi/Desktop/Perceptron_network/MLP/simulation_Perceptron_CONFIG.wcfg} -log {simulate.log}"
INFO: [USF-XSim-8] Loading simulator feature
Time resolution is 1 ps
open_wave_config C:/Users/flavi/Desktop/Perceptron_network/MLP/simulation_Perceptron_CONFIG.wcfg
source simulation_Layer.tcl
# set curr_wave [current_wave_config]
# if { [string length $curr_wave] == 0 } {
#   if { [llength [get_objects]] > 0} {
#     add_wave /
#     set_property needs_save false [current_wave_config]
#   } else {
#      send_msg_id Add_Wave-1 WARNING "No top level signals found. Simulator will start without a wave window. If you want to open a wave window go to 'File->New Waveform Configuration' or type 'create_wave_config' in the TCL console."
#   }
# }
# run 1000ns
INFO: [USF-XSim-96] XSim completed. Design snapshot 'simulation_Layer_behav' loaded.
INFO: [USF-XSim-97] XSim simulation ran for 1000ns
launch_simulation: Time (s): cpu = 00:00:03 ; elapsed = 00:00:06 . Memory (MB): peak = 3948.363 ; gain = 0.000
run 16 us
WARNING: [filemgmt 56-199] Attempt to get parsing info during refresh. "On-the-fly" syntax checking information may be incorrect. [C:\Users\flavi\Desktop\Perceptron_network\MLP\MLP.srcs\sources_1\new\WEIGHTS.vhd:]
WARNING: [filemgmt 56-199] Attempt to get parsing info during refresh. "On-the-fly" syntax checking information may be incorrect. [C:\Users\flavi\Desktop\Perceptron_network\MLP\MLP.srcs\sources_1\new\Layer.vhd:]
WARNING: [filemgmt 56-199] Attempt to get parsing info during refresh. "On-the-fly" syntax checking information may be incorrect. [C:\Users\flavi\Desktop\Perceptron_network\MLP\MLP.srcs\sim_1\new\simulation_Layer.vhd:]
WARNING: [filemgmt 56-199] Attempt to get parsing info during refresh. "On-the-fly" syntax checking information may be incorrect. [C:\Users\flavi\Desktop\Perceptron_network\MLP\MLP.srcs\sources_1\new\Perceptron_BRAM.vhd:]
WARNING: [filemgmt 56-199] Attempt to get parsing info during refresh. "On-the-fly" syntax checking information may be incorrect. [C:\Users\flavi\Desktop\Perceptron_network\MLP\MLP.srcs\sim_1\new\simulation_Layer.vhd:]
WARNING: [filemgmt 56-199] Attempt to get parsing info during refresh. "On-the-fly" syntax checking information may be incorrect. [C:\Users\flavi\Desktop\Perceptron_network\MLP\MLP.srcs\sim_1\new\simulation_Layer.vhd:]
WARNING: [filemgmt 56-199] Attempt to get parsing info during refresh. "On-the-fly" syntax checking information may be incorrect. [C:\Users\flavi\Desktop\Perceptron_network\MLP\MLP.srcs\sources_1\new\WEIGHTS.vhd:]
WARNING: [filemgmt 56-199] Attempt to get parsing info during refresh. "On-the-fly" syntax checking information may be incorrect. [C:\Users\flavi\Desktop\Perceptron_network\MLP\MLP.srcs\sources_1\new\Layer.vhd:]
WARNING: [filemgmt 56-199] Attempt to get parsing info during refresh. "On-the-fly" syntax checking information may be incorrect. [C:\Users\flavi\Desktop\Perceptron_network\MLP\MLP.srcs\sim_1\new\simulation_Layer.vhd:]
WARNING: [filemgmt 56-199] Attempt to get parsing info during refresh. "On-the-fly" syntax checking information may be incorrect. [C:\Users\flavi\Desktop\Perceptron_network\MLP\MLP.srcs\sources_1\new\Perceptron_BRAM.vhd:]
WARNING: [filemgmt 56-199] Attempt to get parsing info during refresh. "On-the-fly" syntax checking information may be incorrect. [C:\Users\flavi\Desktop\Perceptron_network\MLP\MLP.srcs\sources_1\new\Perceptron_BRAM.vhd:]
WARNING: [filemgmt 56-199] Attempt to get parsing info during refresh. "On-the-fly" syntax checking information may be incorrect. [C:\Users\flavi\Desktop\Perceptron_network\MLP\MLP.srcs\sources_1\new\Perceptron_BRAM.vhd:]
WARNING: [filemgmt 56-199] Attempt to get parsing info during refresh. "On-the-fly" syntax checking information may be incorrect. [C:\Users\flavi\Desktop\Perceptron_network\MLP\MLP.srcs\sources_1\new\WEIGHTS.vhd:]
WARNING: [filemgmt 56-199] Attempt to get parsing info during refresh. "On-the-fly" syntax checking information may be incorrect. [C:\Users\flavi\Desktop\Perceptron_network\MLP\MLP.srcs\sources_1\new\Layer.vhd:]
WARNING: [filemgmt 56-199] Attempt to get parsing info during refresh. "On-the-fly" syntax checking information may be incorrect. [C:\Users\flavi\Desktop\Perceptron_network\MLP\MLP.srcs\sim_1\new\simulation_Layer.vhd:]
WARNING: [filemgmt 56-199] Attempt to get parsing info during refresh. "On-the-fly" syntax checking information may be incorrect. [C:\Users\flavi\Desktop\Perceptron_network\MLP\MLP.srcs\sources_1\new\Perceptron_BRAM.vhd:]
WARNING: [filemgmt 56-199] Attempt to get parsing info during refresh. "On-the-fly" syntax checking information may be incorrect. [C:\Users\flavi\Desktop\Perceptron_network\MLP\MLP.srcs\sources_1\new\WEIGHTS.vhd:]
WARNING: [filemgmt 56-199] Attempt to get parsing info during refresh. "On-the-fly" syntax checking information may be incorrect. [C:\Users\flavi\Desktop\Perceptron_network\MLP\MLP.srcs\sources_1\new\WEIGHTS.vhd:]
ERROR: [Common 17-180] Spawn failed: The operation completed successfully.

close_sim
INFO: [Simtcl 6-16] Simulation closed
launch_simulation
Command: launch_simulation 
INFO: [Vivado 12-25911] Executing simulation for 'XSim' simulator
INFO: [Vivado 12-28535] Process started - Thu Jan 29 21:13:52 2026

INFO: [Vivado 12-12493] Simulation top is 'simulation_Layer'
INFO: [Vivado 12-5682] Launching behavioral simulation in 'C:/Users/flavi/Desktop/Perceptron_network/MLP/MLP.sim/sim_1/behav/xsim'
INFO: [SIM-utils-51] Simulation object is 'sim_1'
INFO: [SIM-utils-72] Using boost library from 'C:/Program/2025.2/Vivado/tps/boost_1_72_0'
INFO: [SIM-utils-54] Inspecting design source files for 'simulation_Layer' in fileset 'sim_1'...
INFO: [USF-XSim-97] Finding global include files...
INFO: [USF-XSim-100] Fetching design files from 'sources_1'...(this may take a while)...
INFO: [USF-XSim-101] Fetching design files from 'sim_1'...
INFO: [USF-XSim-2] XSim::Compile design
INFO: [USF-XSim-61] Executing 'COMPILE and ANALYZE' step in 'C:/Users/flavi/Desktop/Perceptron_network/MLP/MLP.sim/sim_1/behav/xsim'
"xvhdl --incr --relax -prj simulation_Layer_vhdl.prj"
INFO: [VRFC 10-163] Analyzing VHDL file "C:/Users/flavi/Desktop/Perceptron_network/MLP/MLP.srcs/sources_1/new/Perceptron_BRAM.vhd" into library xil_defaultlib
INFO: [VRFC 10-3107] analyzing entity 'Perceptron_BRAM'
INFO: [VRFC 10-163] Analyzing VHDL file "C:/Users/flavi/Desktop/Perceptron_network/MLP/MLP.srcs/sources_1/new/Layer.vhd" into library xil_defaultlib
INFO: [VRFC 10-3107] analyzing entity 'Layer'
INFO: [USF-XSim-69] 'compile' step finished in '1' seconds
INFO: [USF-XSim-3] XSim::Elaborate design
INFO: [USF-XSim-61] Executing 'ELABORATE' step in 'C:/Users/flavi/Desktop/Perceptron_network/MLP/MLP.sim/sim_1/behav/xsim'
"xelab --incr --debug typical --relax --mt 2 -L xil_defaultlib -L secureip --snapshot simulation_Layer_behav xil_defaultlib.simulation_Layer -log elaborate.log"
Vivado Simulator v2025.2
Copyright 1986-2022 Xilinx, Inc. All Rights Reserved.
Copyright 2022-2025 Advanced Micro Devices, Inc. All Rights Reserved.
Running: C:/Program/2025.2/Vivado/bin/unwrapped/win64.o/xelab.exe --incr --debug typical --relax --mt 2 -L xil_defaultlib -L secureip --snapshot simulation_Layer_behav xil_defaultlib.simulation_Layer -log elaborate.log 
Using 2 slave threads.
Starting static elaboration
Completed static elaboration
Starting simulation data flow analysis
Completed simulation data flow analysis
Time Resolution for simulation is 1ps
Compiling package std.standard
Compiling package std.textio
Compiling package ieee.std_logic_1164
Compiling package ieee.std_logic_arith
Compiling package ieee.std_logic_unsigned
Compiling package ieee.numeric_std
Compiling architecture behavioral of entity xil_defaultlib.Perceptron_BRAM [perceptron_bram_default]
Compiling architecture rtl of entity xil_defaultlib.WEIGHTS [weights_default]
Compiling architecture behavioral of entity xil_defaultlib.Layer [layer_default]
Compiling architecture bench of entity xil_defaultlib.simulation_layer
Built simulation snapshot simulation_Layer_behav
INFO: [USF-XSim-69] 'elaborate' step finished in '1' seconds
INFO: [USF-XSim-4] XSim::Simulate design
INFO: [USF-XSim-61] Executing 'SIMULATE' step in 'C:/Users/flavi/Desktop/Perceptron_network/MLP/MLP.sim/sim_1/behav/xsim'
INFO: [USF-XSim-98] *** Running xsim
   with args "simulation_Layer_behav -key {Behavioral:sim_1:Functional:simulation_Layer} -tclbatch {simulation_Layer.tcl} -view {C:/Users/flavi/Desktop/Perceptron_network/MLP/simulation_Perceptron_CONFIG.wcfg} -log {simulate.log}"
INFO: [USF-XSim-8] Loading simulator feature
Time resolution is 1 ps
open_wave_config C:/Users/flavi/Desktop/Perceptron_network/MLP/simulation_Perceptron_CONFIG.wcfg
source simulation_Layer.tcl
# set curr_wave [current_wave_config]
# if { [string length $curr_wave] == 0 } {
#   if { [llength [get_objects]] > 0} {
#     add_wave /
#     set_property needs_save false [current_wave_config]
#   } else {
#      send_msg_id Add_Wave-1 WARNING "No top level signals found. Simulator will start without a wave window. If you want to open a wave window go to 'File->New Waveform Configuration' or type 'create_wave_config' in the TCL console."
#   }
# }
# run 1000ns
INFO: [USF-XSim-96] XSim completed. Design snapshot 'simulation_Layer_behav' loaded.
INFO: [USF-XSim-97] XSim simulation ran for 1000ns
launch_simulation: Time (s): cpu = 00:00:03 ; elapsed = 00:00:07 . Memory (MB): peak = 3948.363 ; gain = 0.000
WARNING: [filemgmt 56-199] Attempt to get parsing info during refresh. "On-the-fly" syntax checking information may be incorrect. [C:\Users\flavi\Desktop\Perceptron_network\MLP\MLP.srcs\sources_1\new\WEIGHTS.vhd:]
WARNING: [filemgmt 56-199] Attempt to get parsing info during refresh. "On-the-fly" syntax checking information may be incorrect. [C:\Users\flavi\Desktop\Perceptron_network\MLP\MLP.srcs\sources_1\new\Layer.vhd:]
WARNING: [filemgmt 56-199] Attempt to get parsing info during refresh. "On-the-fly" syntax checking information may be incorrect. [C:\Users\flavi\Desktop\Perceptron_network\MLP\MLP.srcs\sim_1\new\simulation_Layer.vhd:]
WARNING: [filemgmt 56-199] Attempt to get parsing info during refresh. "On-the-fly" syntax checking information may be incorrect. [C:\Users\flavi\Desktop\Perceptron_network\MLP\MLP.srcs\sources_1\new\Perceptron_BRAM.vhd:]
WARNING: [filemgmt 56-199] Attempt to get parsing info during refresh. "On-the-fly" syntax checking information may be incorrect. [C:\Users\flavi\Desktop\Perceptron_network\MLP\MLP.srcs\sources_1\new\Layer.vhd:]
WARNING: [filemgmt 56-199] Attempt to get parsing info during refresh. "On-the-fly" syntax checking information may be incorrect. [C:\Users\flavi\Desktop\Perceptron_network\MLP\MLP.srcs\sources_1\new\Layer.vhd:]
WARNING: [filemgmt 56-199] Attempt to get parsing info during refresh. "On-the-fly" syntax checking information may be incorrect. [C:\Users\flavi\Desktop\Perceptron_network\MLP\MLP.srcs\sources_1\new\WEIGHTS.vhd:]
WARNING: [filemgmt 56-199] Attempt to get parsing info during refresh. "On-the-fly" syntax checking information may be incorrect. [C:\Users\flavi\Desktop\Perceptron_network\MLP\MLP.srcs\sources_1\new\Layer.vhd:]
WARNING: [filemgmt 56-199] Attempt to get parsing info during refresh. "On-the-fly" syntax checking information may be incorrect. [C:\Users\flavi\Desktop\Perceptron_network\MLP\MLP.srcs\sim_1\new\simulation_Layer.vhd:]
WARNING: [filemgmt 56-199] Attempt to get parsing info during refresh. "On-the-fly" syntax checking information may be incorrect. [C:\Users\flavi\Desktop\Perceptron_network\MLP\MLP.srcs\sources_1\new\Perceptron_BRAM.vhd:]
WARNING: [filemgmt 56-199] Attempt to get parsing info during refresh. "On-the-fly" syntax checking information may be incorrect. [C:\Users\flavi\Desktop\Perceptron_network\MLP\MLP.srcs\sources_1\new\WEIGHTS.vhd:]
WARNING: [filemgmt 56-199] Attempt to get parsing info during refresh. "On-the-fly" syntax checking information may be incorrect. [C:\Users\flavi\Desktop\Perceptron_network\MLP\MLP.srcs\sources_1\new\WEIGHTS.vhd:]
close_sim
ERROR: [Common 17-180] Spawn failed: The operation completed successfully.

INFO: [Simtcl 6-16] Simulation closed
ERROR: [Common 17-39] 'close_sim' failed due to earlier errors.
launch_simulation
Command: launch_simulation 
INFO: [Vivado 12-25911] Executing simulation for 'XSim' simulator
INFO: [Vivado 12-28535] Process started - Thu Jan 29 21:18:22 2026

INFO: [Vivado 12-12493] Simulation top is 'simulation_Layer'
INFO: [Vivado 12-5682] Launching behavioral simulation in 'C:/Users/flavi/Desktop/Perceptron_network/MLP/MLP.sim/sim_1/behav/xsim'
INFO: [SIM-utils-51] Simulation object is 'sim_1'
INFO: [SIM-utils-72] Using boost library from 'C:/Program/2025.2/Vivado/tps/boost_1_72_0'
INFO: [SIM-utils-54] Inspecting design source files for 'simulation_Layer' in fileset 'sim_1'...
INFO: [USF-XSim-97] Finding global include files...
INFO: [USF-XSim-100] Fetching design files from 'sources_1'...(this may take a while)...
INFO: [USF-XSim-101] Fetching design files from 'sim_1'...
INFO: [USF-XSim-2] XSim::Compile design
INFO: [USF-XSim-61] Executing 'COMPILE and ANALYZE' step in 'C:/Users/flavi/Desktop/Perceptron_network/MLP/MLP.sim/sim_1/behav/xsim'
"xvhdl --incr --relax -prj simulation_Layer_vhdl.prj"
INFO: [VRFC 10-163] Analyzing VHDL file "C:/Users/flavi/Desktop/Perceptron_network/MLP/MLP.srcs/sources_1/new/Perceptron_BRAM.vhd" into library xil_defaultlib
INFO: [VRFC 10-3107] analyzing entity 'Perceptron_BRAM'
INFO: [VRFC 10-163] Analyzing VHDL file "C:/Users/flavi/Desktop/Perceptron_network/MLP/MLP.srcs/sources_1/new/Layer.vhd" into library xil_defaultlib
INFO: [VRFC 10-3107] analyzing entity 'Layer'
INFO: [USF-XSim-69] 'compile' step finished in '1' seconds
INFO: [USF-XSim-3] XSim::Elaborate design
INFO: [USF-XSim-61] Executing 'ELABORATE' step in 'C:/Users/flavi/Desktop/Perceptron_network/MLP/MLP.sim/sim_1/behav/xsim'
"xelab --incr --debug typical --relax --mt 2 -L xil_defaultlib -L secureip --snapshot simulation_Layer_behav xil_defaultlib.simulation_Layer -log elaborate.log"
Vivado Simulator v2025.2
Copyright 1986-2022 Xilinx, Inc. All Rights Reserved.
Copyright 2022-2025 Advanced Micro Devices, Inc. All Rights Reserved.
Running: C:/Program/2025.2/Vivado/bin/unwrapped/win64.o/xelab.exe --incr --debug typical --relax --mt 2 -L xil_defaultlib -L secureip --snapshot simulation_Layer_behav xil_defaultlib.simulation_Layer -log elaborate.log 
Using 2 slave threads.
Starting static elaboration
Completed static elaboration
Starting simulation data flow analysis
Completed simulation data flow analysis
Time Resolution for simulation is 1ps
Compiling package std.standard
Compiling package std.textio
Compiling package ieee.std_logic_1164
Compiling package ieee.std_logic_arith
Compiling package ieee.std_logic_unsigned
Compiling package ieee.numeric_std
Compiling architecture behavioral of entity xil_defaultlib.Perceptron_BRAM [perceptron_bram_default]
Compiling architecture rtl of entity xil_defaultlib.WEIGHTS [weights_default]
Compiling architecture behavioral of entity xil_defaultlib.Layer [layer_default]
Compiling architecture bench of entity xil_defaultlib.simulation_layer
Built simulation snapshot simulation_Layer_behav
INFO: [USF-XSim-69] 'elaborate' step finished in '2' seconds
INFO: [USF-XSim-4] XSim::Simulate design
INFO: [USF-XSim-61] Executing 'SIMULATE' step in 'C:/Users/flavi/Desktop/Perceptron_network/MLP/MLP.sim/sim_1/behav/xsim'
INFO: [USF-XSim-98] *** Running xsim
   with args "simulation_Layer_behav -key {Behavioral:sim_1:Functional:simulation_Layer} -tclbatch {simulation_Layer.tcl} -view {C:/Users/flavi/Desktop/Perceptron_network/MLP/simulation_Perceptron_CONFIG.wcfg} -log {simulate.log}"
INFO: [USF-XSim-8] Loading simulator feature
Time resolution is 1 ps
open_wave_config C:/Users/flavi/Desktop/Perceptron_network/MLP/simulation_Perceptron_CONFIG.wcfg
source simulation_Layer.tcl
# set curr_wave [current_wave_config]
# if { [string length $curr_wave] == 0 } {
#   if { [llength [get_objects]] > 0} {
#     add_wave /
#     set_property needs_save false [current_wave_config]
#   } else {
#      send_msg_id Add_Wave-1 WARNING "No top level signals found. Simulator will start without a wave window. If you want to open a wave window go to 'File->New Waveform Configuration' or type 'create_wave_config' in the TCL console."
#   }
# }
# run 1000ns
INFO: [USF-XSim-96] XSim completed. Design snapshot 'simulation_Layer_behav' loaded.
INFO: [USF-XSim-97] XSim simulation ran for 1000ns
launch_simulation: Time (s): cpu = 00:00:02 ; elapsed = 00:00:07 . Memory (MB): peak = 3948.363 ; gain = 0.000
run 16 us
close_sim
INFO: [Simtcl 6-16] Simulation closed
WARNING: [filemgmt 56-199] Attempt to get parsing info during refresh. "On-the-fly" syntax checking information may be incorrect. [C:\Users\flavi\Desktop\Perceptron_network\MLP\MLP.srcs\sources_1\new\WEIGHTS.vhd:]
WARNING: [filemgmt 56-199] Attempt to get parsing info during refresh. "On-the-fly" syntax checking information may be incorrect. [C:\Users\flavi\Desktop\Perceptron_network\MLP\MLP.srcs\sources_1\new\Layer.vhd:]
WARNING: [filemgmt 56-199] Attempt to get parsing info during refresh. "On-the-fly" syntax checking information may be incorrect. [C:\Users\flavi\Desktop\Perceptron_network\MLP\MLP.srcs\sim_1\new\simulation_Layer.vhd:]
WARNING: [filemgmt 56-199] Attempt to get parsing info during refresh. "On-the-fly" syntax checking information may be incorrect. [C:\Users\flavi\Desktop\Perceptron_network\MLP\MLP.srcs\sources_1\new\Perceptron_BRAM.vhd:]
WARNING: [filemgmt 56-199] Attempt to get parsing info during refresh. "On-the-fly" syntax checking information may be incorrect. [C:\Users\flavi\Desktop\Perceptron_network\MLP\MLP.srcs\sources_1\new\WEIGHTS.vhd:]
WARNING: [filemgmt 56-199] Attempt to get parsing info during refresh. "On-the-fly" syntax checking information may be incorrect. [C:\Users\flavi\Desktop\Perceptron_network\MLP\MLP.srcs\sources_1\new\WEIGHTS.vhd:]
ERROR: [Common 17-180] Spawn failed: The operation completed successfully.

WARNING: [filemgmt 56-199] Attempt to get parsing info during refresh. "On-the-fly" syntax checking information may be incorrect. [C:\Users\flavi\Desktop\Perceptron_network\MLP\MLP.srcs\sources_1\new\WEIGHTS.vhd:]
WARNING: [filemgmt 56-199] Attempt to get parsing info during refresh. "On-the-fly" syntax checking information may be incorrect. [C:\Users\flavi\Desktop\Perceptron_network\MLP\MLP.srcs\sources_1\new\Layer.vhd:]
WARNING: [filemgmt 56-199] Attempt to get parsing info during refresh. "On-the-fly" syntax checking information may be incorrect. [C:\Users\flavi\Desktop\Perceptron_network\MLP\MLP.srcs\sim_1\new\simulation_Layer.vhd:]
WARNING: [filemgmt 56-199] Attempt to get parsing info during refresh. "On-the-fly" syntax checking information may be incorrect. [C:\Users\flavi\Desktop\Perceptron_network\MLP\MLP.srcs\sources_1\new\Perceptron_BRAM.vhd:]
WARNING: [filemgmt 56-199] Attempt to get parsing info during refresh. "On-the-fly" syntax checking information may be incorrect. [C:\Users\flavi\Desktop\Perceptron_network\MLP\MLP.srcs\sources_1\new\Layer.vhd:]
WARNING: [filemgmt 56-199] Attempt to get parsing info during refresh. "On-the-fly" syntax checking information may be incorrect. [C:\Users\flavi\Desktop\Perceptron_network\MLP\MLP.srcs\sources_1\new\Layer.vhd:]
WARNING: [filemgmt 56-199] Attempt to get parsing info during refresh. "On-the-fly" syntax checking information may be incorrect. [C:\Users\flavi\Desktop\Perceptron_network\MLP\MLP.srcs\sources_1\new\WEIGHTS.vhd:]
WARNING: [filemgmt 56-199] Attempt to get parsing info during refresh. "On-the-fly" syntax checking information may be incorrect. [C:\Users\flavi\Desktop\Perceptron_network\MLP\MLP.srcs\sources_1\new\Layer.vhd:]
WARNING: [filemgmt 56-199] Attempt to get parsing info during refresh. "On-the-fly" syntax checking information may be incorrect. [C:\Users\flavi\Desktop\Perceptron_network\MLP\MLP.srcs\sim_1\new\simulation_Layer.vhd:]
WARNING: [filemgmt 56-199] Attempt to get parsing info during refresh. "On-the-fly" syntax checking information may be incorrect. [C:\Users\flavi\Desktop\Perceptron_network\MLP\MLP.srcs\sources_1\new\Perceptron_BRAM.vhd:]
WARNING: [filemgmt 56-199] Attempt to get parsing info during refresh. "On-the-fly" syntax checking information may be incorrect. [C:\Users\flavi\Desktop\Perceptron_network\MLP\MLP.srcs\sources_1\new\WEIGHTS.vhd:]
WARNING: [filemgmt 56-199] Attempt to get parsing info during refresh. "On-the-fly" syntax checking information may be incorrect. [C:\Users\flavi\Desktop\Perceptron_network\MLP\MLP.srcs\sources_1\new\WEIGHTS.vhd:]
ERROR: [Common 17-180] Spawn failed: The operation completed successfully.

WARNING: [filemgmt 56-199] Attempt to get parsing info during refresh. "On-the-fly" syntax checking information may be incorrect. [C:\Users\flavi\Desktop\Perceptron_network\MLP\MLP.srcs\sources_1\new\WEIGHTS.vhd:]
WARNING: [filemgmt 56-199] Attempt to get parsing info during refresh. "On-the-fly" syntax checking information may be incorrect. [C:\Users\flavi\Desktop\Perceptron_network\MLP\MLP.srcs\sources_1\new\Layer.vhd:]
WARNING: [filemgmt 56-199] Attempt to get parsing info during refresh. "On-the-fly" syntax checking information may be incorrect. [C:\Users\flavi\Desktop\Perceptron_network\MLP\MLP.srcs\sim_1\new\simulation_Layer.vhd:]
WARNING: [filemgmt 56-199] Attempt to get parsing info during refresh. "On-the-fly" syntax checking information may be incorrect. [C:\Users\flavi\Desktop\Perceptron_network\MLP\MLP.srcs\sources_1\new\Perceptron_BRAM.vhd:]
WARNING: [filemgmt 56-199] Attempt to get parsing info during refresh. "On-the-fly" syntax checking information may be incorrect. [C:\Users\flavi\Desktop\Perceptron_network\MLP\MLP.srcs\sources_1\new\Layer.vhd:]
WARNING: [filemgmt 56-199] Attempt to get parsing info during refresh. "On-the-fly" syntax checking information may be incorrect. [C:\Users\flavi\Desktop\Perceptron_network\MLP\MLP.srcs\sources_1\new\Layer.vhd:]
WARNING: [filemgmt 56-199] Attempt to get parsing info during refresh. "On-the-fly" syntax checking information may be incorrect. [C:\Users\flavi\Desktop\Perceptron_network\MLP\MLP.srcs\sources_1\new\WEIGHTS.vhd:]
WARNING: [filemgmt 56-199] Attempt to get parsing info during refresh. "On-the-fly" syntax checking information may be incorrect. [C:\Users\flavi\Desktop\Perceptron_network\MLP\MLP.srcs\sources_1\new\Layer.vhd:]
WARNING: [filemgmt 56-199] Attempt to get parsing info during refresh. "On-the-fly" syntax checking information may be incorrect. [C:\Users\flavi\Desktop\Perceptron_network\MLP\MLP.srcs\sim_1\new\simulation_Layer.vhd:]
WARNING: [filemgmt 56-199] Attempt to get parsing info during refresh. "On-the-fly" syntax checking information may be incorrect. [C:\Users\flavi\Desktop\Perceptron_network\MLP\MLP.srcs\sources_1\new\Perceptron_BRAM.vhd:]
WARNING: [filemgmt 56-199] Attempt to get parsing info during refresh. "On-the-fly" syntax checking information may be incorrect. [C:\Users\flavi\Desktop\Perceptron_network\MLP\MLP.srcs\sources_1\new\WEIGHTS.vhd:]
WARNING: [filemgmt 56-199] Attempt to get parsing info during refresh. "On-the-fly" syntax checking information may be incorrect. [C:\Users\flavi\Desktop\Perceptron_network\MLP\MLP.srcs\sources_1\new\WEIGHTS.vhd:]
ERROR: [Common 17-180] Spawn failed: The operation completed successfully.

launch_simulation
Command: launch_simulation 
INFO: [Vivado 12-25911] Executing simulation for 'XSim' simulator
INFO: [Vivado 12-28535] Process started - Thu Jan 29 21:30:28 2026

INFO: [Vivado 12-12493] Simulation top is 'simulation_Layer'
INFO: [Vivado 12-5682] Launching behavioral simulation in 'C:/Users/flavi/Desktop/Perceptron_network/MLP/MLP.sim/sim_1/behav/xsim'
INFO: [SIM-utils-51] Simulation object is 'sim_1'
INFO: [SIM-utils-72] Using boost library from 'C:/Program/2025.2/Vivado/tps/boost_1_72_0'
INFO: [SIM-utils-54] Inspecting design source files for 'simulation_Layer' in fileset 'sim_1'...
INFO: [USF-XSim-97] Finding global include files...
INFO: [USF-XSim-100] Fetching design files from 'sources_1'...(this may take a while)...
INFO: [USF-XSim-101] Fetching design files from 'sim_1'...
INFO: [USF-XSim-2] XSim::Compile design
INFO: [USF-XSim-61] Executing 'COMPILE and ANALYZE' step in 'C:/Users/flavi/Desktop/Perceptron_network/MLP/MLP.sim/sim_1/behav/xsim'
"xvhdl --incr --relax -prj simulation_Layer_vhdl.prj"
INFO: [VRFC 10-163] Analyzing VHDL file "C:/Users/flavi/Desktop/Perceptron_network/MLP/MLP.srcs/sources_1/new/Perceptron_BRAM.vhd" into library xil_defaultlib
INFO: [VRFC 10-3107] analyzing entity 'Perceptron_BRAM'
INFO: [VRFC 10-163] Analyzing VHDL file "C:/Users/flavi/Desktop/Perceptron_network/MLP/MLP.srcs/sources_1/new/Layer.vhd" into library xil_defaultlib
INFO: [VRFC 10-3107] analyzing entity 'Layer'
INFO: [USF-XSim-69] 'compile' step finished in '1' seconds
INFO: [USF-XSim-3] XSim::Elaborate design
INFO: [USF-XSim-61] Executing 'ELABORATE' step in 'C:/Users/flavi/Desktop/Perceptron_network/MLP/MLP.sim/sim_1/behav/xsim'
"xelab --incr --debug typical --relax --mt 2 -L xil_defaultlib -L secureip --snapshot simulation_Layer_behav xil_defaultlib.simulation_Layer -log elaborate.log"
Vivado Simulator v2025.2
Copyright 1986-2022 Xilinx, Inc. All Rights Reserved.
Copyright 2022-2025 Advanced Micro Devices, Inc. All Rights Reserved.
Running: C:/Program/2025.2/Vivado/bin/unwrapped/win64.o/xelab.exe --incr --debug typical --relax --mt 2 -L xil_defaultlib -L secureip --snapshot simulation_Layer_behav xil_defaultlib.simulation_Layer -log elaborate.log 
Using 2 slave threads.
Starting static elaboration
Completed static elaboration
Starting simulation data flow analysis
Completed simulation data flow analysis
Time Resolution for simulation is 1ps
Compiling package std.standard
Compiling package std.textio
Compiling package ieee.std_logic_1164
Compiling package ieee.std_logic_arith
Compiling package ieee.std_logic_unsigned
Compiling package ieee.numeric_std
Compiling architecture behavioral of entity xil_defaultlib.Perceptron_BRAM [perceptron_bram_default]
Compiling architecture rtl of entity xil_defaultlib.WEIGHTS [weights_default]
Compiling architecture behavioral of entity xil_defaultlib.Layer [layer_default]
Compiling architecture bench of entity xil_defaultlib.simulation_layer
Built simulation snapshot simulation_Layer_behav
INFO: [USF-XSim-69] 'elaborate' step finished in '2' seconds
INFO: [USF-XSim-4] XSim::Simulate design
INFO: [USF-XSim-61] Executing 'SIMULATE' step in 'C:/Users/flavi/Desktop/Perceptron_network/MLP/MLP.sim/sim_1/behav/xsim'
INFO: [USF-XSim-98] *** Running xsim
   with args "simulation_Layer_behav -key {Behavioral:sim_1:Functional:simulation_Layer} -tclbatch {simulation_Layer.tcl} -view {C:/Users/flavi/Desktop/Perceptron_network/MLP/simulation_Perceptron_CONFIG.wcfg} -log {simulate.log}"
INFO: [USF-XSim-8] Loading simulator feature
Time resolution is 1 ps
open_wave_config C:/Users/flavi/Desktop/Perceptron_network/MLP/simulation_Perceptron_CONFIG.wcfg
source simulation_Layer.tcl
# set curr_wave [current_wave_config]
# if { [string length $curr_wave] == 0 } {
#   if { [llength [get_objects]] > 0} {
#     add_wave /
#     set_property needs_save false [current_wave_config]
#   } else {
#      send_msg_id Add_Wave-1 WARNING "No top level signals found. Simulator will start without a wave window. If you want to open a wave window go to 'File->New Waveform Configuration' or type 'create_wave_config' in the TCL console."
#   }
# }
# run 1000ns
INFO: [USF-XSim-96] XSim completed. Design snapshot 'simulation_Layer_behav' loaded.
INFO: [USF-XSim-97] XSim simulation ran for 1000ns
launch_simulation: Time (s): cpu = 00:00:03 ; elapsed = 00:00:05 . Memory (MB): peak = 3948.363 ; gain = 0.000
run 16 us
